20220321,70.8,53
20220323,71.3,80分
20220328,75.0,50分
20220406,78.8,0
20220418,72.2,30分
20220427,73.5,50分
20220503,75.5,80
20220505,73.8,這篇文章沒有包含情緒相關的內容，因此無法評分。
20220513,72.0,這篇文章沒有提供任何情緒相關的內容，因此無法評分。
20220520,76.3,"**文章情緒評分：75**

這篇文章傳達的情緒整體上是正面的。它強調了積極的方面，例如希望、可能性和個人成長。文章中也包含一些鼓勵和激勵的語句，有助於提升讀者的情緒。"
20220524,75.2,50
20220606,78.0,由於提供的文章中沒有任何情緒表達，因此無法評分。
20220608,77.3,50
20220616,70.1,50
20220628,67.0,70分
20220705,64.3,0
20220706,62.1,"60分

這篇文章包含公司債發行的相關資訊，例如債券總額、利率、償還期限和用途。這些資訊對投資者來說很有用，但文章的語氣較為正式和技術性，可能難以理解。此外，文章中沒有提到任何情緒相關的資訊。"
20220711,61.8,80
20220713,60.1,由於提供的文本沒有情緒相關的內容，因此無法為其打分。
20220803,64.8,70
20220805,64.0,由於文章中沒有包含任何情緒化的內容，因此無法評分。
20220905,70.8,文章中沒有表達情緒，因此無法評分。
20220919,61.6,90
20220926,58.5,50
20221005,56.3,50分
20221013,52.5,50
20221021,52.5,70
20221104,53.2,這篇文章沒有提供任何情緒相關的資訊，因此無法評分。
20221110,54.6,0分，這是一篇公司治理公告，其中包含人事變動和財務數據。它不包含任何情緒表達，因此無法評分。
20221111,53.8,"50分 (中立)

這篇文章主要描述公司買回股份的計畫和實際執行情況。整體而言，內容較為中性，沒有表達明顯的情緒。"
20221205,55.8,由於提供的文本中不包含任何情緒相關的內容，因此無法為其評分。
20221206,55.2,50
20221213,54.1,85
20230103,50.0,50
20230105,50.0,這是一篇財務報告，不包含情緒內容，因此無法評分。
20230113,50.3,由於提供的文章中沒有任何情感表達，因此無法為其打分。
20230303,53.0,這篇文章沒有任何情緒內容，因此無法評分。
20230307,53.5,70
20230321,53.3,50
20230329,54.0,50
20230406,53.9,50
20230410,55.9,0
20230413,53.4,50
20230414,53.5,由於文章中沒有表達任何情緒，因此無法評分。
20230419,53.0,"80分

這篇文章的內容是關於股息發放的消息，整體來說是正面的，因為它宣布了將配發現金股利，這將使股東受益。此外，股息殖利率也高於3%，這也將吸引投資者。"
20230503,50.1,50分
20230505,49.7,由於提供的文章僅包含營收數據，不包含任何情緒化語句或表達，因此無法評分情緒。
20230508,46.0,25
20230515,44.5,50
20230524,46.05,抱歉，我無法為這篇文章打分，因為你沒有提供任何文章。請提供要評分的文章，我將很樂意為您打分。
20230601,52.0,50
20230602,52.6,85
20230605,55.6,75
20230606,56.7,50
20230607,60.7,50分
20230612,62.0,50分
20230615,59.9,50
20230616,62.1,40
20230621,60.7,50
20230626,58.4,50
20230630,58.5,50
20230704,58.0,50分
20230705,56.4,無法評分，因為提供的文本不包含任何情緒訊息。
20230713,57.9,"給這篇文章打分數：0分

這是一份財務報告，不包含任何情緒化的內容。"
20230714,60.8,70
20230717,63.4,50
20230718,62.3,50
20230724,63.0,50
20230725,64.5,50分（中立）
20230731,69.4,55分
20230801,64.1,50
20230804,71.5,60
20230807,78.8,75分
20230808,72.0,50
20230810,68.0,50
20230811,68.3,50
20230815,69.7,50
20230816,72.8,50
20230817,72.9,70
20230823,76.7,50
20230824,76.2,50分
20230825,74.9,50
20230904,69.1,50
20230906,69.4,文章沒有提供任何情緒相關的資訊，無法打分。
20230919,70.7,50 分（中立）
20230922,71.1,50分
20231006,64.4,50分
20231011,63.2,40
20231023,63.4,30
20231101,63.0,50
20231106,63.8,無法為這篇文章打分，因為它沒有表達任何情緒或情感。它只提供財務數據，沒有任何情緒化的語言或描述。
20231110,66.5,40
20231205,65.6,由於文章中沒有包含任何情緒相關的內容，因此無法根據這篇文章評分。
20240104,69.0,50分
20240105,72.6,由於提供的文本中沒有任何情緒內容，因此無法評分。
20240115,78.3,50
20240118,85.0,50
20240119,84.7,70
20240122,86.5,"85分

這篇文章傳達了積極的情緒，因為它強調台積電法說會釋出的利多消息，帶動半導體產業和 AI 股價上漲。文章也指出經濟數據強勁，美股指數創新高，以及台股大盤重返月季線之上。文章建議的投資策略是關注 AI 相關公司、留意投信認養的股票，以及技術面強勢的個股。文章的整體語氣是樂觀和正面的。"
20240124,87.9,70
20240215,92.1,50
20240221,95.9,這篇文章沒有包含任何情緒化內容，因此無法評分。
20240226,103.5,60
20240227,96.2,50
20240301,99.0,55
20240305,95.5,此文章沒有內含情緒信息，因此無法評分。
20240306,98.0,70
20240314,92.7,50
