Date,Open,High,Low,Close,Volume,Dividends,Stock Splits
20220103,30.803244487779693,30.902290666606063,30.407061661622944,30.605152130126953,130065,0.0,0.0
20220104,30.704198837280273,30.902291198341587,30.407062184837066,30.704198837280273,234098,0.0,0.0
20220105,30.65467694498202,30.852767418531993,30.60515290973294,30.753721237182617,57101,0.0,0.0
20220106,30.803244420798496,31.050858922751623,30.407061595503244,30.951812744140625,159500,0.0,0.0
20220107,30.951812488560492,30.951812488560492,30.456583488743526,30.90229034423828,143035,0.0,0.0
20220110,30.50610536236187,30.90229007001876,30.109922543853667,30.852766036987305,583657,0.0,0.0
20220111,30.407061661622944,30.902290666606063,30.407061661622944,30.605152130126953,151035,0.0,0.0
20220112,30.555630763632642,30.90229145378107,30.555630763632642,30.753721237182617,141301,0.0,0.0
20220113,30.803244487779693,30.803244487779693,30.506105951300583,30.605152130126953,148431,0.0,0.0
20220114,30.60515160008465,31.001334419380015,30.308014957900298,30.506105422973633,170155,0.0,0.0
20220117,30.456584330528013,31.05085952456319,30.456584330528013,30.704198837280273,105234,0.0,0.0
20220118,30.951813344032534,31.100381670254137,30.407062184837066,30.704198837280273,188557,0.0,0.0
20220119,30.506106136060502,31.00133514404297,30.506106136060502,31.00133514404297,197202,0.0,0.0
20220120,30.95181299890422,31.10038132346921,30.902290853765468,31.00133514404297,70124,0.0,0.0
20220121,30.951813270997004,31.050859451293945,30.75372091040312,31.050859451293945,327709,0.0,0.0
20220124,30.852767163501877,30.951813344032534,30.654676691589327,30.704198837280273,347087,0.0,0.0
20220125,30.60515168076,30.60515168076,30.159446716308594,30.159446716308594,453001,0.0,0.0
20220126,30.208969116210938,30.506105761694506,30.159446971679916,30.208969116210938,126157,0.0,0.0
20220207,29.961354736328126,31.00133488887176,29.961354736328126,30.951812744140625,249006,0.0,0.0
20220208,31.001335416571095,31.496564428907046,31.001335416571095,31.050859451293945,134266,0.0,0.0
20220209,31.100379787014564,32.387976277646985,31.100379787014564,32.14036178588867,501286,0.0,0.0
20220210,32.14036404178078,32.68511520622502,31.54608884201966,31.84322738647461,152766,0.0,0.0
20220211,31.595608770531193,32.14036178588867,31.595608770531193,32.14036178588867,109846,0.0,0.0
20220214,31.942271492655692,32.83368523167673,31.942271492655692,32.53654479980469,316152,0.0,0.0
20220215,32.73463745336687,32.83368552430616,32.53654508978587,32.5860710144043,310102,0.0,0.0
20220216,32.83368471742586,32.83368471742586,32.18988549618321,32.4375,178288,0.0,0.0
20220217,32.43749932799558,34.02223060827335,32.28892911746442,33.03177261352539,670616,0.0,0.0
20220218,32.93272952343571,33.873665408336244,32.23940814623019,32.53654479980469,450205,0.0,0.0
20220221,32.090840666447384,33.87366430829504,32.090840666447384,33.77461624145508,1153099,0.0,0.0
20220222,33.774616277063366,33.774616277063366,32.189884988927446,32.33845520019531,454144,0.0,0.0
20220223,32.33845596342554,32.58607046918439,32.18988574865122,32.487022399902344,83308,0.0,0.0
20220224,32.487021419501005,34.07175647551166,31.54608745950235,31.942270278930664,1177004,0.0,0.0
20220225,32.09084048922139,32.38797713150545,31.69465578064438,31.942270278930664,148016,0.0,0.0
20220301,31.942272519670507,33.13082295048057,31.645135856542407,32.73463821411133,352004,0.0,0.0
20220302,32.73463829327547,33.62605206311319,32.536545924611794,33.477481842041016,1194201,0.0,0.0
20220303,32.9822498460121,33.67557118488989,32.9822498460121,33.62604904174805,560602,0.0,0.0
20220304,33.08129791059312,33.67557118488989,32.93272770287026,33.62604904174805,256666,0.0,0.0
20220307,32.98225076577189,33.18034312216069,31.64513397216797,31.64513397216797,487305,0.0,0.0
20220308,31.69465618260714,31.69465618260714,31.10038100135351,31.298473358154297,289005,0.0,0.0
20220309,32.6851139887571,32.6851139887571,31.89274834468914,32.33845520019531,145250,0.0,0.0
20220310,32.53654361615141,33.42795732274354,32.53654361615141,33.03177261352539,279138,0.0,0.0
20220311,32.68511357316286,33.279386854083235,32.68511357316286,32.98225021362305,127137,0.0,0.0
20220314,32.9822505982225,34.07175666367753,32.9822505982225,33.77461624145508,1073981,0.0,0.0
20220315,33.97271036094536,34.170802726614234,33.22986682341026,33.37843704223633,338002,0.0,0.0
20220316,33.08129736798275,33.92318512247714,33.08129736798275,33.527000427246094,186002,0.0,0.0
20220317,33.77461561456068,34.56698502138342,33.77461561456068,34.368892669677734,591655,0.0,0.0
20220318,33.77461692785719,34.121279501396145,32.78415890911302,33.18034362792969,632325,0.0,0.0
20220321,33.37843729492096,33.77461825096031,33.32891514770324,33.42795944213867,402001,0.0,0.0
20220322,33.67557224366073,33.923186745452355,33.6260500989619,33.82414245605469,270055,0.0,0.0
20220323,33.87366485595703,34.071757214542245,33.67557249737182,33.87366485595703,417086,0.0,0.0
20220324,33.18034362792969,33.57652834674635,33.03177341379906,33.18034362792969,889006,0.0,0.0
20220325,33.18034432684974,33.87366571023448,32.288930579884,32.5860710144043,1061162,0.0,0.0
20220328,31.991792678833008,32.14036289031216,31.744178178566038,31.991792678833008,158004,0.0,0.0
20220329,31.89274719257127,32.93272729898503,31.694654844135965,32.833683013916016,994000,0.0,0.0
20220330,32.88320697796593,33.32891384206031,32.63559247327989,33.18034362792969,293456,0.0,0.0
20220331,33.229865261671115,33.3289133289993,32.784158404437896,33.081298828125,123704,0.0,0.0
20220401,32.68511565154405,33.67557370159084,32.68511565154405,33.37843704223633,1028136,0.0,0.0
20220406,32.83368352710364,33.081298021943645,32.487020967349224,32.9327278137207,361955,0.0,0.0
20220407,32.48702030264584,32.53654244494112,31.94226918080322,32.09083938598633,617000,0.0,0.0
20220408,31.89274703850794,32.28892795516745,31.79369897562011,32.09083938598633,261000,0.0,0.0
20220411,32.53654498942315,32.53654498942315,31.694657169672745,31.84322738647461,325017,0.0,0.0
20220412,31.64513376103766,31.793700193614978,31.100380729177296,31.24894905090332,626002,0.0,0.0
20220413,31.447041869163513,31.892748730055246,31.24894951117858,31.694656372070312,347022,0.0,0.0
20220414,31.94227061760246,32.33845533038007,31.546087793973566,31.64513397216797,250242,0.0,0.0
20220415,31.645134105268866,31.645134105268866,30.85276656552963,30.951812744140625,199000,0.0,0.0
20220418,30.55562966653666,31.397519344055247,30.55562966653666,30.90229034423828,657192,0.0,0.0
20220419,30.60515231548674,31.199427502895453,30.60515231548674,31.00133514404297,54000,0.0,0.0
20220420,30.902291125422913,31.14990563159089,30.902291125422913,31.050859451293945,57796,0.0,0.0
20220421,30.95181369965784,31.793701520969506,30.95181369965784,31.496564865112305,788638,0.0,0.0
20220422,31.00133482295312,31.546087859580915,31.00133482295312,31.298473358154297,194123,0.0,0.0
20220425,31.199426452300308,31.199426452300308,30.704197460993957,30.80324363708496,281479,0.0,0.0
20220426,30.75372075238975,32.338455850700896,30.75372075238975,31.744178771972656,345000,0.0,0.0
20220427,31.05085917833046,31.298473682321696,30.852766819477978,31.00133514404297,182093,0.0,0.0
20220428,31.050859705217224,31.1994280323032,30.90229137813125,31.10038185119629,75127,0.0,0.0
20220429,31.00133455164371,31.84322611610483,30.90229026325883,31.24894905090332,87000,0.0,0.0
20220503,31.1499053577567,31.347995827460444,30.902290853765468,31.00133514404297,126001,0.0,0.0
20220504,31.00133435778429,31.149904567729976,30.704197716190315,30.852766036987305,219437,0.0,0.0
20220505,30.95181261395587,32.04131490664814,30.65467596852138,31.64513397216797,333005,0.0,0.0
20220506,31.050859379642635,31.84322693104099,29.416604020534866,31.397520065307617,713023,0.0,0.0
20220509,30.803244166445143,31.59560981049281,30.55562966653666,30.90229034423828,377052,0.0,0.0
20220510,30.654676097456367,31.34799556943588,30.407061595503244,30.951812744140625,213001,0.0,0.0
20220511,30.85276656552963,31.397519603315743,30.85276656552963,30.951812744140625,23001,0.0,0.0
20220512,31.34799477186248,31.34799477186248,30.555629141431783,30.80324363708496,184001,0.0,0.0
20220513,30.55563068883146,31.1994280323032,30.55563068883146,31.10038185119629,54292,0.0,0.0
20220516,30.654676796549218,32.09084169628918,30.654676796549218,31.44704246520996,264000,0.0,0.0
20220517,31.248950178282264,31.347996359389175,31.10038185119629,31.10038185119629,87216,0.0,0.0
20220518,30.95181215377081,31.843225855118362,30.555629336032283,31.199426651000977,1050667,0.0,0.0
20220519,30.654676691589327,31.00133548972348,30.456584330528013,30.704198837280273,243181,0.0,0.0
20220520,30.704198308953323,30.902290666606063,29.862308622652275,30.605152130126953,486051,0.0,0.0
20220523,30.75372045379214,30.75372045379214,30.456583806461765,30.605152130126953,61053,0.0,0.0
20220524,30.45658387420664,30.506106019155613,30.060401047168657,30.25849151611328,456021,0.0,0.0
20220525,30.208969238281252,31.19942724609375,30.060400914939123,30.951812744140625,408659,0.0,0.0
20220526,30.90229101385155,31.149905519125525,30.308015823364258,30.308015823364258,216079,0.0,0.0
20220527,30.45658450772455,31.44704254049608,30.258492145510736,31.10038185119629,554100,0.0,0.0
20220530,31.347996030699047,32.04131551288026,31.100381525102453,31.397520065307617,1032102,0.0,0.0
20220531,31.49656426707693,32.189885636444465,31.199427616861556,31.744178771972656,269293,0.0,0.0
20220601,31.694656440706616,31.84322665409142,31.34799575805664,31.34799575805664,95470,0.0,0.0
20220602,31.397520319349454,32.239408133870704,31.397520319349454,31.44704246520996,582199,0.0,0.0
20220606,31.54608864607975,31.843227188689102,31.397520319349454,31.44704246520996,465000,0.0,0.0
20220607,31.496564865112305,31.843227445527013,31.199428209255103,31.496564865112305,318225,0.0,0.0
20220608,31.496564082292704,31.84322665409142,31.199427433820574,31.34799575805664,321000,0.0,0.0
20220609,31.347996537183704,31.64513508218969,31.347996537183704,31.496564865112305,74150,0.0,0.0
20220610,31.14990439012998,32.18988451892818,30.951812037430948,31.89274787902832,409755,0.0,0.0
20220613,31.24894985063066,31.892749076500806,31.19942770517084,31.397520065307617,254100,0.0,0.0
20220614,31.397520514366576,32.09084189561268,30.902291496090438,31.84322738647461,335000,0.0,0.0
20220615,31.546088900521028,31.892749591786952,31.496564865112305,31.496564865112305,160188,0.0,0.0
20220616,31.69465618260714,31.744178327232973,31.199427179753904,31.298473358154297,222109,0.0,0.0
20220617,31.496564865112305,31.69465722844963,31.248950355515042,31.496564865112305,290133,0.0,0.0
20220620,31.546087926657872,31.546087926657872,30.951812744140625,30.951812744140625,50217,0.0,0.0
20220621,31.10038202758644,31.793701520969506,31.00133584591778,31.496564865112305,346625,0.0,0.0
20220622,31.69465671636403,31.892749076500806,31.19942770517084,31.397520065307617,114500,0.0,0.0
20220623,31.397518944788573,31.991792225692883,31.34799491194742,31.54608726501465,332190,0.0,0.0
20220624,31.793700661914045,31.991793019898978,31.54608804815598,31.694656372070312,156101,0.0,0.0
20220627,31.793701171875,32.14036374848336,31.595610699861492,31.793701171875,266000,0.0,0.0
20220628,31.59561098818776,32.28893048028508,31.49656480670278,31.84322738647461,377120,0.0,0.0
20220629,31.595609603500126,31.942270278930664,31.595609603500126,31.942270278930664,87300,0.0,0.0
20220630,31.793699230448652,32.5365427057236,31.248948104239822,32.14036178588867,461033,0.0,0.0
20220701,31.843225855118362,32.04131443026459,31.050858330492616,31.199426651000977,329425,0.0,0.0
20220704,31.19942770517084,31.84322693104099,30.75372083943747,31.397520065307617,440515,0.0,0.0
20220705,32.04131490664814,32.09084082946842,31.100380936673115,31.64513397216797,363000,0.0,0.0
20220706,31.397518944788573,31.991792225692883,31.149904448028877,31.54608726501465,462000,0.0,0.0
20220707,31.645134734726444,32.28893018563192,31.05085954038839,31.793701171875,762001,0.0,0.0
20220708,31.645133382728872,32.38797687162722,31.496563173630257,31.89274787902832,400103,0.0,0.0
20220711,31.99179388430683,31.99179388430683,31.496564865112305,31.496564865112305,180000,0.0,0.0
20220712,31.496563173630257,32.041314309829566,31.14990439012998,31.89274787902832,714000,0.0,0.0
20220713,32.18988469784437,33.13082054467161,31.79369999024425,32.2889289855957,1515230,0.0,0.0
20220714,32.09084108804018,32.68511438369751,31.595610193077846,31.694656372070312,659939,0.0,0.0
20220715,31.595610193077846,32.18988537788391,31.24894951117858,31.694656372070312,771001,0.0,0.0
20220718,31.69465662665301,32.090841345805174,31.546088301545325,31.744178771972656,268004,0.0,0.0
20220719,32.090842912118426,32.48702387231018,31.59561198900663,32.041316986083984,618002,0.0,0.0
20220720,32.18988444221097,32.58606914666482,31.89274780301926,32.23940658569336,576000,0.0,0.0
20220721,32.14036309822886,32.387977600097656,31.991792885788605,32.387977600097656,101000,0.0,0.0
20220722,32.14036360315895,32.487022399902344,31.991793388384636,32.487022399902344,309000,0.0,0.0
20220725,32.487023195892085,32.98225221954379,32.189886537360586,32.63559341430664,435176,0.0,0.0
20220726,32.68511306383264,33.13081990672618,32.38797642800271,32.88320541381836,520001,0.0,0.0
20220727,32.98224969966256,32.98224969966256,32.58606877798843,32.88320541381836,179001,0.0,0.0
20220728,32.83368628735247,32.83368628735247,32.68511606663959,32.73463821411133,72127,0.0,0.0
20220729,32.83368552430616,33.229866473170595,32.288930579884,32.5860710144043,610054,0.0,0.0
20220801,32.58607126760099,32.68511556101229,32.58607126760099,32.63559341430664,66001,0.0,0.0
20220802,32.53654479980469,32.982251669315204,32.338456216286716,32.53654479980469,402288,0.0,0.0
20220803,32.53654454539461,32.98225141142006,32.437500254410075,32.487022399902344,264117,0.0,0.0
20220804,32.48702369845497,32.98225272976769,32.288931330270344,32.73463821411133,361000,0.0,0.0
20220805,32.73463821411133,33.13082295048057,32.68511606663959,32.73463821411133,239763,0.0,0.0
20220808,32.536545342597734,32.73463770771794,32.536545342597734,32.63559341430664,94000,0.0,0.0
20220809,32.53654336378408,33.18034256669563,32.53654336378408,32.98225021362305,392000,0.0,0.0
20220810,32.78415734967684,32.88320541381836,32.78415734967684,32.88320541381836,73000,0.0,0.0
20220811,32.88320515645052,32.88320515645052,32.586068522946206,32.833683013916016,127006,0.0,0.0
20220812,32.685115814208984,32.93273032795299,32.53654559464353,32.685115814208984,318003,0.0,0.0
20220815,32.833685779426844,32.833685779426844,32.536545342597734,32.63559341430664,191254,0.0,0.0
20220816,32.58607072398172,32.7346371616202,32.53654479980469,32.53654479980469,115031,0.0,0.0
20220817,32.63559261467666,32.83368497494325,32.487022399902344,32.487022399902344,189411,0.0,0.0
20220818,32.48702344755425,32.83368603377444,32.43750130046497,32.685115814208984,258114,0.0,0.0
20220819,32.536545342597734,32.68511556101229,32.536545342597734,32.63559341430664,182001,0.0,0.0
20220822,32.487022653925195,32.53654479980469,32.487022653925195,32.53654479980469,20000,0.0,0.0
20220823,32.43749974481192,32.68511424668072,32.387977600097656,32.387977600097656,163120,0.0,0.0
20220824,32.43749974481192,32.635592101966445,32.33845545538339,32.387977600097656,204354,0.0,0.0
20220825,32.58607021360907,32.635592358712934,32.4375,32.4375,29000,0.0,0.0
20220826,32.53654260211441,33.229863932489344,32.48702045957991,32.833683013916016,298555,0.0,0.0
20220829,32.58606903226363,33.130820165252175,32.487020967349224,32.9327278137207,284103,0.0,0.0
20220830,32.68511411540715,33.081298828125,32.68511411540715,33.081298828125,119578,0.0,0.0
20220831,33.081298828125,33.18034311715574,32.88320647176607,33.081298828125,203000,0.0,0.0
20220901,32.883206862529725,33.08129922124266,32.04131528257414,32.4375,577466,0.0,0.0
20220902,32.387977344518795,32.73463613308058,32.33845520019531,32.33845520019531,188500,0.0,0.0
20220905,32.338453875759996,32.338453875759996,32.09083938598633,32.09083938598633,249015,0.0,0.0
20220906,31.991792678833008,32.6355918908461,31.892748390045192,31.991792678833008,546549,0.0,0.0
20220907,31.991793824978913,32.041315971147014,31.694657169672745,31.84322738647461,411120,0.0,0.0
20220908,31.9422705344391,32.09084074591825,31.793700322959946,31.991792678833008,208534,0.0,0.0
20220912,31.9422705344391,32.18988503470607,31.892748390045192,31.991792678833008,71004,0.0,0.0
20220913,31.99179242292844,31.99179242292844,31.793700068639932,31.942270278930664,141002,0.0,0.0
20220914,31.645134227148446,31.74417851699218,31.447041869163513,31.694656372070312,229000,0.0,0.0
20220915,31.54608804815598,31.694656372070312,31.447041869163513,31.694656372070312,218000,0.0,0.0
20220916,31.447042210767435,31.496564356227253,31.347996030699047,31.397520065307617,178154,0.0,0.0
20220919,31.44704148837746,31.44704148837746,30.90229034423828,30.90229034423828,261247,0.0,0.0
20220920,30.902290009984252,31.991792286478034,30.7537198003272,31.199426651000977,396400,0.0,0.0
20220921,31.14990596258012,31.248950254780716,30.753721237182617,30.753721237182617,193110,0.0,0.0
20220922,31.199427592055915,31.199427592055915,30.60515240294891,30.65467643737793,282000,0.0,0.0
20220923,31.05085899027125,31.100381135110073,30.555629985288135,30.605152130126953,193023,0.0,0.0
20220926,30.60515280618986,30.60515280618986,29.961355463320174,30.01087760925293,239287,0.0,0.0
20220927,29.862309208566824,30.3575382232666,29.862309208566824,30.3575382232666,129000,0.0,0.0
20220928,30.35753849511486,30.902291549652077,29.713741148069772,30.407062530517578,494011,0.0,0.0
20220929,30.407061407799596,30.902290408648785,30.407061407799596,30.55562973022461,110001,0.0,0.0
20220930,30.704197460993957,31.199426452300308,30.30801464577861,30.80324363708496,287000,0.0,0.0
20221003,30.45658302307129,30.95181201531635,30.45658302307129,30.45658302307129,85598,0.0,0.0
20221004,30.555629985288135,30.75372045379214,30.456583806461765,30.605152130126953,118001,0.0,0.0
20221005,30.60515300468211,31.100382023816604,30.35753849511486,30.407062530517578,481001,0.0,0.0
20221006,30.456584676771516,30.654677040084827,30.407062530517578,30.407062530517578,80000,0.0,0.0
20221007,30.407062184837066,31.00133548972348,30.407062184837066,30.704198837280273,150855,0.0,0.0
20221011,30.50610682302545,30.50610682302545,30.258492313458202,30.407062530517578,99001,0.0,0.0
20221012,30.407060879506258,30.506105166636324,30.25849067051379,30.45658302307129,56001,0.0,0.0
20221013,30.803245447113646,30.803245447113646,29.911833588211714,30.060401916503906,403400,0.0,0.0
20221014,30.30801600430641,30.902291198341587,30.109923643245097,30.704198837280273,284000,0.0,0.0
20221017,30.407061407799596,30.803244230649202,30.25849119622587,30.55562973022461,114000,0.0,0.0
20221018,30.555629199350037,30.80324369547257,30.35753684679254,30.45658302307129,70201,0.0,0.0
20221019,30.506106294094188,30.605152474033527,30.258491788820212,30.308015823364258,106000,0.0,0.0
20221020,30.35753796875955,30.80324483391221,30.159447498029625,30.308015823364258,313085,0.0,0.0
20221021,30.407062258225842,30.456584404036313,30.30801607745613,30.3575382232666,43780,0.0,0.0
20221024,30.357537374225448,30.654675908224192,30.357537374225448,30.55562973022461,74266,0.0,0.0
20221025,30.55562945610349,30.951812275398854,30.308014957900298,30.506105422973633,277001,0.0,0.0
20221026,30.55562945610349,30.85276609828784,30.407061135011315,30.506105422973633,237001,0.0,0.0
20221027,30.55562966653666,31.10038081067584,30.55562966653666,30.90229034423828,299441,0.0,0.0
20221028,31.10038081067584,31.10038081067584,30.75372013297422,30.90229034423828,54141,0.0,0.0
20221031,30.75372013297422,31.149904844146764,30.55562966653666,30.90229034423828,108552,0.0,0.0
20221101,30.80324389310454,31.05085839081575,30.75371986007308,30.852766036987305,70666,0.0,0.0
20221102,30.65467643737793,30.902290942076785,30.506106223239616,30.65467643737793,98054,0.0,0.0
20221103,30.605152584532085,31.19942777716498,30.407062113086962,31.050859451293945,255001,0.0,0.0
20221104,30.803244487779693,30.803244487779693,30.605152130126953,30.605152130126953,68000,0.0,0.0
20221107,30.555629199350037,30.60515134291507,30.45658302307129,30.45658302307129,104000,0.0,0.0
20221108,30.45658296534078,31.199426452300308,30.407060821869614,30.80324363708496,243016,0.0,0.0
20221109,30.753719921176824,30.753719921176824,30.456583278992472,30.506105422973633,169265,0.0,0.0
20221110,30.704198653972867,30.704198653972867,30.308015823364258,30.308015823364258,115050,0.0,0.0
20221111,30.506105166636324,31.100380335160132,30.25849067051379,30.45658302307129,350001,0.0,0.0
20221114,30.605151874650044,30.753720197075054,30.45658355222503,30.55562973022461,152000,0.0,0.0
20221115,30.506106294094188,30.605152474033527,30.308015823364258,30.308015823364258,256000,0.0,0.0
20221116,30.407062608618208,30.45658475499934,30.060401916503906,30.060401916503906,294558,0.0,0.0
20221117,30.159446383383724,30.902289871751318,30.060400207104976,30.45658302307129,377000,0.0,0.0
20221118,30.50610682302545,30.852767514249354,30.407062530517578,30.407062530517578,137075,0.0,0.0
20221121,30.50610682302545,30.55563085842817,30.35753849511486,30.407062530517578,88000,0.0,0.0
20221122,30.506105166636324,30.506105166636324,30.407060879506258,30.45658302307129,78000,0.0,0.0
20221123,30.506105166636324,30.555629199350037,30.35753684679254,30.45658302307129,92001,0.0,0.0
20221124,30.506106223239616,30.7041985826582,30.456584077959345,30.65467643737793,99158,0.0,0.0
20221125,30.60515240294891,30.7041985826582,30.506106223239616,30.65467643737793,69001,0.0,0.0
20221128,30.456584077959345,30.65467643737793,30.40706193267907,30.65467643737793,64001,0.0,0.0
20221129,30.65467643737793,30.75372072793847,30.506106223239616,30.65467643737793,51445,0.0,0.0
20221130,30.704199015917432,31.14990588632413,30.704199015917432,31.10038185119629,118290,0.0,0.0
20221201,31.19942777716498,31.19942777716498,30.902291125422913,31.050859451293945,71051,0.0,0.0
20221202,31.298474213410106,31.298474213410106,30.90229137813125,31.10038185119629,88001,0.0,0.0
20221205,31.050858330492616,31.199426651000977,31.001334297557367,31.199426651000977,60000,0.0,0.0
20221206,31.248949922739072,31.248949922739072,31.001335416571095,31.050859451293945,57581,0.0,0.0
20221207,30.90229034423828,30.951812488560492,30.75372013297422,30.90229034423828,59214,0.0,0.0
20221208,30.704199091082316,30.753721237182617,30.65467694498202,30.753721237182617,25000,0.0,0.0
20221209,30.803244166445143,31.10038081067584,30.654675844329798,30.90229034423828,105000,0.0,0.0
20221212,30.90229007001876,30.951812213901526,30.852766036987305,30.852766036987305,13003,0.0,0.0
20221213,30.902290666606063,30.902290666606063,30.605152130126953,30.605152130126953,109000,0.0,0.0
20221214,30.951812213901526,31.00133435778429,30.704197716190315,30.852766036987305,41500,0.0,0.0
20221215,31.00133594091462,31.447042815214978,30.704199284146906,31.149906158447266,193606,0.0,0.0
20221216,31.14990596258012,31.14990596258012,30.704199091082316,30.753721237182617,52001,0.0,0.0
20221219,30.80324383326245,31.447041148231143,30.7537198003272,31.199426651000977,122501,0.0,0.0
20221220,30.95181215377081,31.397519004444586,30.7537198003272,31.199426651000977,160005,0.0,0.0
20221221,30.95181215377081,31.645133501674753,30.95181215377081,31.199426651000977,145001,0.0,0.0
20221222,31.248948735413805,31.694655585240728,31.100380415187725,31.54608726501465,213113,0.0,0.0
20221223,31.24894951117858,31.74417851699218,31.24894951117858,31.694656372070312,213000,0.0,0.0
20221226,31.843227095888714,31.843227095888714,31.347996192983036,31.793701171875,124373,0.0,0.0
20221227,31.892749631019562,32.83368552430616,31.793701560080272,32.5860710144043,347300,0.0,0.0
20221228,32.18988469784437,32.58606940544448,31.892748056292973,32.2889289855957,64326,0.0,0.0
20221229,31.942269335105777,32.833683013916016,31.546086527383807,32.833683013916016,232002,0.0,0.0
20221230,32.88320604699588,32.88320604699588,32.2889289855957,32.2889289855957,47257,0.0,0.0
20230103,32.09084029137519,32.09084029137519,31.397518944788573,31.54608726501465,106000,0.0,0.0
20230104,31.447042757536693,32.5860710144043,31.397520611215835,32.5860710144043,216302,0.0,0.0
20230105,32.58607177169611,32.88320843482421,32.041316814613985,32.73463821411133,364213,0.0,0.0
20230106,32.73463583707149,32.73463583707149,32.23940684172003,32.2889289855957,91002,0.0,0.0
20230109,32.28892978639093,32.78415879402452,32.18988549618321,32.4375,212002,0.0,0.0
20230110,32.387977344518795,32.83368420002496,32.14036284460396,32.33845520019531,249020,0.0,0.0
20230111,32.14036284460396,32.6851139887571,32.14036284460396,32.33845520019531,215001,0.0,0.0
20230112,32.338454987507674,32.338454987507674,31.942270278930664,31.942270278930664,110105,0.0,0.0
20230113,32.04131456692622,32.43749927550323,31.843225990935107,31.942270278930664,164136,0.0,0.0
20230116,32.041316986083984,32.239409355328704,31.991794838347225,32.041316986083984,75015,0.0,0.0
20230117,32.041314487919976,32.4374991955201,32.041314487919976,32.2889289855957,89979,0.0,0.0
20230130,32.28892847196683,32.387976536439965,32.04131397822997,32.189884185791016,68918,0.0,0.0
20230131,32.1403625539687,32.4374991955201,32.1403625539687,32.2889289855957,53500,0.0,0.0
20230201,32.28892872917575,32.3879767944379,32.18988444221097,32.23940658569336,108520,0.0,0.0
20230202,32.189883928580876,32.23940607127308,31.991791579514764,32.14036178588867,111287,0.0,0.0
20230203,32.041314309829566,32.041314309829566,31.744177669929705,31.89274787902832,131005,0.0,0.0
20230206,31.843225735427904,32.14036237532777,31.843225735427904,31.89274787902832,51003,0.0,0.0
20230207,31.991792089984045,32.63559129014721,31.991792089984045,32.23940658569336,270116,0.0,0.0
20230208,32.23940684172003,32.38797705164443,32.1403625539687,32.2889289855957,70004,0.0,0.0
20230209,31.942269946501654,32.338454650955505,31.942269946501654,32.23940658569336,51065,0.0,0.0
20230210,32.28892847196683,32.33845439335206,32.189884185791016,32.189884185791016,51004,0.0,0.0
20230213,32.189884185791016,32.53654296570368,32.189884185791016,32.189884185791016,83104,0.0,0.0
20230214,32.239407641287066,32.98225115273745,32.140363351079344,32.4375,295335,0.0,0.0
20230215,32.58606928577526,33.13082042300183,32.43749907639648,32.98225021362305,432342,0.0,0.0
20230216,33.13082042300183,33.18034256669563,32.98225021362305,32.98225021362305,168099,0.0,0.0
20230217,32.98225034822207,33.87366405153782,32.88320606043027,33.725093841552734,786390,0.0,0.0
20230220,34.26984434849618,35.06221374939566,33.87366342634376,34.31937026977539,827287,0.0,0.0
20230221,34.31937233766735,35.111738008013,34.31937233766735,34.715553283691406,434234,0.0,0.0
20230222,34.61650829323426,37.73644876569385,34.26984572187377,36.74599075317383,2556302,0.0,0.0
20230223,36.795518240019504,39.91545884505725,36.795518240019504,39.222137451171875,4384133,0.0,0.0
20230224,39.0735685455094,39.0735685455094,37.78597391138929,38.03358840942383,965638,0.0,0.0
20230301,37.439313992306126,37.73645065528124,36.84504066635589,37.092655181884766,447610,0.0,0.0
20230302,36.845039473076895,38.72690746317076,36.69646925725216,37.58788299560547,1531830,0.0,0.0
20230303,37.63740285868029,38.13263184366292,36.25076018940998,36.4488525390625,1039632,0.0,0.0
20230306,36.64694741238799,36.74599170488622,36.05267410080343,36.20124053955078,525460,0.0,0.0
20230307,36.34980850940207,36.99360392743545,36.30028636621447,36.498374938964844,503002,0.0,0.0
20230308,36.64694804851724,37.19169922330864,36.349811387567165,37.04313278198242,444348,0.0,0.0
20230309,37.29074516386892,37.488833740978926,36.448853597961715,36.64694595336914,446558,0.0,0.0
20230310,36.74598984786503,36.795515769908846,35.45839521897089,35.85457992553711,723056,0.0,0.0
20230313,35.45839452469112,35.65648687409556,34.86412125477512,35.01268768310547,554004,0.0,0.0
20230314,35.161260153978816,35.26030444591044,34.66603113772559,34.715553283691406,357261,0.0,0.0
20230315,35.012689166151546,35.012689166151546,34.41841587106367,34.566986083984375,230272,0.0,0.0
20230316,34.56698674043274,34.56698674043274,33.72509514838984,33.97270965576172,306101,0.0,0.0
20230317,34.8641223091931,35.805058163598524,34.81460016491859,35.21078109741211,405795,0.0,0.0
20230320,35.26030550850307,35.65649024476396,34.81460240308166,34.91364669799805,218002,0.0,0.0
20230321,35.06221334632558,35.161257631150754,34.91364314079053,34.963165283203125,121173,0.0,0.0
20230322,35.062215461121646,35.606966617111624,35.062215461121646,35.359352111816406,118238,0.0,0.0
20230323,35.309828907550596,35.359351051465076,35.161258697509766,35.161258697509766,125640,0.0,0.0
20230324,35.21078255713676,35.21078255713676,34.66603139093867,34.76507568359375,247250,0.0,0.0
20230327,34.81460215099609,34.91364644519532,34.715554078499224,34.8641242980957,164002,0.0,0.0
20230328,35.06221611815414,35.06221611815414,34.76507568359375,34.76507568359375,174001,0.0,0.0
20230329,34.81460240308166,35.854582612894404,34.7650764773258,34.91364669799805,165001,0.0,0.0
20230330,34.963168592294934,35.16126095899103,34.76507622559884,34.8641242980957,142009,0.0,0.0
20230331,34.86412404493338,35.06221641019104,34.76507597315574,34.81460189819336,89471,0.0,0.0
20230406,35.01268887054264,35.01268887054264,34.418415580472164,34.517459869384766,195132,0.0,0.0
20230407,34.61650924461113,34.76507568359375,34.517461173658475,34.76507568359375,105711,0.0,0.0
20230410,34.81460016491859,35.35935130853307,34.81460016491859,35.21078109741211,153915,0.0,0.0
20230411,35.210781643531384,35.45839614704187,35.210781643531384,35.30982971191406,97170,0.0,0.0
20230412,35.359353494056016,36.34981155395508,35.359353494056016,36.34981155395508,374034,0.0,0.0
20230413,36.64694595336914,36.696468097646644,35.90410245431436,36.64694595336914,427381,0.0,0.0
20230414,36.64694595336914,36.94408259733157,36.39933145368421,36.64694595336914,403251,0.0,0.0
20230417,36.59742406402655,36.894560710058805,36.59742406402655,36.696468353271484,206368,0.0,0.0
20230418,36.696468898758724,37.29074597795452,36.646946753400115,36.79551696777344,338253,0.0,0.0
20230419,36.84503738742089,37.63740301093909,36.84503738742089,37.19169616699219,755927,0.0,0.0
20230420,37.191698422127295,37.191698422127295,36.84503962153619,36.894561767578125,347415,0.0,0.0
20230421,36.94408496124838,37.24122162422349,36.94408496124838,37.092655181884766,432746,0.0,0.0
20230424,37.092652936312234,38.72690637288723,36.94408272467022,37.38978958129883,574551,0.0,0.0
20230425,37.38978958129883,37.885018582375636,37.19169722520862,37.38978958129883,282000,0.0,0.0
20230426,37.389788155485064,37.93453928023664,37.389788155485064,37.83549499511719,183844,0.0,0.0
20230427,37.83549499511719,37.83549499511719,37.587880504021264,37.83549499511719,72900,0.0,0.0
20230428,37.83549499511719,37.83549499511719,37.34026601292533,37.83549499511719,184370,0.0,0.0
20230502,37.83549564987513,38.67738342285156,37.83549564987513,38.67738342285156,445446,0.0,0.0
20230503,38.67738342285156,38.97452006164929,38.380246784053845,38.67738342285156,396237,0.0,0.0
20230504,38.6773860271617,39.17261505126953,38.47929366185905,39.17261505126953,297200,0.0,0.0
20230505,39.17261358839343,41.401144113655604,39.17261358839343,41.05448532104492,1179859,0.0,0.0
20230508,41.15352997915322,41.84685134887695,40.95543761947537,41.84685134887695,673594,0.0,0.0
20230509,41.896372433323165,42.837308284243484,41.45066557990855,41.64875793457031,653920,0.0,0.0
20230510,41.64875848129248,42.738264557085394,41.599236336551314,41.747806549072266,582053,0.0,0.0
20230511,41.69827982224108,42.04494238534175,41.30209889365125,41.59923553466797,329020,0.0,0.0
20230512,41.599237202310725,42.78778759232197,41.599237202310725,42.639217376708984,387593,0.0,0.0
20230515,42.639218015222475,43.580153912167425,41.89637448262871,43.481109619140625,768358,0.0,0.0
20230516,43.48110942773986,44.3725193959499,43.183968993372275,44.1744270324707,564136,0.0,0.0
20230517,44.47156801288414,45.01631918541751,44.174427574868105,44.273475646972656,781238,0.0,0.0
20230518,44.12490433973822,45.85820588669549,43.58015318063973,45.51154708862305,1269453,0.0,0.0
20230519,45.75916159533123,46.254390608747585,44.818225714180635,45.51154708862305,1066716,0.0,0.0
20230522,45.51154708862305,45.709639449649096,45.164884512253074,45.51154708862305,363176,0.0,0.0
20230523,45.31345533001655,46.8981866826981,45.01631867367596,46.35343551635742,1082275,0.0,0.0
20230524,46.353435769648655,47.54198617980326,46.353435769648655,46.402957916259766,1677082,0.0,0.0
20230525,46.55152604723704,46.947710758958024,45.61059019062276,46.00677490234375,1987157,0.0,0.0
20230526,46.30391154819065,46.30391154819065,44.27347340173696,44.57061004638672,4044400,0.0,0.0
20230529,44.322995546129015,44.71918025786031,43.827766545613606,44.57061004638672,271850,0.0,0.0
20230530,44.5706107312929,44.669655021599006,43.67919700534805,43.97633743286133,318638,0.0,0.0
20230531,43.976336755942896,46.30391154698577,43.976336755942896,46.00677490234375,624738,0.0,0.0
20230601,46.00677552907414,47.987691558069386,46.00677552907414,46.848663330078125,762426,0.0,0.0
20230602,46.848662814398345,48.48292003164957,46.848662814398345,48.18578338623047,838617,0.0,0.0
20230605,48.334351233706975,49.27528712030702,47.78960007145354,49.17624282836914,874311,0.0,0.0
20230606,49.07719467733403,50.81049623147608,48.879102315486854,50.612403869628906,1421190,0.0,0.0
20230607,50.81049386488503,51.70190756252932,50.711449577723386,51.60285949707031,1249700,0.0,0.0
20230608,51.999046325683594,53.48473336356027,51.30572495234831,51.999046325683594,1316786,0.0,0.0
20230609,52.69236662729121,53.18759562984414,50.711450617079485,51.80095291137695,1236953,0.0,0.0
20230612,51.602862092519224,51.602862092519224,49.820038385858034,49.91908645629883,1173369,0.0,0.0
20230613,50.117174708329195,51.80095411168439,49.52290140281443,51.30572509765625,887370,0.0,0.0
20230614,51.10763117199983,51.70190823762152,50.71145023988279,51.00858688354492,571930,0.0,0.0
20230615,51.10763209080489,52.19713817488292,51.00858780056938,51.900001525878906,445489,0.0,0.0
20230616,51.80095382212414,53.08854849574033,51.80095382212414,52.69236755371094,582814,0.0,0.0
20230619,52.692368603906004,53.88091901027785,52.39523194688744,52.89046096801758,688260,0.0,0.0
20230620,52.89046062615193,55.267557645233296,52.89046062615193,54.277099609375,1425399,0.0,0.0
20230621,54.77232847512156,58.932252969827736,54.27709945856839,54.970420837402344,2790702,0.0,0.0
20230626,55.06946248903617,55.663739547385326,53.48473122336648,54.475189208984375,1494544,0.0,0.0
20230627,54.47519248839069,54.57423678159599,52.197139739990234,52.197139739990234,1459261,0.0,0.0
20230628,52.98950435093471,53.088548642140815,51.999046325683594,51.999046325683594,780791,0.0,0.0
20230629,52.098089427033216,52.69236649558984,51.90000084914511,52.4942741394043,2309526,0.0,0.0
20230630,52.890457781630126,52.890457781630126,51.999044085980096,52.296180725097656,1212902,0.0,0.0
20230703,52.39523067538012,52.49427496588355,50.018129920323005,51.20668029785156,882369,0.0,0.0
20230704,51.20668150491671,51.20668150491671,49.91908680653301,50.71145248413086,426712,0.0,0.0
20230705,50.711450747268636,51.30572404053883,50.6124026795253,51.10763168334961,208288,0.0,0.0
20230706,51.20667975109294,51.50381639772804,51.00858739390373,51.10763168334961,282001,0.0,0.0
20230707,51.00858808031269,51.00858808031269,49.82003769948086,50.51335906982422,253135,0.0,0.0
20230710,50.711451288739454,51.4047726571559,50.513358929435114,51.20668029785156,247889,0.0,0.0
20230711,51.305724588354984,51.70190930696367,51.20668029785156,51.20668029785156,233002,0.0,0.0
20230712,51.00858793854722,51.90000166626801,50.612403219938535,51.20668029785156,388300,0.0,0.0
20230713,51.10763273638548,51.50381745892701,50.8104960836281,51.30572509765625,294150,0.0,0.0
20230714,51.50381835266029,52.593320691109064,51.008589330038554,52.197139739990234,880031,0.0,0.0
20230717,52.49427585077542,52.989504868235564,51.800954470671705,52.09809112548828,372499,0.0,0.0
20230718,52.890459541423944,52.890459541423944,50.71145115156537,51.900001525878906,404661,0.0,0.0
20230719,52.400001525878906,52.400001525878906,50.900001525878906,51.400001525878906,373160,0.5,0.0
20230720,51.400001525878906,52.900001525878906,51.400001525878906,52.29999923706055,151043,0.0,0.0
20230721,52.29999923706055,52.400001525878906,51.29999923706055,51.900001525878906,187843,0.0,0.0
20230724,51.5,51.5,50.29999923706055,51.20000076293945,223600,0.0,0.0
20230725,51.099998474121094,51.5,50.79999923706055,51.20000076293945,225613,0.0,0.0
20230726,51.099998474121094,51.5,50.599998474121094,51.0,97957,0.0,0.0
20230727,51.0,51.0,50.599998474121094,50.70000076293945,125425,0.0,0.0
20230728,51.400001525878906,52.29999923706055,50.599998474121094,51.5,136036,0.0,0.0
20230731,51.29999923706055,52.5,51.099998474121094,51.5,121050,0.0,0.0
20230801,51.5,51.70000076293945,51.099998474121094,51.5,68646,0.0,0.0
20230802,51.5,51.900001525878906,50.400001525878906,50.400001525878906,225000,0.0,0.0
20230804,51.20000076293945,51.900001525878906,50.5,50.900001525878906,203450,0.0,0.0
20230807,50.900001525878906,50.900001525878906,50.5,50.70000076293945,73000,0.0,0.0
20230808,50.400001525878906,51.0,50.400001525878906,50.79999923706055,103006,0.0,0.0
20230809,50.79999923706055,51.5,50.599998474121094,51.400001525878906,93051,0.0,0.0
20230810,51.400001525878906,51.70000076293945,50.400001525878906,51.0,229001,0.0,0.0
20230811,52.0,56.099998474121094,51.70000076293945,56.099998474121094,1783763,0.0,0.0
20230814,57.0,57.70000076293945,54.0,54.79999923706055,1553300,0.0,0.0
20230815,55.29999923706055,55.599998474121094,54.29999923706055,54.599998474121094,347699,0.0,0.0
20230816,54.599998474121094,54.599998474121094,52.099998474121094,53.0,409809,0.0,0.0
20230817,52.20000076293945,54.79999923706055,51.900001525878906,54.400001525878906,304109,0.0,0.0
20230818,53.599998474121094,54.29999923706055,52.5,53.5,232058,0.0,0.0
20230821,53.79999923706055,55.0,53.20000076293945,53.5,261468,0.0,0.0
20230822,53.5,53.900001525878906,53.0,53.099998474121094,116127,0.0,0.0
20230823,53.5,54.70000076293945,53.20000076293945,54.0,239883,0.0,0.0
20230824,54.79999923706055,55.0,53.900001525878906,54.79999923706055,244391,0.0,0.0
20230825,56.0,59.5,56.0,58.400001525878906,2129064,0.0,0.0
20230828,58.5,59.79999923706055,56.599998474121094,59.20000076293945,1722548,0.0,0.0
20230829,57.5,59.400001525878906,54.900001525878906,59.099998474121094,1189402,0.0,0.0
20230830,58.70000076293945,58.70000076293945,56.599998474121094,58.20000076293945,737464,0.0,0.0
20230831,58.79999923706055,58.79999923706055,57.0,57.29999923706055,2554233,0.0,0.0
20230901,56.5,57.0,54.0,54.0,1041046,0.0,0.0
20230904,54.79999923706055,54.79999923706055,53.0,53.099998474121094,375036,0.0,0.0
20230905,53.099998474121094,53.400001525878906,52.900001525878906,53.29999923706055,192244,0.0,0.0
20230906,53.0,53.099998474121094,51.5,51.70000076293945,413589,0.0,0.0
20230907,51.0,51.400001525878906,50.70000076293945,51.0,271100,0.0,0.0
20230908,51.0,51.29999923706055,50.599998474121094,50.900001525878906,168082,0.0,0.0
20230911,51.0,51.400001525878906,50.70000076293945,50.79999923706055,178864,0.0,0.0
20230912,50.79999923706055,51.29999923706055,50.599998474121094,50.599998474121094,199425,0.0,0.0
20230913,50.70000076293945,51.099998474121094,50.400001525878906,50.599998474121094,146465,0.0,0.0
20230914,50.70000076293945,51.0,50.20000076293945,50.400001525878906,280251,0.0,0.0
20230915,50.5,52.0,50.29999923706055,52.0,261384,0.0,0.0
20230918,52.0,52.0,51.20000076293945,51.29999923706055,104056,0.0,0.0
20230919,51.5,52.0,51.20000076293945,52.0,129052,0.0,0.0
20230920,52.0,53.900001525878906,51.70000076293945,53.0,314912,0.0,0.0
20230921,52.599998474121094,52.599998474121094,50.70000076293945,50.900001525878906,287217,0.0,0.0
20230922,50.79999923706055,50.900001525878906,50.29999923706055,50.79999923706055,164000,0.0,0.0
20230925,50.79999923706055,51.099998474121094,50.70000076293945,51.0,62024,0.0,0.0
20230926,51.0,51.0,50.599998474121094,50.70000076293945,65000,0.0,0.0
20230927,50.70000076293945,51.400001525878906,50.70000076293945,51.0,111220,0.0,0.0
20230928,51.099998474121094,51.599998474121094,51.0,51.5,123333,0.0,0.0
20231002,51.599998474121094,52.0,51.20000076293945,51.599998474121094,106002,0.0,0.0
20231003,51.400001525878906,51.70000076293945,50.70000076293945,51.29999923706055,152126,0.0,0.0
20231004,51.0,51.0,50.5,50.599998474121094,124110,0.0,0.0
20231005,50.900001525878906,51.29999923706055,50.79999923706055,51.0,59001,0.0,0.0
20231006,51.20000076293945,51.20000076293945,50.900001525878906,50.900001525878906,31050,0.0,0.0
20231011,50.900001525878906,51.400001525878906,50.900001525878906,51.20000076293945,94000,0.0,0.0
20231012,51.0,51.900001525878906,51.0,51.900001525878906,145911,0.0,0.0
20231013,51.400001525878906,51.900001525878906,51.099998474121094,51.20000076293945,66001,0.0,0.0
20231016,51.099998474121094,51.29999923706055,50.400001525878906,50.599998474121094,141189,0.0,0.0
20231017,50.599998474121094,50.599998474121094,50.099998474121094,50.20000076293945,109286,0.0,0.0
20231018,50.20000076293945,50.400001525878906,49.849998474121094,50.099998474121094,111054,0.0,0.0
20231019,49.79999923706055,49.79999923706055,49.0,49.099998474121094,164021,0.0,0.0
20231020,49.04999923706055,49.04999923706055,47.70000076293945,48.099998474121094,238038,0.0,0.0
20231023,47.25,48.5,47.25,47.95000076293945,97000,0.0,0.0
20231024,47.70000076293945,48.099998474121094,47.349998474121094,48.0,94001,0.0,0.0
20231025,48.099998474121094,48.29999923706055,47.75,48.25,73178,0.0,0.0
20231026,48.0,48.0,47.29999923706055,47.29999923706055,99015,0.0,0.0
20231027,47.0,47.75,47.0,47.25,107789,0.0,0.0
20231030,47.099998474121094,47.70000076293945,47.0,47.70000076293945,73500,0.0,0.0
20231031,47.29999923706055,47.5,47.0,47.29999923706055,123048,0.0,0.0
20231101,47.650001525878906,48.400001525878906,47.5,47.5,80141,0.0,0.0
20231102,47.75,48.599998474121094,47.75,48.349998474121094,88242,0.0,0.0
20231103,48.599998474121094,49.400001525878906,48.29999923706055,48.5,80518,0.0,0.0
20231106,48.54999923706055,49.900001525878906,48.54999923706055,49.5,117002,0.0,0.0
20231107,50.099998474121094,50.79999923706055,49.70000076293945,50.099998474121094,109110,0.0,0.0
20231108,50.29999923706055,50.29999923706055,49.25,49.849998474121094,78100,0.0,0.0
20231109,49.29999923706055,49.849998474121094,49.29999923706055,49.650001525878906,107990,0.0,0.0
20231110,49.150001525878906,49.400001525878906,48.29999923706055,48.650001525878906,126461,0.0,0.0
20231113,49.099998474121094,49.099998474121094,47.650001525878906,47.650001525878906,104001,0.0,0.0
20231114,47.650001525878906,47.70000076293945,47.20000076293945,47.25,116202,0.0,0.0
20231115,47.5,48.04999923706055,47.25,47.75,210978,0.0,0.0
20231116,48.099998474121094,50.5,48.099998474121094,48.900001525878906,318600,0.0,0.0
20231117,49.400001525878906,51.79999923706055,49.400001525878906,50.0,711836,0.0,0.0
20231120,49.45000076293945,49.5,48.45000076293945,48.5,393265,0.0,0.0
20231121,48.75,49.0,48.400001525878906,48.70000076293945,157132,0.0,0.0
20231122,49.150001525878906,50.099998474121094,48.20000076293945,48.20000076293945,238022,0.0,0.0
20231123,48.20000076293945,48.599998474121094,47.45000076293945,48.150001525878906,282397,0.0,0.0
20231124,48.0,48.0,47.400001525878906,47.75,162001,0.0,0.0
20231127,47.75,47.79999923706055,47.25,47.25,148070,0.0,0.0
20231128,47.349998474121094,48.400001525878906,47.29999923706055,47.599998474121094,152002,0.0,0.0
20231129,47.599998474121094,48.0,47.45000076293945,47.599998474121094,92779,0.0,0.0
20231130,47.95000076293945,48.79999923706055,47.5,48.79999923706055,284100,0.0,0.0
20231201,48.900001525878906,48.900001525878906,48.099998474121094,48.25,154001,0.0,0.0
20231204,48.25,48.400001525878906,48.099998474121094,48.20000076293945,107758,0.0,0.0
20231205,48.04999923706055,48.900001525878906,48.04999923706055,48.849998474121094,135061,0.0,0.0
20231206,48.849998474121094,49.29999923706055,48.599998474121094,48.70000076293945,186051,0.0,0.0
20231207,48.5,49.400001525878906,48.400001525878906,48.45000076293945,119188,0.0,0.0
20231208,48.70000076293945,48.70000076293945,48.29999923706055,48.599998474121094,128115,0.0,0.0
20231211,48.45000076293945,48.54999923706055,48.150001525878906,48.150001525878906,81424,0.0,0.0
20231212,48.150001525878906,48.29999923706055,47.900001525878906,48.25,204839,0.0,0.0
20231213,48.0,48.20000076293945,47.900001525878906,48.0,123010,0.0,0.0
20231214,48.0,49.29999923706055,48.0,49.20000076293945,288545,0.0,0.0
20231215,49.04999923706055,49.650001525878906,48.849998474121094,49.650001525878906,222649,0.0,0.0
20231218,49.650001525878906,49.650001525878906,48.900001525878906,48.95000076293945,105000,0.0,0.0
20231219,48.900001525878906,49.29999923706055,48.29999923706055,49.04999923706055,143412,0.0,0.0
20231220,49.04999923706055,49.20000076293945,48.79999923706055,48.849998474121094,201068,0.0,0.0
20231221,48.79999923706055,49.400001525878906,48.79999923706055,49.29999923706055,198001,0.0,0.0
20231222,49.0,49.70000076293945,49.0,49.20000076293945,152001,0.0,0.0
20231225,49.0,49.150001525878906,48.70000076293945,48.95000076293945,92001,0.0,0.0
20231226,48.79999923706055,49.400001525878906,48.79999923706055,49.400001525878906,114364,0.0,0.0
20231227,49.29999923706055,49.5,48.95000076293945,49.349998474121094,110389,0.0,0.0
20231228,49.04999923706055,49.70000076293945,48.95000076293945,49.650001525878906,147551,0.0,0.0
20231229,49.650001525878906,50.79999923706055,49.45000076293945,49.45000076293945,246222,0.0,0.0
