Date,Open,High,Low,Close,Volume
2023-10-17 10:00:00,16743.0,16753.0,16738.0,16742.0,4460
2023-10-17 10:05:00,16742.0,16744.0,16716.0,16721.0,5946
2023-10-17 10:10:00,16721.0,16733.0,16719.0,16728.0,2550
2023-10-17 10:15:00,16730.0,16734.0,16723.0,16723.0,1752
2023-10-17 10:20:00,16723.0,16724.0,16713.0,16720.0,3588
2023-10-17 10:25:00,16720.0,16727.0,16717.0,16727.0,1658
2023-10-17 10:30:00,16727.0,16729.0,16716.0,16719.0,1816
2023-10-17 10:35:00,16719.0,16720.0,16705.0,16707.0,5412
2023-10-17 10:40:00,16707.0,16725.0,16706.0,16724.0,3144
2023-10-17 10:45:00,16722.0,16724.0,16713.0,16720.0,1684
2023-10-17 10:50:00,16720.0,16722.0,16714.0,16715.0,982
2023-10-17 10:55:00,16716.0,16717.0,16707.0,16709.0,1856
