20210412,72.0
20210413,74.0
20210414,68.0
20210415,66.2
20210416,62.8
20210419,69.0
20210420,69.0
20210421,67.6
20210422,67.2
20210423,65.2
20210426,63.3
20210427,64.8
20210428,63.3
20210429,62.2
20210503,60.8
20210504,58.1
20210505,54.0
20210506,55.9
20210507,55.0
20210510,55.2
20210511,57.7
20210512,59.8
20210513,50.5
20210514,50.7
20210517,46.45
20210518,46.2
20210519,51.1
20210520,51.5
20210521,50.5
20210524,50.5
20210525,50.5
20210526,49.9
20210527,50.0
20210528,51.2
20210531,54.9
20210601,54.3
20210602,54.5
20210603,55.0
20210604,55.1
20210607,55.0
20210608,53.0
20210609,52.7
20210610,51.9
20210611,52.0
20210615,52.5
20210616,54.5
20210617,53.5
20210618,56.0
20210621,58.2
20210622,66.0
20210623,73.5
20210624,67.1
20210625,71.0
20210628,68.0
20210629,71.0
20210630,71.0
20210701,71.0
20210702,67.2
20210705,65.6
20210706,65.1
20210707,64.0
20210708,61.8
20210709,62.8
20210712,63.6
20210713,64.7
20210714,60.8
20210715,59.3
20210716,61.4
20210719,60.0
20210720,59.8
20210721,59.1
20210722,57.6
20210723,57.0
20210726,57.8
20210727,56.1
20210728,54.6
20210729,54.7
20210730,57.0
20210802,55.4
20210803,56.5
20210804,55.9
20210805,56.0
20210806,54.8
20210809,54.6
20210810,55.3
20210811,54.3
20210812,54.5
20210813,54.5
20210816,53.4
20210817,52.1
20210818,50.7
20210819,52.4
20210820,50.6
20210823,51.2
20210824,52.8
20210825,52.4
20210826,52.9
20210827,53.1
20210830,52.7
20210831,52.1
20210901,51.9
20210902,51.5
20210903,51.0
20210906,50.7
20210907,50.8
20210908,51.0
20210909,50.3
20210910,51.6
20210913,51.8
20210914,52.2
20210915,51.1
20210916,51.3
20210917,50.6
20210922,50.3
20210923,50.4
20210924,50.8
20210927,50.3
20210928,50.3
20210929,50.0
20210930,49.95
20211001,50.0
20211004,49.2
20211005,47.1
20211006,48.55
20211007,48.5
20211008,48.95
20211012,48.5
20211013,47.95
20211014,47.55
20211015,47.6
20211018,47.55
20211019,47.75
20211020,47.8
20211021,48.5
20211022,49.75
20211025,49.25
20211026,49.65
20211027,49.35
20211028,48.6
20211029,48.6
20211101,49.0
20211102,49.8
20211103,49.4
20211104,50.4
20211105,49.7
20211108,50.2
20211109,51.7
20211110,51.1
20211111,51.2
20211112,52.3
20211115,51.3
20211116,50.7
20211117,51.1
20211118,50.9
20211119,51.8
20211122,51.2
20211123,51.7
20211124,52.5
20211125,54.4
20211126,53.8
20211129,51.3
20211130,52.0
20211201,52.3
20211202,52.5
20211203,53.1
20211206,52.7
20211207,52.5
20211208,54.4
20211209,54.7
20211210,54.9
20211213,56.5
20211214,55.4
20211215,55.2
20211216,55.4
20211217,55.2
20211220,55.7
20211221,56.0
20211222,55.6
20211223,55.1
20211224,54.7
20211227,55.5
20211228,54.5
20211229,55.1
20211230,55.2
20220103,55.3
20220104,55.4
20220105,55.0
20220106,55.3
20220107,56.6
20220110,55.8
20220111,55.2
20220112,55.4
20220113,54.2
20220114,54.8
20220117,53.3
20220118,53.0
20220119,53.0
20220120,53.4
20220121,53.7
20220124,52.7
20220125,52.0
20220126,50.9
20220207,51.9
20220208,54.5
20220209,54.8
20220210,54.8
20220211,55.2
20220214,54.9
20220215,54.7
20220216,55.0
20220217,55.2
20220218,55.2
20220221,56.8
20220222,60.2
20220223,58.1
20220224,58.7
20220225,58.1
20220301,59.0
20220302,59.2
20220303,63.2
20220304,62.0
20220307,61.0
20220308,59.5
20220309,57.1
20220310,58.5
20220311,57.5
20220314,58.0
20220315,57.9
20220316,59.4
20220317,59.5
20220318,59.4
20220321,59.4
20220322,60.0
20220323,60.3
20220324,60.5
20220325,61.0
20220328,59.9
20220329,59.3
20220330,59.3
20220331,59.6
20220401,61.2
20220406,62.1
20220408,62.1
20220411,61.6
20220412,60.8
20220413,60.4
20220414,61.5
20220415,60.9
20220418,59.8
20220419,59.2
20220420,59.8
20220421,59.2
20220422,58.5
20220425,59.0
20220426,58.5
20220427,58.0
20220428,58.5
20220429,59.0
20220503,58.8
20220504,58.8
20220505,58.7
20220506,58.0
20220509,58.1
20220510,59.1
20220511,59.1
20220512,59.3
20220513,58.5
20220516,61.2
20220517,62.4
20220518,61.0
20220519,60.8
20220520,60.3
20220523,61.6
20220524,62.0
20220525,62.4
20220526,62.5
20220527,62.4
20220530,62.3
20220531,62.8
20220601,61.0
20220602,60.5
20220606,60.7
20220607,60.6
20220608,60.4
20220609,60.2
20220610,59.9
20220613,58.9
20220614,58.5
20220615,59.0
20220616,59.8
20220617,59.0
20220620,59.2
20220621,58.9
20220622,60.2
20220623,60.0
20220624,60.5
20220627,60.6
20220628,61.2
20220629,59.5
20220630,59.8
20220701,60.0
20220704,58.5
20220705,60.7
20220706,60.9
20220707,60.5
20220708,60.0
20220711,60.3
20220712,59.7
20220713,60.0
20220714,59.7
20220715,61.0
20220718,61.5
20220719,61.5
20220720,63.0
20220721,62.4
20220722,63.4
20220725,62.4
20220726,62.0
20220727,62.0
20220728,62.8
20220729,62.8
20220801,62.8
20220802,62.6
20220803,63.2
20220804,62.7
20220805,62.6
20220808,63.3
20220809,63.5
20220810,63.1
20220811,64.5
20220812,64.2
20220815,64.0
20220816,63.9
20220817,63.1
20220818,63.3
20220819,63.3
20220822,63.1
20220823,63.8
20220824,63.5
20220825,63.5
20220826,64.0
20220829,60.5
20220830,60.9
20220831,61.0
20220901,61.1
20220902,61.4
20220905,61.3
20220906,61.3
20220907,60.9
20220908,60.5
20220912,60.4
20220913,60.2
20220914,60.0
20220915,59.5
20220916,59.6
20220919,59.7
20220920,59.4
20220921,59.0
20220922,58.2
20220923,57.7
20220926,58.0
20220927,57.3
20220928,57.1
20220929,55.3
20220930,54.5
20221003,52.5
20221004,52.4
20221005,52.5
20221006,53.0
20221007,52.7
20221011,51.0
20221012,49.1
20221013,48.85
20221014,47.6
20221017,48.7
20221018,48.95
20221019,47.55
20221020,47.0
20221021,46.85
20221024,47.85
20221025,48.6
20221026,47.55
20221027,48.7
20221028,48.5
20221031,48.0
20221101,48.0
20221102,48.1
20221103,48.7
20221104,48.25
20221107,50.0
20221108,50.9
20221109,51.7
20221110,51.7
20221111,52.6
20221114,52.0
20221115,51.8
20221116,53.0
20221117,51.6
20221118,51.6
20221121,51.4
20221122,51.6
20221123,51.7
20221124,51.7
20221125,52.4
20221128,52.1
20221129,51.9
20221130,52.0
20221201,52.7
20221202,52.8
20221205,52.5
20221206,52.7
20221207,52.0
20221208,51.6
20221209,51.8
20221212,51.2
20221213,51.5
20221214,51.8
20221215,52.3
20221216,51.9
20221219,52.0
20221220,52.0
20221221,51.8
20221222,54.1
20221223,52.1
20221226,53.4
20221227,53.0
20221228,52.8
20221229,51.8
20221230,51.8
20230103,51.7
20230104,51.7
20230313,50.27121859
20230314,50.38812233
20230315,50.50502608
20230316,50.62192982
20230317,50.73883357
20230320,50.85573732
20230321,50.97264106
20230322,51.08954481
20230323,51.20644855
20230324,51.3233523
20230327,51.44025605
20230328,51.55715979
20230329,51.67406354
20230330,51.79096728
20230331,51.90787103
20230407,52.02477477
20230208,53.5
20230209,53.8
20230210,53.8
20230213,52.9
20230214,52.9
20230215,52.9
20230216,53.1
20230217,53.1
20230220,53.3
20230221,53.1
20230222,52.6
20230223,52.2
20230224,52.2
20230301,52.8
20230302,52.1
20230303,52.6
20230306,52.6
20230307,52.3
20230308,52.7
20230309,53.4
20230310,52.7
20230313,54.8
20230314,55.8
20230315,57.2
20230316,56.3
20230317,55.9
20230320,56.3
20230321,56.2
20230322,56.2
20230323,56.0
20230324,55.9
20230327,55.9
20230328,56.2
20230329,56.0
20230330,56.0
20230331,55.8
20230406,56.0
20230410,56.5
20230411,56.6
20230412,56.8
20230413,58.0
20230414,59.6
20230417,60.6
20230418,59.7
20230419,59.5
20230420,59.1
20230421,59.0
20230424,58.5
20230425,59.6
20230426,57.9
20230427,58.6
20230428,58.7
20230502,59.5
20230503,59.2
20230504,60.1
20230505,61.1
20230508,61.2
20230509,61.4
20230510,60.7
20230511,61.0
20230512,60.3
20230515,61.8
20230516,61.1
20230517,61.0
20230518,61.1
20230519,60.9
20230522,60.7
20230523,61.5
20230524,61.2
20230525,61.1
20230526,61.0
20230529,60.7
20230530,60.8
20230531,61.1
20230601,62.3
20230602,63.9
20230605,62.2
20230606,62.5
20230607,63.4
20230608,64.2
20230609,65.0
20230612,64.1
20230613,63.9
20230614,64.3
20230615,66.9
20230616,68.9
20230619,67.2
20230620,67.9
20230621,68.0
20230626,66.4
20230627,66.2
20230628,67.0
20230629,66.9
20230630,65.8
20230703,67.0
20230704,66.9
20230705,66.3
20230706,65.7
20230707,65.5
20230710,65.1
20230711,65.3
20230712,65.6
20230713,65.8
20230714,63.4
20230717,63.6
20230718,59.6
20230719,57.6
20230720,56.8
20230721,57.1
20230724,56.6
20230725,56.5
20230726,57.2
20230727,59.9
20230728,59.8
20230731,60.7
20230801,60.6
20230802,61.6
20230804,64.1
20230807,65.9
20230808,67.5
20230809,68.5
20230810,66.8
20230811,66.1
20230814,66.1
20230815,65.0
20230816,64.4
20230817,65.5
20230818,66.6
20230821,67.2
20230822,69.6
20230823,68.2
20230824,68.4
20230825,67.0
20230828,67.7
20230829,67.9
20230830,68.9
20230831,68.3
20230901,68.3
20230904,69.4
20230905,70.0
20230906,70.0
20230907,69.3
20230908,69.4
20230911,70.2
20230912,70.0
20230913,69.5
20230914,68.1
20230915,68.8
20230918,68.0
20230919,69.2
20230920,69.1
20230921,72.1
20230922,71.6
20230925,70.5
20230926,71.9
20230927,71.3
20230928,71.5
20231002,71.0
20231003,71.2
20231004,70.6
20231005,70.1
20231006,69.8
20231011,69.6
20231012,70.0
20231013,69.6
20231016,69.2
20231017,70.1
20231018,69.1
20231019,69.1
20231020,69.5
20231023,69.0
20231024,69.2
20231025,69.3
20231026,69.5
20231027,70.0
20231030,71.0
20231031,71.4
20231101,70.6
20231102,72.6
20231103,75.2
20231106,74.2
20231107,74.3
20231108,73.7
20231109,72.1
20231110,73.1
20231113,73.5
20231114,72.7
20231115,72.6
20231116,73.8
20231117,73.9
20231120,74.9
20231121,75.6
20231122,75.8
20231123,76.0
20231124,77.0
20231127,77.6
20231128,79.8
20231129,81.0
20231130,80.9
20231201,82.0
20231204,84.0
20231205,87.1
20231206,87.9
20231207,90.9
20231208,91.5
20231211,88.1
20231212,88.4
20231213,90.6
20231214,92.2
20231215,98.1
20231218,99.9
20231219,99.5
20231220,101.0
20231221,99.3
20231222,103.0
20231225,102.0
20231226,102.5
20231227,103.5
20231228,101.0
20231229,102.0
20240102,104.5
20240103,106.5
20240104,103.0
20240105,105.0
20240108,102.0
20240109,103.0
20240110,102.0
20240111,103.5
20240112,103.5
20240115,103.5
20240116,103.5
20240117,101.5
20240118,103.0
20240119,102.5
20240122,102.0
20240123,104.0
20240124,104.0
20240125,105.5
20240126,106.5
20240129,106.5
20240130,114.0
20240131,118.0
20240201,113.0
20240202,114.0
20240205,111.0
20240215,112.0
20240216,105.5
20240219,105.0
20240220,107.5
20240221,104.0
20240222,105.0
20240223,104.5
20240226,103.0
20240227,103.5
20240229,103.5
20240301,107.5
20240304,107.5
20240305,117.0
20240306,116.0
20240307,121.0
20240308,122.5
20240311,121.5
20240312,122.0
20240313,123.5
20240314,127.5
20240315,119.0
20240318,119.5
20240319,123.5
20240320,124.0
20240321,128.0
20240322,125.5
20240325,124.0
20240326,124.0
20240327,123.0
20240328,129.0
20240329,129.5
20240401,124.5
20240402,125.5
20240403,124.5
