日期,開盤
'24/04/03,40
'24/04/02,40.1
'24/04/01,40.15
'24/03/29,40.4
'24/03/28,40.2
'24/03/27,39.8
'24/03/26,39.3
'24/03/25,38.8
'24/03/22,38.6
'24/03/21,38.55
'24/03/20,38.6
'24/03/19,38.95
'24/03/18,39.2
'24/03/15,39.65
'24/03/14,39.8
'24/03/13,39.95
'24/03/12,39.75
'24/03/11,39.75
'24/03/08,39.85
'24/03/07,39.65
'24/03/06,39.65
'24/03/05,39.65
'24/03/04,39.7
'24/03/01,39.7
'24/02/29,39.75
'24/02/27,39.95
'24/02/26,39.7
'24/02/23,39.8
'24/02/22,40.15
'24/02/21,39.8
'24/02/20,39.65
'24/02/19,39.55
'24/02/16,39.5
'24/02/15,39.75
'24/02/05,39.75
'24/02/02,39.65
'24/02/01,39.65
'24/01/31,39.55
'24/01/30,39.85
'24/01/29,39.55
'24/01/26,39.45
'24/01/25,39.65
'24/01/24,39.5
'24/01/23,39.55
'24/01/22,39.75
'24/01/19,39.55
'24/01/18,39.9
'24/01/17,39.6
'24/01/16,39.9
'24/01/15,39.95
'24/01/12,39.95
'24/01/11,40.05
'24/01/10,40.05
'24/01/09,40.2
'24/01/08,40.2
'24/01/05,40.15
'24/01/04,40.1
'24/01/03,40.25
'24/01/02,40.2
'23/12/29,40.1
'23/12/28,40.1
'23/12/27,40.1
'23/12/26,40.1
'23/12/25,40.05
'23/12/22,39.9
'23/12/21,40
'23/12/20,40.15
'23/12/19,40.4
'23/12/18,40.35
'23/12/15,40.45
'23/12/14,40.1
'23/12/13,39.95
'23/12/12,40.1
'23/12/11,40.15
'23/12/08,40.2
'23/12/07,40.35
'23/12/06,40.6
'23/12/05,40.55
'23/12/04,40.8
'23/12/01,40.95
'23/11/30,40.85
'23/11/29,40.95
'23/11/28,40.95
'23/11/27,41.15
'23/11/24,41.3
'23/11/23,41.25
'23/11/22,40.85
'23/11/21,41.05
'23/11/20,41
'23/11/17,41
'23/11/16,40.85
'23/11/15,40.6
'23/11/14,40.7
'23/11/13,40.5
'23/11/10,40.6
'23/11/09,40.6
'23/11/08,40.75
'23/11/07,40.6
'23/11/06,40.65
'23/11/03,40.75
'23/11/02,40.75
'23/11/01,40.8
'23/10/31,40.8
'23/10/30,40.85
'23/10/27,41.1
'23/10/26,41
'23/10/25,40.8
'23/10/24,40.8
'23/10/23,41
'23/10/20,41.55
'23/10/19,41.5
'23/10/18,41
'23/10/17,41.3
'23/10/16,40.75
'23/10/13,40.05
'23/10/12,39.95
'23/10/11,39.5
'23/10/06,39.2
'23/10/05,39.1
'23/10/04,39.2
'23/10/03,39.3
'23/10/02,39.55
'23/09/28,39.65
'23/09/27,40
'23/09/26,39.45
'23/09/25,43.3
'23/09/22,43.8
'23/09/21,44.05
'23/09/20,44.3
'23/09/19,44.25
'23/09/18,43.35
'23/09/15,44.05
'23/09/14,43.7
'23/09/13,43.55
'23/09/12,43.5
'23/09/11,43.4
'23/09/08,43.35
'23/09/07,43.15
'23/09/06,43.3
'23/09/05,43.55
'23/09/04,42.9
'23/09/01,42.95
'23/08/31,43.25
'23/08/30,43.1
'23/08/29,42.9
'23/08/28,42.4
'23/08/25,42.35
'23/08/24,42.3
'23/08/23,42.4
'23/08/22,42.8
'23/08/21,42.9
'23/08/18,42.55
'23/08/17,42.55
'23/08/16,42.5
'23/08/15,42.7
'23/08/14,42.85
'23/08/11,42.8
'23/08/10,42.65
'23/08/09,42.8
'23/08/08,42.8
'23/08/07,42.65
'23/08/04,42.5
'23/08/02,42.55
'23/08/01,42.3
'23/07/31,42.2
'23/07/28,42.35
'23/07/27,42.1
'23/07/26,41.65
'23/07/25,41.7
'23/07/24,42.15
'23/07/21,42.3
'23/07/20,42.15
'23/07/19,42.1
'23/07/18,42.25
'23/07/17,42.7
'23/07/14,42.8
'23/07/13,42.9
'23/07/12,42.85
'23/07/11,42.9
'23/07/10,42.85
'23/07/07,42.65
'23/07/06,42.65
'23/07/05,42.85
'23/07/04,42.8
'23/07/03,42.75
'23/06/30,42.75
'23/06/29,42.5
'23/06/28,42.25
'23/06/27,42.2
'23/06/26,42.2
'23/06/21,42.15
'23/06/20,42.25
'23/06/19,42.25
'23/06/16,42.5
'23/06/15,42.95
'23/06/14,42.9
'23/06/13,42.85
'23/06/12,42.7
'23/06/09,42.6
'23/06/08,42.5
'23/06/07,42.45
'23/06/06,42.5
'23/06/05,42.5
'23/06/02,42.5
'23/06/01,42.35
'23/05/31,42.05
'23/05/30,42.05
'23/05/29,42.2
'23/05/26,42.35
'23/05/25,42.95
'23/05/24,42.75
'23/05/23,42.55
'23/05/22,41.95
'23/05/19,42
'23/05/18,42
'23/05/17,41.55
'23/05/16,41.25
'23/05/15,41.6
'23/05/12,41.9
'23/05/11,41.25
'23/05/10,43.2
'23/05/09,43.3
'23/05/08,43
'23/05/05,42.85
'23/05/04,42.3
'23/05/03,42.2
'23/05/02,42.05
'23/04/28,42.1
'23/04/27,42
'23/04/26,41.7
'23/04/25,41.85
'23/04/24,41.8
'23/04/21,41.85
'23/04/20,42.05
'23/04/19,42.15
'23/04/18,42.05
'23/04/17,42.1
'23/04/14,42.1
'23/04/13,41.95
'23/04/12,42.1
'23/04/11,41.6
'23/04/10,41.7
'23/04/07,40.95
'23/04/06,41.15
'23/03/31,41
'23/03/30,41.15
'23/03/29,40.9
'23/03/28,40.75
'23/03/27,40.75
'23/03/24,41
'23/03/23,41.15
'23/03/22,41.25
'23/03/21,40.65
'23/03/20,40.5
'23/03/17,40.3
'23/03/16,40.5
'23/03/15,41.4
'23/03/14,41.7
'23/03/13,41.8
'23/03/10,42
'23/03/09,41.8
'23/03/08,41.7
'23/03/07,41.75
'23/03/06,42
'23/03/03,42.3
'23/03/02,42.35
'23/03/01,42.3
'23/02/24,42.4
'23/02/23,42.3
'23/02/22,42.2
'23/02/21,42.35
'23/02/20,42
'23/02/17,42
'23/02/16,41.95
'23/02/15,42
'23/02/14,41.8
'23/02/13,41.6
'23/02/10,41.75
'23/02/09,41.8
'23/02/08,42
'23/02/07,42
'23/02/06,41.8
'23/02/03,41.3
'23/02/02,41.6
'23/02/01,41.15
'23/01/31,40.8
'23/01/30,40.95
'23/01/17,40.8
'23/01/16,40.85
'23/01/13,40.7
'23/01/12,40.6
'23/01/11,40.65
'23/01/10,40.5
'23/01/09,40.55
'23/01/06,40.5
'23/01/05,40.65
'23/01/04,40.35
'23/01/03,40.15
'22/12/30,40.6
'22/12/29,40.3
'22/12/28,41.15
'22/12/27,40.25
'22/12/26,40.35
'22/12/23,40.75
'22/12/22,39.95
'22/12/21,39.6
'22/12/20,40.3
'22/12/19,41.1
'22/12/16,42.05
'22/12/15,42.35
'22/12/14,42.6
'22/12/13,43.8
'22/12/12,44
'22/12/09,44.2
'22/12/08,44.2
'22/12/07,43.7
'22/12/06,44.3
'22/12/05,44.45
'22/12/02,44.8
'22/12/01,44.85
'22/11/30,44.9
'22/11/29,44.85
'22/11/28,44.25
'22/11/25,44.9
'22/11/24,44.95
'22/11/23,44.9
'22/11/22,44
'22/11/21,43.8
'22/11/18,43.75
'22/11/17,43.1
'22/11/16,42.9
'22/11/15,43.3
'22/11/14,42.35
'22/11/11,42.45
'22/11/10,42.05
'22/11/09,41.95
'22/11/08,42.1
'22/11/07,42
'22/11/04,41.25
'22/11/03,40.95
'22/11/02,41.45
'22/11/01,41.45
'22/10/31,41.65
'22/10/28,41.9
'22/10/27,40.55
'22/10/26,40.6
'22/10/25,40.5
'22/10/24,40.8
'22/10/21,40.2
'22/10/20,40
'22/10/19,39.65
'22/10/18,39.15
'22/10/17,38.9
'22/10/14,38.75
'22/10/13,38.95
'22/10/12,39.4
'22/10/11,38.5
'22/10/07,39.55
'22/10/06,39.85
'22/10/05,39.55
'22/10/04,40
'22/10/03,39.2
'22/09/30,38.2
'22/09/29,38.5
'22/09/28,39.65
'22/09/27,40.05
'22/09/26,40.5
'22/09/23,47.75
'22/09/22,47.95
'22/09/21,48
'22/09/20,48.2
'22/09/19,48.4
'22/09/16,48.2
'22/09/15,48.25
'22/09/14,48
'22/09/13,48.5
'22/09/12,48.35
'22/09/08,48.1
'22/09/07,48.1
'22/09/06,48
'22/09/05,48
'22/09/02,48.1
'22/09/01,48.2
'22/08/31,48.4
'22/08/30,47.85
'22/08/29,47.65
'22/08/26,48.15
'22/08/25,48.1
'22/08/24,47.65
'22/08/23,47.5
'22/08/22,46.95
'22/08/19,46.85
'22/08/18,47.2
'22/08/17,46.95
'22/08/16,46.25
'22/08/15,46.3
'22/08/12,45.95
'22/08/11,45.8
'22/08/10,45.7
'22/08/09,45.95
'22/08/08,45.75
'22/08/05,45.75
'22/08/04,45.65
'22/08/03,45.95
'22/08/02,45.55
'22/08/01,45.4
'22/07/29,45
'22/07/28,45
'22/07/27,44.8
'22/07/26,45.15
'22/07/25,45.15
'22/07/22,45.15
'22/07/21,45.25
'22/07/20,46
'22/07/19,45.2
'22/07/18,43.6
'22/07/15,43.55
'22/07/14,43.5
'22/07/13,43.6
'22/07/12,43.9
'22/07/11,43.85
'22/07/08,44
'22/07/07,44.2
'22/07/06,44.8
'22/07/05,44.7
'22/07/04,44.15
'22/07/01,45.1
'22/06/30,45.1
'22/06/29,44.7
'22/06/28,44.8
'22/06/27,44.4
'22/06/24,43.55
'22/06/23,43.45
'22/06/22,43.5
'22/06/21,43.9
'22/06/20,44.45
'22/06/17,44.4
'22/06/16,45.1
'22/06/15,45.4
'22/06/14,44.65
'22/06/13,44.65
'22/06/10,44.8
'22/06/09,45.4
'22/06/08,45.3
'22/06/07,45
'22/06/06,45.1
'22/06/02,46.2
'22/06/01,46.4
'22/05/31,46.5
'22/05/30,46.2
'22/05/27,46.05
'22/05/26,46
'22/05/25,45.8
'22/05/24,46.05
'22/05/23,46.05
'22/05/20,45.45
'22/05/19,45.4
'22/05/18,45.8
'22/05/17,44.9
'22/05/16,44.7
'22/05/13,45
'22/05/12,46.2
'22/05/11,46.4
'22/05/10,46.5
'22/05/09,46.85
'22/05/06,46.5
'22/05/05,47.1
'22/05/04,46.8
'22/05/03,46.9
'22/04/29,46.9
'22/04/28,46.8
'22/04/27,46.6
'22/04/26,46.7
'22/04/25,46.7
'22/04/22,47.35
'22/04/21,48.1
'22/04/20,48.2
'22/04/19,47.85
'22/04/18,48.2
'22/04/15,47.85
'22/04/14,47.65
'22/04/13,47
'22/04/12,47
'22/04/11,48.5
'22/04/08,48.9
'22/04/07,49.4
'22/04/06,45.7
'22/04/01,45.35
'22/03/31,45.5
'22/03/30,45.25
'22/03/29,45.45
'22/03/28,45.75
'22/03/25,45.9
'22/03/24,45.9
'22/03/23,45.65
'22/03/22,46.15
'22/03/21,46.7
'22/03/18,46.95
'22/03/17,47.05
'22/03/16,50
'22/03/15,49.85
'22/03/14,48.9
'22/03/11,49.05
'22/03/10,49.4
'22/03/09,49
'22/03/08,48.6
'22/03/07,50.1
'22/03/04,50.3
'22/03/03,50.1
'22/03/02,49.45
'22/03/01,49.25
'22/02/25,48.6
'22/02/24,49.05
'22/02/23,48.85
'22/02/22,48
'22/02/21,47
'22/02/18,47.15
'22/02/17,47.2
'22/02/16,47.25
'22/02/15,46.85
'22/02/14,46.85
'22/02/11,46.8
'22/02/10,47.05
'22/02/09,47.35
'22/02/08,47.1
'22/02/07,47.05
'22/01/26,46.25
'22/01/25,46.3
'22/01/24,46.2
'22/01/21,46.15
'22/01/20,46
'22/01/19,46.05
'22/01/18,46.25
'22/01/17,46.4
'22/01/14,46.2
'22/01/13,46.3
'22/01/12,46.4
'22/01/11,46.35
'22/01/10,46.3
'22/01/07,46.3
'22/01/06,46.1
'22/01/05,46.15
'22/01/04,46.25
'22/01/03,46.3
'21/12/30,46.4
'21/12/29,46.15
'21/12/28,46.3
'21/12/27,46.3
'21/12/24,46.05
'21/12/23,46
'21/12/22,47
'21/12/21,47.6
'21/12/20,47.35
'21/12/17,47.1
'21/12/16,46.65
'21/12/15,46.4
'21/12/14,46.7
'21/12/13,46.55
'21/12/10,46.45
'21/12/09,46.8
'21/12/08,46.6
'21/12/07,46.5
'21/12/06,46.35
'21/12/03,46.35
'21/12/02,46.65
'21/12/01,46.2
'21/11/30,46.6
'21/11/29,46.35
'21/11/26,47.1
'21/11/25,47.6
'21/11/24,46.2
'21/11/23,46.55
'21/11/22,46.65
'21/11/19,46.9
'21/11/18,46.5
'21/11/17,46.8
'21/11/16,47.65
'21/11/15,48.6
'21/11/12,46.25
'21/11/11,45.5
'21/11/10,45
'21/11/09,45.15
'21/11/08,44.6
'21/11/05,44.65
'21/11/04,45
'21/11/03,44.85
'21/11/02,44.75
'21/11/01,45
'21/10/29,45.1
'21/10/28,45.1
'21/10/27,45.5
'21/10/26,45.2
'21/10/25,45.3
'21/10/22,45.2
'21/10/21,44.7
'21/10/20,44.55
'21/10/19,44.7
'21/10/18,44.8
'21/10/15,44.9
'21/10/14,45.05
'21/10/13,45
'21/10/12,44.6
'21/10/08,44.7
'21/10/07,44.35
'21/10/06,44.75
'21/10/05,44.6
'21/10/04,44.9
'21/10/01,45
'21/09/30,45.05
'21/09/29,45
'21/09/28,44.65
'21/09/27,45.15
'21/09/24,45.25
'21/09/23,46.5
'21/09/22,47
'21/09/17,47.8
'21/09/16,47.7
'21/09/15,47.85
'21/09/14,48.5
'21/09/13,48.2
'21/09/10,47.5
'21/09/09,46.9
'21/09/08,47.7
'21/09/07,48.2
'21/09/06,48.35
'21/09/03,48.4
'21/09/02,48.6
'21/09/01,48.2
'21/08/31,47.4
'21/08/30,47.5
'21/08/27,47.4
'21/08/26,47.6
'21/08/25,47.7
'21/08/24,47.7
'21/08/23,47.6
'21/08/20,47.1
'21/08/19,48.45
'21/08/18,48.45
'21/08/17,48.2
'21/08/16,49
'21/08/13,48.95
'21/08/12,48.6
'21/08/11,48.75
'21/08/10,48.9
'21/08/09,49.45
'21/08/06,48.75
'21/08/05,49.05
'21/08/04,49.45
'21/08/03,49.5
'21/08/02,49.15
'21/07/30,49.25
'21/07/29,48.65
'21/07/28,48.15
'21/07/27,48.05
'21/07/26,48.5
'21/07/23,47.1
'21/07/22,46.35
'21/07/21,45.9
'21/07/20,45.5
'21/07/19,45.9
'21/07/16,45.25
'21/07/15,45
'21/07/14,44.7
'21/07/13,45.25
'21/07/12,45.7
'21/07/09,45.4
'21/07/08,44.5
'21/07/07,43.8
'21/07/06,43.5
'21/07/05,43.5
'21/07/02,43.15
'21/07/01,43.7
'21/06/30,43.55
'21/06/29,43.65
'21/06/28,43.6
'21/06/25,44
'21/06/24,43
'21/06/23,42.5
'21/06/22,42.45
'21/06/21,42.2
'21/06/18,42.8
'21/06/17,42.5
'21/06/16,42.8
'21/06/15,42.6
'21/06/11,42.35
'21/06/10,41.9
'21/06/09,41.45
'21/06/08,41.65
'21/06/07,42.1
'21/06/04,42
'21/06/03,42.05
'21/06/02,42.25
'21/06/01,42.1
'21/05/31,42.55
'21/05/28,43
'21/05/27,42.2
'21/05/26,42.35
'21/05/25,42.6
'21/05/24,42.55
'21/05/21,42.75
'21/05/20,41.85
'21/05/19,41.95
'21/05/18,41
'21/05/17,40.65
'21/05/14,42.35
'21/05/13,41.8
'21/05/12,44.05
'21/05/11,45.4
'21/05/10,45.25
'21/05/07,45.5
'21/05/06,45.2
'21/05/05,44.35
'21/05/04,44.9
'21/05/03,45.1
'21/04/29,45.65
'21/04/28,46.2
'21/04/27,46.5
'21/04/26,46.5
'21/04/23,44.05
'21/04/22,44.5
'21/04/21,44.35
'21/04/20,44.6
'21/04/19,43.65
'21/04/16,43.25
'21/04/15,43.25
'21/04/14,43.5
'21/04/13,43.6
'21/04/12,43.8
'21/04/09,43.5
'21/04/08,43.6