Date,Open,High,Low,Close,Adj Close,Volume
2022-01-03,85.900002,85.900002,81.900002,82.300003,76.985390,1902000
2022-01-04,82.500000,88.300003,82.099998,84.400002,78.949783,3862000
2022-01-05,84.000000,85.800003,83.400002,85.099998,79.604576,1957000
2022-01-06,83.199997,84.800003,83.000000,83.099998,77.733727,1990000
2022-01-07,83.500000,83.699997,79.300003,80.699997,75.488708,1662000
2022-01-10,80.300003,82.500000,79.699997,81.300003,76.049965,1047000
2022-01-11,81.000000,81.599998,79.500000,79.599998,74.459740,1088000
2022-01-12,80.199997,83.800003,80.199997,81.699997,76.424133,2083000
2022-01-13,82.099998,82.699997,79.199997,79.699997,74.553284,1170000
2022-01-14,79.699997,79.699997,74.800003,75.300003,70.437424,2420000
2022-01-17,75.699997,77.400002,74.900002,77.000000,72.027641,812000
2022-01-18,77.000000,77.699997,74.599998,75.900002,70.998672,757000
2022-01-19,74.000000,75.599998,74.000000,75.400002,70.530968,403000
2022-01-20,75.000000,76.199997,74.599998,75.000000,70.156792,721000
2022-01-21,74.599998,75.599998,73.099998,73.099998,68.379486,783000
2022-01-24,73.000000,73.000000,70.599998,71.900002,67.256981,713000
2022-01-25,71.500000,72.300003,70.000000,70.000000,65.479668,664000
2022-01-26,70.099998,71.599998,69.699997,69.900002,65.386139,573000
2022-02-07,70.800003,72.699997,70.800003,72.300003,67.631157,396000
2022-02-08,72.500000,76.099998,72.099998,75.099998,70.250336,904000
2022-02-09,76.000000,76.000000,74.300003,75.300003,70.437424,581000
2022-02-10,74.500000,75.000000,73.699997,74.000000,69.221367,568000
2022-02-11,74.000000,74.699997,73.199997,74.099998,69.314919,337000
2022-02-14,72.300003,72.500000,70.000000,70.400002,65.853844,935000
2022-02-15,71.000000,72.900002,70.900002,71.599998,66.976349,496000
2022-02-16,72.699997,73.199997,71.800003,71.900002,67.256981,627000
2022-02-17,72.000000,74.099998,72.000000,72.900002,68.192406,669000
2022-02-18,72.500000,73.900002,72.300003,73.500000,68.753662,668000
2022-02-21,73.199997,74.099998,72.699997,73.599998,68.847198,646000
2022-02-22,73.500000,73.500000,71.000000,71.599998,66.976349,492000
2022-02-23,71.599998,72.500000,71.599998,72.099998,67.444061,244000
2022-02-24,71.599998,71.599998,68.099998,68.300003,63.889454,1093000
2022-02-25,70.199997,70.199997,68.099998,68.699997,64.263618,386000
2022-03-01,68.800003,70.800003,68.699997,70.599998,66.040932,585000
2022-03-02,70.500000,74.699997,70.400002,74.300003,69.501999,1493000
2022-03-03,75.000000,76.300003,73.699997,75.199997,70.343880,1360000
2022-03-04,74.500000,75.099998,72.599998,72.699997,68.005318,674000
2022-03-07,72.500000,72.500000,68.800003,69.099998,64.637794,705000
2022-03-08,68.300003,70.000000,67.400002,67.800003,63.421745,682000
2022-03-09,68.400002,69.300003,68.000000,69.099998,64.637794,295000
2022-03-10,70.400002,71.199997,69.800003,70.000000,65.479668,330000
2022-03-11,70.000000,70.300003,69.000000,69.099998,64.637794,169000
2022-03-14,69.800003,69.800003,69.099998,69.199997,64.731339,196000
2022-03-15,69.500000,69.500000,66.900002,67.000000,62.673405,378000
2022-03-16,68.599998,68.599998,66.699997,66.699997,62.392773,213000
2022-03-17,68.400002,69.400002,68.000000,68.699997,64.263618,333000
2022-03-18,68.900002,69.400002,68.500000,69.199997,64.731339,158000
2022-03-21,69.199997,70.599998,69.099998,70.099998,65.573212,412000
2022-03-22,70.800003,71.800003,70.199997,71.599998,66.976349,599000
2022-03-23,72.099998,72.300003,71.300003,71.300003,66.695724,447000
2022-03-24,71.300003,73.599998,71.000000,73.099998,68.379486,452000
2022-03-25,73.500000,74.099998,72.400002,73.099998,68.379486,397000
2022-03-28,73.099998,74.599998,72.699997,74.400002,69.595535,571000
2022-03-29,75.000000,75.800003,74.300003,74.900002,70.063255,690000
2022-03-30,75.300003,76.900002,75.000000,76.400002,71.466393,853000
2022-03-31,77.000000,77.599998,76.099998,77.500000,72.495354,943000
2022-04-01,77.699997,80.800003,76.599998,79.599998,74.459740,2253000
2022-04-06,79.000000,81.000000,77.500000,78.199997,73.150154,1241000
2022-04-07,78.800003,79.900002,72.500000,72.500000,67.818237,3028000
2022-04-08,74.300003,74.400002,73.300003,73.800003,69.034294,602000
2022-04-11,73.800003,73.800003,71.199997,71.199997,66.602180,546000
2022-04-12,70.400002,72.699997,69.900002,70.599998,66.040932,385000
2022-04-13,72.000000,72.699997,70.699997,71.500000,66.882813,224000
2022-04-14,72.300003,73.500000,71.500000,73.099998,68.379486,455000
2022-04-15,73.099998,73.099998,71.199997,71.199997,66.602180,369000
2022-04-18,70.800003,72.099998,70.000000,72.000000,67.350525,374000
2022-04-19,72.199997,73.400002,72.000000,72.699997,68.005318,248000
2022-04-20,73.300003,73.300003,72.300003,72.500000,67.818237,236000
2022-04-21,72.800003,75.300003,72.800003,74.800003,69.969711,900000
2022-04-22,73.699997,75.099998,73.699997,74.599998,69.782623,373000
2022-04-25,74.099998,75.500000,72.599998,74.900002,70.063255,735000
2022-04-26,75.699997,75.900002,73.699997,73.699997,68.940735,732000
2022-04-27,72.099998,73.300003,70.500000,73.099998,68.379486,708000
2022-04-28,73.500000,74.000000,72.699997,73.300003,68.566574,221000
2022-04-29,74.099998,75.599998,74.000000,74.900002,70.063255,674000
2022-05-03,74.800003,76.000000,73.900002,75.000000,70.156792,826000
2022-05-04,75.500000,75.800003,73.000000,73.000000,68.285942,707000
2022-05-05,73.900002,73.900002,72.199997,72.500000,67.818237,638000
2022-05-06,73.800003,75.599998,73.000000,75.000000,70.156792,1834000
2022-05-09,75.000000,77.199997,75.000000,75.099998,70.250336,1944000
2022-05-10,72.599998,74.800003,71.599998,74.599998,69.782623,1488000
2022-05-11,75.000000,75.000000,73.500000,73.599998,68.847198,576000
2022-05-12,72.300003,74.300003,70.500000,70.500000,65.947395,882000
2022-05-13,71.699997,71.800003,70.599998,70.900002,66.321564,512000
2022-05-16,72.000000,74.500000,71.900002,74.000000,69.221367,746000
2022-05-17,75.199997,76.000000,74.000000,75.900002,70.998672,1044000
2022-05-18,78.400002,78.400002,75.199997,75.900002,70.998672,1685000
2022-05-19,73.699997,77.599998,73.599998,77.000000,72.027641,901000
2022-05-20,76.900002,77.300003,76.000000,76.199997,71.279305,753000
2022-05-23,76.300003,77.300003,75.800003,76.400002,71.466393,575000
2022-05-24,76.800003,77.300003,74.400002,74.400002,69.595535,742000
2022-05-25,75.199997,79.400002,74.900002,78.400002,73.337234,2296000
2022-05-26,79.300003,79.300003,76.800003,77.900002,72.869522,1410000
2022-05-27,79.099998,79.500000,76.800003,77.199997,72.214729,2271000
2022-05-30,78.199997,79.500000,77.300003,79.300003,74.179123,1770000
2022-05-31,79.800003,82.500000,79.099998,81.699997,76.424133,4145000
2022-06-01,82.000000,82.900002,80.500000,81.500000,76.237053,1925000
2022-06-02,82.000000,84.900002,81.199997,81.300003,76.049965,5052000
2022-06-06,81.699997,81.699997,78.699997,79.000000,73.898491,1905000
2022-06-07,78.000000,78.800003,77.599998,78.500000,73.430786,935000
2022-06-08,79.099998,79.099998,77.000000,77.300003,72.308266,1158000
2022-06-09,77.300003,78.199997,77.000000,78.000000,72.963066,550000
2022-06-10,77.000000,78.199997,77.000000,78.000000,72.963066,361000
2022-06-13,75.500000,76.500000,75.199997,75.800003,70.905136,859000
2022-06-14,75.000000,76.000000,74.000000,75.900002,70.998672,592000
2022-06-15,76.099998,76.400002,74.099998,74.099998,69.314919,634000
2022-06-16,75.199997,75.199997,71.699997,71.699997,67.069893,1460000
2022-06-17,70.099998,71.099998,69.500000,70.099998,65.573212,1310000
2022-06-20,70.099998,70.099998,66.199997,67.000000,62.673405,1239000
2022-06-21,65.699997,67.300003,65.699997,67.300003,64.488350,735000
2022-06-22,67.300003,67.300003,64.800003,65.099998,62.380253,942000
2022-06-23,64.800003,65.599998,63.400002,64.199997,61.517849,779000
2022-06-24,64.500000,65.500000,64.099998,64.099998,61.422031,469000
2022-06-27,64.500000,67.099998,64.500000,66.300003,63.530125,473000
2022-06-28,66.300003,68.400002,66.199997,67.199997,64.392517,825000
2022-06-29,67.000000,68.699997,66.400002,67.500000,64.679985,1040000
2022-06-30,67.199997,67.500000,65.599998,66.699997,63.913406,603000
2022-07-01,67.000000,67.099998,64.099998,64.099998,61.422031,725000
2022-07-04,63.900002,64.800003,63.500000,63.500000,60.847099,258000
2022-07-05,64.599998,65.400002,63.000000,65.000000,62.284435,405000
2022-07-06,64.300003,64.800003,62.000000,62.400002,59.793056,515000
2022-07-07,62.099998,63.500000,60.500000,62.299999,59.697235,551000
2022-07-08,62.799999,64.800003,62.799999,63.500000,60.847099,426000
2022-07-11,63.299999,63.299999,62.000000,62.400002,59.793056,190000
2022-07-12,61.799999,62.500000,59.000000,59.000000,56.535099,560000
2022-07-13,60.299999,61.900002,59.500000,60.799999,58.259899,415000
2022-07-14,60.099998,62.799999,59.700001,62.000000,59.409767,445000
2022-07-15,62.099998,65.400002,62.000000,65.400002,62.667725,665000
2022-07-18,66.000000,66.800003,65.000000,65.599998,62.859364,507000
2022-07-19,64.800003,65.500000,64.599998,65.099998,62.380253,186000
2022-07-20,65.699997,65.900002,65.000000,65.000000,62.284435,273000
2022-07-21,65.099998,67.900002,65.000000,67.500000,64.679985,799000
2022-07-22,67.500000,67.800003,66.699997,67.199997,64.392517,335000
2022-07-25,66.599998,67.099998,66.099998,67.000000,64.200874,239000
2022-07-26,67.599998,67.599998,66.000000,66.300003,63.530125,232000
2022-07-27,66.500000,67.400002,66.000000,67.099998,64.296700,262000
2022-07-28,67.900002,68.400002,66.699997,66.699997,63.913406,285000
2022-07-29,66.699997,68.000000,66.699997,67.199997,64.392517,329000
2022-08-01,67.199997,68.000000,67.199997,67.300003,64.488350,217000
2022-08-02,67.000000,67.000000,63.700001,64.000000,61.326210,472000
2022-08-03,64.000000,64.699997,63.700001,64.099998,61.422031,253000
2022-08-04,64.800003,65.300003,63.000000,64.599998,61.901142,500000
2022-08-05,65.099998,65.900002,65.000000,65.400002,62.667725,340000
2022-08-08,64.000000,64.000000,60.400002,61.599998,59.026478,1218000
2022-08-09,61.900002,62.400002,61.599998,61.799999,59.218121,326000
2022-08-10,61.900002,62.799999,61.500000,61.700001,59.122299,476000
2022-08-11,62.500000,62.599998,61.700001,61.799999,59.218121,281000
2022-08-12,62.200001,65.300003,62.099998,64.699997,61.996964,802000
2022-08-15,65.400002,68.000000,64.500000,67.599998,64.775803,820000
2022-08-16,66.900002,68.099998,66.800003,67.500000,64.679985,503000
2022-08-17,67.199997,69.800003,67.199997,69.500000,66.596436,626000
2022-08-18,69.199997,72.300003,69.099998,70.800003,67.842117,1228000
2022-08-19,71.000000,71.900002,70.400002,70.599998,67.650475,430000
2022-08-22,69.500000,70.599998,69.300003,70.400002,67.458832,368000
2022-08-23,68.900002,71.500000,68.900002,70.800003,67.842117,633000
2022-08-24,70.599998,71.699997,70.400002,70.599998,67.650475,422000
2022-08-25,71.099998,73.500000,71.099998,71.500000,68.512871,851000
2022-08-26,71.699997,75.400002,71.699997,73.699997,70.620956,1359000
2022-08-29,71.599998,72.500000,71.099998,72.199997,69.183624,565000
2022-08-30,72.199997,73.000000,71.599998,72.800003,69.758568,622000
2022-08-31,72.000000,74.000000,72.000000,73.900002,70.812607,623000
2022-09-01,73.199997,73.900002,71.800003,72.000000,68.991989,565000
2022-09-02,71.800003,73.400002,71.400002,72.599998,69.566917,383000
2022-09-05,72.800003,73.099998,70.500000,70.800003,67.842117,341000
2022-09-06,70.800003,70.800003,65.900002,66.000000,63.242653,1214000
2022-09-07,65.500000,65.500000,63.500000,64.000000,61.326210,594000
2022-09-08,64.300003,65.300003,64.000000,65.300003,62.571899,410000
2022-09-12,65.900002,66.099998,65.000000,65.199997,62.476074,372000
2022-09-13,65.500000,66.500000,64.699997,64.800003,62.092789,538000
2022-09-14,63.700001,65.900002,63.200001,65.800003,63.051014,601000
2022-09-15,67.400002,67.599998,63.799999,63.900002,61.230389,1460000
2022-09-16,63.900002,64.400002,62.500000,62.599998,59.984695,636000
2022-09-19,62.900002,62.900002,60.500000,61.000000,58.451542,686000
2022-09-20,61.599998,61.900002,61.299999,61.400002,58.834835,236000
2022-09-21,61.000000,61.299999,60.500000,60.500000,57.972435,303000
2022-09-22,60.000000,61.200001,59.099998,60.599998,58.068253,378000
2022-09-23,60.599998,61.200001,60.200001,60.500000,57.972435,320000
2022-09-26,60.000000,60.500000,58.000000,58.000000,55.576878,791000
2022-09-27,58.500000,59.000000,57.299999,58.900002,56.439281,346000
2022-09-28,58.900002,59.000000,53.099998,53.500000,51.264881,796000
2022-09-29,55.500000,55.500000,53.000000,53.599998,51.360699,617000
2022-09-30,52.500000,54.599998,50.799999,54.400002,52.127281,627000
2022-10-03,54.099998,55.500000,53.099998,54.400002,52.127281,214000
2022-10-04,55.900002,56.200001,54.700001,55.700001,53.372967,145000
2022-10-05,56.500000,56.700001,54.599998,54.599998,52.318920,255000
2022-10-06,56.299999,56.400002,55.099998,56.099998,53.756252,450000
2022-10-07,56.000000,57.400002,55.000000,57.200001,54.810299,553000
2022-10-11,56.599998,56.599998,52.099998,52.200001,50.019192,645000
2022-10-12,52.599998,52.700001,50.000000,51.400002,49.252613,781000
2022-10-13,52.099998,52.700001,49.950001,50.299999,48.198566,803000
2022-10-14,52.500000,53.700001,51.500000,52.900002,50.689945,588000
2022-10-17,52.299999,53.099998,51.400002,53.099998,50.881592,398000
2022-10-18,54.000000,54.000000,52.599998,52.799999,50.594124,349000
2022-10-19,52.799999,53.099998,52.299999,52.299999,50.115009,285000
2022-10-20,52.000000,52.299999,51.099998,51.799999,49.635899,300000
2022-10-21,51.799999,52.000000,51.200001,51.299999,49.156792,332000
2022-10-24,52.500000,54.799999,52.500000,53.000000,50.785767,942000
2022-10-25,52.799999,52.799999,50.599998,50.599998,48.486034,753000
2022-10-26,50.799999,50.900002,50.099998,50.099998,48.006924,482000
2022-10-27,49.900002,51.500000,49.900002,51.299999,49.156792,387000
2022-10-28,51.700001,51.700001,50.200001,50.500000,48.390213,341000
2022-10-31,50.900002,51.200001,50.500000,51.000000,48.869324,325000
2022-11-01,51.099998,52.900002,51.000000,52.200001,50.019192,482000
2022-11-02,52.500000,52.799999,52.099998,52.500000,50.306656,347000
2022-11-03,51.599998,53.299999,51.599998,53.299999,51.073235,199000
2022-11-04,53.000000,53.900002,52.799999,53.500000,51.264881,258000
2022-11-07,53.200001,53.200001,51.700001,51.700001,49.540081,594000
2022-11-08,51.799999,53.299999,51.799999,52.900002,50.689945,338000
2022-11-09,53.500000,54.299999,53.299999,53.900002,51.648170,358000
2022-11-10,53.500000,53.799999,52.900002,53.500000,51.264881,203000
2022-11-11,54.599998,55.099998,53.599998,53.799999,51.552341,450000
2022-11-14,53.799999,54.700001,53.299999,54.299999,52.031456,288000
2022-11-15,54.599998,55.500000,54.099998,54.099998,51.839809,561000
2022-11-16,54.900002,55.599998,54.299999,55.099998,52.798035,473000
2022-11-17,55.099998,55.599998,54.799999,55.000000,52.702209,237000
2022-11-18,55.000000,55.599998,54.500000,54.500000,52.223099,264000
2022-11-21,54.799999,54.900002,53.799999,53.799999,51.552341,193000
2022-11-22,53.500000,53.900002,52.700001,53.299999,51.073235,355000
2022-11-23,53.299999,54.599998,53.299999,54.500000,52.223099,230000
2022-11-24,54.200001,55.099998,54.200001,54.900002,52.606392,257000
2022-11-25,54.900002,55.299999,54.500000,54.900002,52.606392,211000
2022-11-28,54.200001,55.400002,54.200001,55.200001,52.893856,252000
2022-11-29,54.799999,56.299999,54.799999,55.900002,53.564613,353000
2022-11-30,55.599998,58.000000,55.599998,57.599998,55.193588,519000
2022-12-01,58.099998,58.900002,57.200001,57.500000,55.097767,674000
2022-12-02,57.500000,58.200001,56.799999,56.799999,54.427010,330000
2022-12-05,56.500000,57.599998,56.500000,56.700001,54.331192,274000
2022-12-06,55.799999,57.000000,55.299999,55.299999,52.989677,485000
2022-12-07,55.200001,56.599998,54.299999,54.599998,52.318920,381000
2022-12-08,54.500000,56.400002,54.200001,55.400002,53.085503,298000
2022-12-09,55.500000,55.700001,54.299999,54.299999,52.031456,196000
2022-12-12,53.900002,54.599998,53.200001,54.500000,52.223099,244000
2022-12-13,54.500000,54.500000,53.799999,53.799999,51.552341,233000
2022-12-14,54.099998,55.700001,53.900002,55.200001,52.893856,224000
2022-12-15,55.500000,56.099998,55.299999,55.299999,52.989677,144000
2022-12-16,54.700001,54.700001,53.400002,54.400002,52.127281,415000
2022-12-19,54.000000,54.700001,53.099998,53.099998,50.881592,306000
2022-12-20,53.099998,53.299999,51.000000,51.900002,49.731724,321000
2022-12-21,52.099998,52.400002,51.700001,51.799999,49.635899,85000
2022-12-22,52.000000,54.500000,51.799999,53.000000,50.785767,373000
2022-12-23,53.000000,53.000000,51.700001,51.700001,49.540081,238000
2022-12-26,52.200001,52.200001,51.099998,51.099998,48.965141,152000
2022-12-27,51.599998,51.700001,50.799999,50.799999,48.677681,164000
2022-12-28,51.000000,51.000000,50.200001,50.400002,48.294392,169000
2022-12-29,50.299999,50.700001,49.500000,50.299999,48.198566,224000
2022-12-30,50.599998,50.900002,49.750000,50.599998,48.486034,200000
2023-01-03,50.000000,50.500000,49.950001,50.099998,48.006924,154000
2023-01-04,50.000000,51.099998,50.000000,50.099998,48.006924,210000
2023-01-05,50.099998,50.700001,50.000000,50.000000,47.911098,210000
2023-01-06,50.000000,50.299999,49.849998,50.099998,48.006924,133000
2023-01-09,50.200001,50.599998,50.099998,50.200001,48.102745,192000
2023-01-10,50.000000,51.000000,50.000000,50.599998,48.486034,124000
2023-01-11,50.700001,51.400002,50.700001,50.799999,48.677681,193000
2023-01-12,50.799999,50.900002,50.500000,50.500000,48.390213,128000
2023-01-13,51.000000,51.000000,50.200001,50.200001,48.102745,143000
2023-01-16,50.299999,50.500000,49.950001,50.500000,48.390213,142000
2023-01-17,50.500000,50.500000,50.099998,50.500000,48.390213,62000
2023-01-30,51.000000,52.200001,50.900002,51.700001,49.540081,449000
2023-01-31,51.099998,53.500000,51.099998,52.500000,50.306656,238000
2023-02-01,52.799999,53.099998,52.500000,52.900002,50.689945,152000
2023-02-02,53.400002,54.099998,53.000000,53.799999,51.552341,255000
2023-02-03,53.900002,54.099998,53.099998,53.099998,50.881592,226000
2023-02-06,52.700001,52.700001,51.799999,52.299999,50.115009,127000
2023-02-07,52.000000,53.799999,52.000000,53.000000,50.785767,121000
2023-02-08,53.799999,53.799999,53.000000,53.299999,51.073235,141000
2023-02-09,53.000000,54.400002,53.000000,53.400002,51.169056,266000
2023-02-10,53.400002,53.500000,52.799999,52.799999,50.594124,121000
2023-02-13,52.700001,53.000000,52.700001,52.700001,50.498299,100000
2023-02-14,52.799999,53.200001,52.599998,52.799999,50.594124,78000
2023-02-15,52.500000,52.900002,52.400002,52.500000,50.306656,74000
2023-02-16,52.299999,52.900002,52.299999,52.299999,50.115009,132000
2023-02-17,52.200001,52.900002,52.000000,52.299999,50.115009,156000
2023-02-20,52.299999,54.500000,52.299999,53.900002,51.648170,396000
2023-02-21,54.299999,55.000000,53.700001,54.099998,51.839809,465000
2023-02-22,53.200001,54.099998,52.599998,53.299999,51.073235,430000
2023-02-23,53.500000,54.000000,53.099998,53.299999,51.073235,320000
2023-02-24,53.200001,53.400002,52.299999,52.799999,50.594124,225000
2023-03-01,52.700001,53.000000,52.299999,52.299999,50.115009,112000
2023-03-02,52.200001,52.700001,52.200001,52.299999,50.115009,76000
2023-03-03,52.299999,53.000000,52.299999,52.500000,50.306656,83000
2023-03-06,53.000000,53.599998,52.500000,53.200001,50.977413,251000
2023-03-07,53.299999,54.099998,53.200001,53.599998,51.360699,269000
2023-03-08,53.500000,53.599998,53.099998,53.599998,51.360699,135000
2023-03-09,53.700001,53.799999,53.299999,53.299999,51.073235,165000
2023-03-10,53.200001,53.200001,51.799999,51.900002,49.731724,337000
2023-03-13,51.900002,52.000000,50.400002,51.099998,48.965141,223000
2023-03-14,50.700001,51.200001,50.700001,50.799999,48.677681,180000
2023-03-15,50.500000,51.200001,50.500000,50.599998,48.486034,179000
2023-03-16,50.599998,50.599998,49.799999,49.849998,47.767368,370000
2023-03-17,50.200001,51.099998,50.099998,51.000000,48.869324,203000
2023-03-20,52.400002,52.400002,51.099998,51.099998,48.965141,157000
2023-03-21,51.799999,52.299999,51.400002,52.000000,49.827545,200000
2023-03-22,53.299999,53.700001,52.799999,53.299999,51.073235,372000
2023-03-23,53.500000,54.299999,53.200001,53.799999,51.552341,314000
2023-03-24,54.000000,54.299999,53.099998,53.299999,51.073235,243000
2023-03-27,53.400002,54.599998,53.099998,54.099998,51.839809,556000
2023-03-28,54.500000,54.500000,52.900002,53.200001,50.977413,460000
2023-03-29,53.400002,54.000000,53.200001,53.799999,51.552341,176000
2023-03-30,54.000000,54.000000,53.099998,53.099998,50.881592,175000
2023-03-31,53.299999,53.599998,53.000000,53.599998,51.360699,122000
2023-04-06,53.599998,54.000000,53.599998,53.900002,51.648170,115000
2023-04-07,53.900002,57.200001,53.599998,56.599998,54.235367,1296000
2023-04-10,56.599998,57.099998,55.700001,56.200001,53.852081,559000
2023-04-11,55.900002,56.900002,54.900002,54.900002,52.606392,571000
2023-04-12,54.900002,55.099998,54.200001,54.599998,52.318920,304000
2023-04-13,54.599998,54.599998,53.400002,53.400002,51.169056,365000
2023-04-14,53.400002,54.000000,53.400002,53.400002,51.169056,184000
2023-04-17,53.500000,53.900002,53.500000,53.799999,51.552341,134000
2023-04-18,53.799999,55.299999,53.799999,55.099998,52.798035,526000
2023-04-19,55.099998,55.299999,54.099998,54.500000,52.223099,432000
2023-04-20,53.000000,53.299999,52.400002,52.400002,52.126621,263000
2023-04-21,52.400002,53.200001,51.900002,52.099998,51.828182,233000
2023-04-24,51.599998,51.799999,51.000000,51.599998,51.330791,414000
2023-04-25,51.000000,51.700001,50.599998,51.000000,50.733925,350000
2023-04-26,50.200001,51.000000,50.200001,51.000000,50.733925,256000
2023-04-27,51.000000,51.000000,49.950001,51.000000,50.733925,804000
2023-04-28,51.000000,51.000000,50.299999,51.000000,50.733925,250000
2023-05-02,51.000000,51.000000,50.400002,50.799999,50.534966,349000
2023-05-03,50.700001,50.700001,50.099998,50.299999,50.037575,233000
2023-05-04,50.099998,50.500000,49.799999,50.299999,50.037575,508000
2023-05-05,50.299999,50.299999,49.650002,50.299999,50.037575,252000
2023-05-08,49.700001,49.700001,45.450001,46.450001,46.207661,1437000
2023-05-09,46.000000,46.599998,45.599998,45.650002,45.411835,519000
2023-05-10,45.500000,46.250000,43.000000,43.000000,42.775661,1113000
2023-05-11,43.000000,43.700001,41.849998,42.049999,41.830616,780000
2023-05-12,42.150002,44.599998,42.000000,44.000000,43.770443,508000
2023-05-15,43.799999,45.299999,43.150002,44.849998,44.616009,439000
2023-05-16,44.500000,45.750000,44.500000,45.099998,44.864704,242000
2023-05-17,45.099998,45.099998,44.400002,44.950001,44.715488,159000
2023-05-18,44.950001,45.150002,44.700001,44.900002,44.665749,185000
2023-05-19,44.799999,45.700001,44.650002,45.599998,45.362095,198000
2023-05-22,45.750000,46.200001,45.750000,46.049999,45.809746,91000
2023-05-23,46.250000,46.250000,45.700001,46.200001,45.958965,156000
2023-05-24,46.200001,46.200001,45.700001,46.099998,45.859486,254000
2023-05-25,46.049999,46.500000,46.000000,46.250000,46.008705,70000
2023-05-26,46.299999,46.700001,45.400002,46.250000,46.008705,177000
2023-05-29,45.700001,46.299999,45.650002,45.849998,45.610790,284000
2023-05-30,46.200001,46.200001,45.200001,45.200001,44.964184,245000
2023-05-31,45.200001,45.500000,44.900002,45.299999,45.063660,124000
2023-06-01,45.299999,49.799999,45.099998,49.799999,49.540184,876000
2023-06-02,52.000000,54.599998,51.500000,52.099998,51.828182,3207000
2023-06-05,52.599998,56.799999,52.599998,55.599998,55.309921,2997000
2023-06-06,55.599998,58.000000,53.700001,55.799999,55.508881,4207000
2023-06-07,56.700001,60.900002,56.700001,59.099998,58.791664,6703000
2023-06-08,60.700001,62.099998,60.000000,61.299999,60.980186,6801000
2023-06-09,61.200001,61.299999,59.599998,60.099998,59.786446,1861000
2023-06-12,59.900002,60.900002,57.299999,60.900002,60.582275,1915000
2023-06-13,62.000000,63.299999,61.299999,61.299999,60.980186,4306000
2023-06-14,62.099998,62.099998,60.599998,61.299999,60.980186,1077000
2023-06-15,62.200001,62.200001,59.599998,60.299999,59.985401,1191000
2023-06-16,59.900002,64.699997,59.900002,61.799999,61.477577,3370000
2023-06-19,62.099998,62.599998,61.299999,61.900002,61.577057,1347000
2023-06-20,62.000000,62.200001,60.500000,60.599998,60.283836,766000
2023-06-21,61.000000,62.000000,60.700001,60.700001,60.383316,428000
2023-06-26,60.700001,60.700001,58.299999,58.299999,57.995838,1042000
2023-06-27,58.400002,59.099998,57.400002,57.599998,57.299488,657000
2023-06-28,58.299999,58.599998,57.599998,57.599998,57.299488,297000
2023-06-29,57.799999,59.200001,57.799999,58.200001,57.896358,442000
2023-06-30,58.200001,58.700001,57.200001,57.799999,57.498444,352000
2023-07-03,58.500000,58.500000,56.500000,57.000000,56.702621,660000
2023-07-04,57.400002,59.099998,56.900002,57.900002,57.597927,1077000
2023-07-05,58.000000,58.000000,56.099998,56.400002,56.105751,785000
2023-07-06,56.400002,57.500000,56.000000,56.500000,56.205227,734000
2023-07-07,56.500000,56.500000,54.400002,54.799999,54.514095,633000
2023-07-10,55.799999,59.099998,55.799999,57.200001,56.901577,1393000
2023-07-11,57.299999,57.599998,56.000000,56.000000,55.707836,619000
2023-07-12,57.000000,57.000000,55.799999,56.599998,56.304707,341000
2023-07-13,57.799999,58.400002,56.700001,57.000000,56.702621,708000
2023-07-14,57.900002,61.799999,57.700001,61.000000,60.681751,3139000
2023-07-17,60.799999,63.099998,59.099998,62.200001,61.875492,2851000
2023-07-18,63.400002,65.699997,60.099998,62.000000,61.676533,4121000
2023-07-19,62.299999,62.900002,59.599998,59.700001,59.388535,1485000
2023-07-20,60.000000,63.799999,59.400002,61.400002,61.079666,2385000
2023-07-21,60.500000,62.000000,59.900002,61.099998,60.781227,1052000
2023-07-24,66.000000,66.000000,62.000000,63.000000,62.671318,3380000
2023-07-25,63.000000,65.099998,62.799999,63.400002,63.069233,2885000
2023-07-26,64.500000,64.800003,61.500000,62.500000,62.173923,1803000
2023-07-27,62.400002,62.700001,61.400002,61.599998,61.278618,1263000
2023-07-28,62.099998,62.900002,60.299999,62.700001,62.372883,1560000
2023-07-31,63.799999,68.900002,63.000000,68.500000,68.142624,11382000
2023-08-01,69.400002,74.000000,63.200001,64.599998,64.262970,15020000
2023-08-02,64.099998,64.800003,61.700001,62.000000,61.676533,2559000
2023-08-04,65.000000,68.199997,64.099998,68.199997,67.844185,7021000
2023-08-07,71.500000,75.000000,69.800003,75.000000,74.608711,13313000
2023-08-08,78.800003,79.400002,71.300003,74.500000,74.111320,15994000
2023-08-09,72.000000,73.699997,69.199997,70.199997,69.833748,5392000
2023-08-10,69.900002,69.900002,66.300003,67.099998,66.749924,3162000
2023-08-11,68.000000,71.000000,67.500000,69.199997,68.838966,3466000
2023-08-14,68.300003,68.699997,67.000000,67.199997,66.849403,1901000
2023-08-15,68.199997,70.699997,68.099998,68.599998,68.242096,1736000
2023-08-16,69.699997,73.500000,69.099998,72.500000,72.121750,7055000
2023-08-17,72.800003,75.099998,71.900002,74.099998,73.713402,7255000
2023-08-18,72.900002,73.900002,71.500000,71.800003,71.425407,2510000
2023-08-21,72.500000,72.800003,69.099998,69.699997,69.336357,2025000
2023-08-22,71.199997,71.199997,68.800003,68.900002,68.540535,1174000
2023-08-23,69.400002,75.699997,69.000000,75.199997,74.807663,7616000
2023-08-24,76.699997,79.599998,75.099998,76.900002,76.498802,13204000
2023-08-25,76.199997,78.599998,73.900002,74.800003,74.409760,4714000
2023-08-28,74.900002,75.199997,72.900002,72.900002,72.519669,1829000
2023-08-29,73.900002,74.000000,72.099998,73.800003,73.414970,1128000
2023-08-30,74.800003,74.900002,72.400002,72.400002,72.022278,1365000
2023-08-31,72.500000,73.599998,71.900002,73.300003,72.917580,1209000
2023-09-01,73.800003,74.699997,71.800003,72.000000,71.624359,1508000
2023-09-04,72.400002,72.400002,68.199997,69.099998,68.739487,2312000
2023-09-05,69.099998,70.500000,68.699997,68.800003,68.441063,913000
2023-09-06,69.800003,69.800003,68.400002,68.699997,68.341576,747000
2023-09-07,69.400002,71.400002,68.400002,70.000000,69.634796,1207000
2023-09-08,69.900002,70.000000,68.599998,68.900002,68.540535,717000
2023-09-11,68.800003,68.800003,66.599998,66.699997,66.352013,1049000
2023-09-12,67.000000,67.599998,66.300003,66.500000,66.153053,567000
2023-09-13,66.699997,67.800003,66.500000,67.199997,66.849403,398000
2023-09-14,67.800003,69.400002,67.599998,68.699997,68.341576,598000
2023-09-15,68.900002,69.099998,67.800003,68.400002,68.043144,453000
2023-09-18,68.000000,68.099998,67.400002,67.699997,67.346794,356000
2023-09-19,67.900002,72.000000,67.699997,69.599998,69.236885,2050000
2023-09-20,70.699997,72.099998,68.400002,68.400002,68.043144,1773000
2023-09-21,68.599998,68.599998,67.099998,67.199997,66.849403,548000
2023-09-22,67.000000,70.199997,66.599998,70.000000,69.634796,1051000
2023-09-25,71.099998,72.300003,69.300003,70.199997,69.833748,1548000
2023-09-26,70.000000,70.800003,68.800003,68.800003,68.441063,478000
2023-09-27,68.400002,70.699997,68.099998,70.300003,69.933235,708000
2023-09-28,70.300003,70.900002,69.300003,70.500000,70.132187,583000
2023-10-02,70.500000,71.699997,69.699997,71.199997,70.828529,1391000
2023-10-03,71.800003,71.800003,70.000000,70.000000,69.634796,609000
2023-10-04,69.599998,69.599998,68.099998,68.400002,68.043144,527000
2023-10-05,69.400002,69.400002,68.300003,68.800003,68.441063,367000
2023-10-06,66.800003,67.300003,63.599998,63.799999,63.467144,2543000
2023-10-11,64.400002,64.599998,62.200001,63.200001,62.870274,785000
2023-10-12,63.200001,65.599998,63.099998,64.400002,64.064011,504000
2023-10-13,64.699997,64.699997,63.700001,64.199997,63.865051,262000
2023-10-16,64.099998,64.099998,62.599998,63.000000,62.671318,323000
2023-10-17,63.099998,64.800003,63.099998,63.500000,63.168709,357000
2023-10-18,63.799999,63.799999,61.000000,61.299999,60.980186,477000
2023-10-19,61.299999,61.799999,60.000000,61.599998,61.278618,394000
2023-10-20,61.599998,63.299999,60.000000,62.599998,62.273403,707000
2023-10-23,63.000000,65.000000,62.299999,62.500000,62.173923,547000
2023-10-24,63.400002,64.000000,62.500000,63.900002,63.566624,254000
2023-10-25,64.500000,64.800003,64.000000,64.500000,64.163490,244000
2023-10-26,63.099998,64.000000,63.099998,63.500000,63.168709,139000
2023-10-27,63.599998,64.199997,62.700001,63.000000,62.671318,174000
2023-10-30,63.000000,63.799999,63.000000,63.299999,62.969749,103000
2023-10-31,63.700001,64.000000,61.500000,61.900002,61.577057,374000
2023-11-01,62.500000,63.000000,61.799999,62.099998,61.776012,181000
2023-11-02,63.000000,64.599998,63.000000,63.599998,63.268185,353000
2023-11-03,64.000000,64.900002,63.700001,64.699997,64.362442,296000
2023-11-06,64.699997,65.800003,64.699997,65.699997,65.357224,281000
2023-11-07,63.799999,64.800003,63.500000,64.300003,63.964539,363000
2023-11-08,64.599998,65.199997,64.000000,64.699997,64.362442,269000
2023-11-09,64.199997,64.199997,63.200001,63.200001,62.870274,190000
2023-11-10,62.700001,65.900002,62.700001,65.000000,64.660881,368000
2023-11-13,66.500000,66.900002,63.700001,63.700001,63.367664,543000
2023-11-14,63.700001,64.900002,63.700001,64.800003,64.461929,290000
2023-11-15,65.599998,65.800003,64.900002,65.400002,65.058800,405000
2023-11-16,65.400002,65.400002,64.500000,65.000000,64.660881,137000
2023-11-17,65.000000,66.000000,64.900002,66.000000,65.655663,266000
2023-11-20,65.800003,66.199997,65.400002,66.000000,65.655663,310000
2023-11-21,66.599998,68.000000,66.199997,67.199997,66.849403,710000
2023-11-22,67.400002,67.800003,66.699997,67.800003,67.446274,317000
2023-11-23,68.199997,68.800003,67.300003,67.699997,67.346794,561000
2023-11-24,67.300003,69.800003,67.300003,69.500000,69.137405,835000
2023-11-27,70.199997,70.300003,68.000000,68.000000,67.645233,451000
2023-11-28,67.599998,68.800003,67.599998,68.800003,68.441063,332000
2023-11-29,68.800003,69.900002,68.300003,68.300003,67.943672,344000
2023-11-30,68.699997,69.199997,67.900002,68.500000,68.142624,605000
2023-12-01,68.699997,69.500000,68.199997,68.300003,67.943672,424000
2023-12-04,68.500000,68.699997,66.300003,66.300003,65.954102,483000
2023-12-05,66.300003,66.800003,65.400002,65.400002,65.058800,378000
2023-12-06,65.599998,67.699997,65.599998,67.300003,66.948883,472000
2023-12-07,66.599998,67.900002,66.599998,67.000000,66.650452,191000
2023-12-08,67.199997,67.900002,66.599998,66.800003,66.451492,154000
2023-12-11,66.800003,67.000000,65.900002,65.900002,65.556190,150000
2023-12-12,66.400002,66.500000,65.599998,66.000000,65.655663,183000
2023-12-13,66.000000,66.900002,66.000000,66.400002,66.053581,122000
2023-12-14,66.800003,68.300003,65.599998,65.599998,65.257751,532000
2023-12-15,66.000000,66.000000,64.400002,64.500000,64.163490,381000
2023-12-18,64.500000,64.500000,63.099998,63.400002,63.069233,435000
2023-12-19,63.400002,63.400002,62.700001,62.900002,62.571838,226000
2023-12-20,62.799999,63.900002,62.799999,63.400002,63.069233,118000
2023-12-21,63.500000,64.599998,62.400002,62.400002,62.074448,476000
2023-12-22,63.500000,63.500000,61.799999,61.799999,61.477577,465000
2023-12-25,61.900002,62.500000,61.599998,62.000000,61.676533,405000
2023-12-26,63.099998,65.400002,63.099998,64.099998,63.765575,808000
2023-12-27,64.300003,64.599998,63.500000,64.000000,63.666100,178000
2023-12-28,63.599998,64.199997,63.500000,63.599998,63.268185,113000
2023-12-29,64.199997,66.000000,63.400002,65.300003,64.959320,400000
2024-01-02,65.800003,68.900002,64.199997,68.099998,67.744705,984000
2024-01-03,68.000000,69.699997,67.099998,69.099998,68.739487,1362000
2024-01-04,70.000000,70.300003,68.099998,68.599998,68.242096,852000
2024-01-05,69.000000,73.500000,68.699997,72.199997,71.823318,2542000
2024-01-08,72.599998,73.400002,71.000000,71.699997,71.325928,1674000
2024-01-09,71.699997,72.800003,70.400002,71.800003,71.425407,891000
2024-01-10,71.699997,72.699997,70.300003,70.699997,70.331139,546000
2024-01-11,71.000000,73.300003,70.900002,71.199997,70.828529,1502000
2024-01-12,71.300003,72.599998,71.300003,72.199997,71.823318,679000
2024-01-15,74.400002,79.400002,74.000000,78.900002,78.488365,10572816
2024-01-16,78.300003,81.500000,76.900002,80.099998,79.682098,6940000
2024-01-17,80.000000,81.000000,77.599998,79.199997,78.786797,3998000
2024-01-18,79.500000,83.000000,76.400002,82.199997,81.771141,8445000
2024-01-19,85.000000,85.000000,80.300003,84.699997,84.258102,10357000
2024-01-22,84.699997,87.199997,83.699997,86.199997,85.750275,8057000
2024-01-23,86.500000,88.400002,85.500000,88.300003,87.839325,5443000
2024-01-24,88.000000,95.000000,87.199997,87.599998,87.142975,16176000
2024-01-25,87.900002,88.800003,85.699997,88.300003,87.839325,6155000
2024-01-26,88.199997,91.900002,86.699997,87.000000,86.546104,6452000
2024-01-29,87.099998,88.300003,86.500000,87.699997,87.242447,2441000
2024-01-30,88.099998,89.500000,87.300003,88.800003,88.336716,3336000
2024-01-31,88.699997,92.500000,88.300003,90.599998,90.127319,5431000
2024-02-01,90.500000,91.099998,89.199997,89.400002,88.933586,2339000
2024-02-02,89.400002,90.400002,87.599998,88.099998,87.640366,2242000
2024-02-05,87.800003,89.800003,86.000000,89.500000,89.033058,2869000
2024-02-15,89.900002,93.500000,88.599998,91.300003,90.823669,4217000
2024-02-16,92.099998,94.900002,91.800003,94.900002,94.404892,4868000
2024-02-19,96.099998,96.800003,92.099998,93.599998,93.111671,4163000
2024-02-20,93.599998,95.500000,92.199997,95.099998,94.603844,3323000
2024-02-21,95.699997,96.000000,93.400002,95.099998,94.603844,2438000
2024-02-22,95.900002,98.000000,93.199997,95.099998,94.603844,4860000
2024-02-23,95.800003,100.500000,95.800003,98.900002,98.384018,8630000
2024-02-26,101.000000,106.000000,97.500000,103.000000,102.462631,7913000
2024-02-27,103.500000,104.000000,94.800003,96.099998,95.598625,7708000
2024-02-29,96.199997,97.900002,95.500000,97.599998,97.090797,2012000
2024-03-01,98.500000,103.500000,95.800003,97.300003,96.792374,5169000
2024-03-04,99.000000,100.500000,95.400002,95.400002,94.902283,3738000
2024-03-05,96.000000,96.500000,93.500000,96.400002,95.897064,2925000
2024-03-06,95.500000,98.800003,95.099998,97.800003,97.289764,2754000
2024-03-07,98.000000,101.500000,96.199997,100.000000,99.478279,5522000
2024-03-08,100.000000,100.500000,92.900002,93.699997,93.211143,5110000
2024-03-11,93.900002,99.500000,93.900002,97.800003,97.289764,3490000
2024-03-12,98.099998,100.500000,97.400002,99.000000,98.483498,2954000
2024-03-13,99.500000,99.900002,94.599998,94.800003,94.305412,3093000
2024-03-14,95.000000,95.000000,89.099998,91.800003,91.321068,3302000
2024-03-15,92.699997,92.900002,89.400002,89.500000,89.033058,2263000
2024-03-18,89.500000,92.900002,89.300003,91.699997,91.221581,1632000
2024-03-19,91.599998,97.599998,91.500000,95.500000,95.001755,3254000
2024-03-20,95.500000,95.500000,95.500000,95.500000,95.001755,0
2024-03-21,94.599998,94.900002,92.900002,93.000000,92.514801,877000
2024-03-22,93.000000,93.000000,91.300003,91.900002,91.420540,1221000
2024-03-25,91.900002,91.900002,91.900002,91.900002,91.420540,0
2024-03-26,94.800003,95.099998,92.000000,92.199997,91.718971,1513000
2024-03-27,92.500000,96.500000,92.500000,95.900002,95.399673,2330000
2024-03-28,95.900002,95.900002,91.599998,91.599998,91.122101,2886000
2024-03-29,91.800003,95.599998,91.800003,93.500000,93.012192,1654000
2024-04-01,93.900002,98.300003,93.000000,96.000000,95.499146,2974000
2024-04-02,96.000000,99.500000,95.199997,98.099998,98.099998,4211000
2024-04-03,97.599998,104.000000,95.699997,102.500000,102.500000,7264000
2024-04-08,105.000000,105.500000,96.500000,98.099998,98.099998,6266000
2024-04-09,97.000000,97.699997,93.699997,93.800003,93.800003,3808000
2024-04-10,93.800003,96.000000,93.099998,95.500000,95.500000,1752000
2024-04-11,95.800003,100.500000,93.800003,99.500000,99.500000,4821000
2024-04-12,99.900002,102.500000,99.000000,100.500000,100.500000,3621000
2024-04-15,98.699997,99.900002,96.500000,96.599998,96.599998,2232000
2024-04-16,96.599998,96.599998,93.400002,94.599998,94.599998,2315000
2024-04-17,94.900002,101.000000,94.900002,99.199997,99.199997,3559000
2024-04-18,99.099998,101.000000,97.099998,99.599998,99.599998,2845000
2024-04-19,98.300003,98.300003,91.699997,94.599998,94.599998,4394000
2024-04-22,94.199997,94.500000,90.199997,90.199997,90.199997,2777000
2024-04-23,91.900002,94.400002,90.900002,91.099998,91.099998,1622000
2024-04-24,92.699997,99.099998,92.300003,97.699997,97.699997,4202000
2024-04-25,97.099998,98.699997,94.099998,94.500000,94.500000,2298000
2024-04-26,95.199997,96.800003,92.400002,92.599998,92.599998,2102000
2024-04-29,92.900002,93.800003,91.900002,92.400002,92.400002,1701000
2024-04-30,92.599998,93.800003,92.000000,92.699997,92.699997,825000
2024-05-02,92.699997,94.199997,91.000000,94.099998,94.099998,1348000
2024-05-03,95.000000,96.699997,91.500000,91.500000,91.500000,2633000
2024-05-06,93.400002,96.599998,92.199997,92.500000,92.500000,3320000
2024-05-07,93.099998,96.300003,93.099998,95.000000,95.000000,2795000
2024-05-08,95.000000,97.800003,93.699997,96.400002,96.400002,2305000
2024-05-09,96.000000,96.000000,92.000000,92.900002,92.900002,2505000
2024-05-10,93.500000,93.900002,92.300003,93.500000,93.500000,901000
2024-05-13,94.000000,94.099998,91.699997,92.000000,92.000000,847000
2024-05-14,92.099998,95.099998,91.900002,93.800003,93.800003,1022000
2024-05-15,94.400002,94.800003,92.900002,92.900002,92.900002,582000
2024-05-16,93.099998,94.199997,93.099998,94.000000,94.000000,616000
2024-05-17,94.000000,95.099998,92.900002,94.900002,94.900002,911000
2024-05-20,95.400002,95.800003,92.400002,92.699997,92.699997,1011000
2024-05-21,93.099998,94.400002,92.599998,93.000000,93.000000,594000
2024-05-22,93.199997,101.000000,93.099998,98.900002,98.900002,8052269