日期,自營商多,自營商空,自營商多空淨額,投信多,投信空,投信多空淨額,外資多,外資空,外資多空淨額
2021/01/04,"27,483","5,910","21,573","12,858","25,023","-12,165","47,304","57,524","-10,220"
2021/01/05,"28,458","6,224","22,234","12,852","25,091","-12,239","47,213","58,138","-10,925"
2021/01/06,"28,872","7,036","21,836","12,893","25,013","-12,120","47,161","58,291","-11,130"
2021/01/07,"29,952","6,675","23,277","12,945","23,913","-10,968","48,671","61,467","-12,796"
2021/01/08,"29,659","6,595","23,064","12,971","23,137","-10,166","51,101","66,427","-15,326"
2021/01/11,"31,217","7,287","23,930","12,994","23,112","-10,118","50,064","68,908","-18,844"
2021/01/12,"31,890","8,541","23,349","12,920","23,119","-10,199","52,701","71,902","-19,201"
2021/01/13,"31,078","7,378","23,700","13,051","22,457","-9,406","53,259","74,794","-21,535"
2021/01/14,"33,241","8,096","25,145","13,067","22,699","-9,632","49,059","77,177","-28,118"
2021/01/15,"32,449","7,733","24,716","13,029","22,511","-9,482","45,754","70,606","-24,852"
2021/01/18,"33,041","6,716","26,325","12,966","22,616","-9,650","48,758","76,741","-27,983"
2021/01/19,"32,007","5,739","26,268","13,225","21,902","-8,677","39,270","69,252","-29,982"
2021/01/20,"25,776","4,645","21,131","13,104","22,325","-9,221","33,210","49,927","-16,717"
2021/01/21,"26,331","4,736","21,595","13,036","21,045","-8,009","30,347","50,928","-20,581"
2021/01/22,"27,528","4,502","23,026","13,286","21,602","-8,316","29,227","56,778","-27,551"
2021/01/25,"28,482","4,817","23,665","13,142","21,865","-8,723","29,970","59,093","-29,123"
2021/01/26,"28,718","5,900","22,818","12,876","22,833","-9,957","30,505","58,009","-27,504"
2021/01/27,"27,430","5,862","21,568","12,761","22,822","-10,061","31,457","59,563","-28,106"
2021/01/28,"27,533","6,511","21,022","12,346","23,259","-10,913","31,669","59,476","-27,807"
2021/01/29,"28,592","7,686","20,906","12,070","24,133","-12,063","35,390","52,756","-17,366"
2021/02/01,"28,105","7,022","21,083","12,262","23,356","-11,094","34,878","54,502","-19,624"
2021/02/02,"28,331","7,458","20,873","12,566","21,986","-9,420","35,017","53,872","-18,855"
2021/02/03,"27,890","5,568","22,322","12,552","21,984","-9,432","29,485","51,227","-21,742"
2021/02/04,"28,533","6,519","22,014","12,539","22,421","-9,882","30,951","51,840","-20,889"
2021/02/05,"27,939","5,740","22,199","12,490","21,986","-9,496","33,261","55,922","-22,661"
2021/02/17,"24,698","4,244","20,454","13,015","20,256","-7,241","26,950","43,941","-16,991"
2021/02/18,"25,192","3,956","21,236","13,011","19,733","-6,722","26,203","49,352","-23,149"
2021/02/19,"25,918","4,415","21,503","12,860","19,952","-7,092","25,014","46,952","-21,938"
2021/02/22,"26,423","3,862","22,561","12,999","19,936","-6,937","23,744","49,931","-26,187"
2021/02/23,"26,651","4,493","22,158","13,013","19,725","-6,712","24,750","52,542","-27,792"
2021/02/24,"25,769","4,697","21,072","12,845","20,380","-7,535","24,216","53,364","-29,148"
2021/02/25,"25,909","5,080","20,829","13,261","19,837","-6,576","25,137","53,619","-28,482"
2021/02/26,"27,163","7,038","20,125","13,281","20,842","-7,561","26,163","55,598","-29,435"
2021/03/02,"27,215","7,314","19,901","13,238","21,042","-7,804","29,050","53,803","-24,753"
2021/03/03,"25,960","6,747","19,213","13,368","20,496","-7,128","26,876","51,837","-24,961"
2021/03/04,"26,170","7,232","18,938","13,386","21,149","-7,763","26,287","50,037","-23,750"
2021/03/05,"26,515","7,565","18,950","13,296","21,575","-8,279","26,186","51,881","-25,695"
2021/03/08,"26,916","8,409","18,507","13,247","21,569","-8,322","27,958","48,152","-20,194"
2021/03/09,"27,834","8,826","19,008","13,405","21,373","-7,968","26,092","50,017","-23,925"
2021/03/10,"26,172","6,794","19,378","13,400","21,362","-7,962","26,178","47,858","-21,680"
2021/03/11,"25,512","6,054","19,458","13,739","20,291","-6,552","24,513","51,651","-27,138"
2021/03/12,"26,859","5,796","21,063","13,748","20,286","-6,538","22,916","51,775","-28,859"
2021/03/15,"28,255","6,989","21,266","13,750","20,290","-6,540","24,368","54,673","-30,305"
2021/03/16,"27,877","8,088","19,789","13,950","20,272","-6,322","28,249","55,150","-26,901"
2021/03/17,"26,272","3,127","23,145","13,872","20,288","-6,416","21,981","49,331","-27,350"
2021/03/18,"26,148","3,684","22,464","13,896","20,265","-6,369","22,522","49,236","-26,714"
2021/03/19,"27,759","4,597","23,162","13,406","20,311","-6,905","22,187","49,580","-27,393"
2021/03/22,"27,001","4,236","22,765","13,467","19,892","-6,425","22,377","47,330","-24,953"
2021/03/23,"28,479","4,606","23,873","14,052","19,891","-5,839","21,278","47,255","-25,977"
2021/03/24,"28,710","4,864","23,846","13,898","20,424","-6,526","20,568","48,786","-28,218"
2021/03/25,"28,127","4,662","23,465","13,957","20,424","-6,467","21,208","46,313","-25,105"
2021/03/26,"27,619","4,177","23,442","14,273","19,662","-5,389","25,493","48,328","-22,835"
2021/03/29,"27,812","4,569","23,243","14,355","19,645","-5,290","25,129","45,470","-20,341"
2021/03/30,"27,764","4,797","22,967","14,314","19,337","-5,023","26,057","45,422","-19,365"
2021/03/31,"28,076","5,013","23,063","14,159","19,555","-5,396","23,734","45,113","-21,379"
2021/04/01,"26,987","4,539","22,448","14,099","19,337","-5,238","24,704","44,520","-19,816"
2021/04/06,"26,632","4,651","21,981","14,265","18,797","-4,532","25,837","44,958","-19,121"
2021/04/07,"27,623","4,387","23,236","14,169","18,806","-4,637","20,909","43,776","-22,867"
2021/04/08,"28,302","4,731","23,571","14,286","18,480","-4,194","21,067","44,429","-23,362"
2021/04/09,"28,363","5,242","23,121","14,344","18,492","-4,148","19,040","44,492","-25,452"
2021/04/12,"28,292","5,323","22,969","14,325","18,494","-4,169","18,594","44,566","-25,972"
2021/04/13,"29,666","6,006","23,660","14,163","18,898","-4,735","20,222","45,628","-25,406"
2021/04/14,"28,556","4,723","23,833","14,232","18,901","-4,669","19,079","44,249","-25,170"
2021/04/15,"28,666","4,673","23,993","14,287","18,364","-4,077","19,026","43,620","-24,594"
2021/04/16,"29,576","4,891","24,685","14,534","18,147","-3,613","19,680","48,530","-28,850"
2021/04/19,"28,213","5,766","22,447","14,706","17,830","-3,124","23,072","47,607","-24,535"
2021/04/20,"29,716","6,055","23,661","14,724","17,842","-3,118","22,058","50,890","-28,832"
2021/04/21,"25,741","2,565","23,176","14,316","18,062","-3,746","17,137","43,805","-26,668"
2021/04/22,"26,587","3,786","22,801","14,289","18,267","-3,978","16,068","44,802","-28,734"
2021/04/23,"25,808","3,245","22,563","14,362","18,061","-3,699","17,390","46,847","-29,457"
2021/04/26,"26,265","3,327","22,938","14,594","17,418","-2,824","17,447","47,933","-30,486"
2021/04/27,"27,493","3,705","23,788","14,610","17,421","-2,811","17,716","49,167","-31,451"
2021/04/28,"26,737","2,746","23,991","14,612","17,423","-2,811","15,786","49,127","-33,341"
2021/04/29,"27,147","2,758","24,389","14,623","17,441","-2,818","16,667","48,675","-32,008"
2021/05/03,"28,492","4,046","24,446","14,836","18,114","-3,278","17,359","53,610","-36,251"
2021/05/04,"28,979","4,585","24,394","14,824","18,840","-4,016","17,741","57,105","-39,364"
2021/05/05,"27,135","4,118","23,017","14,636","19,346","-4,710","16,607","55,361","-38,754"
2021/05/06,"26,726","4,421","22,305","14,767","19,068","-4,301","18,536","52,710","-34,174"
2021/05/07,"26,223","3,583","22,640","15,104","18,411","-3,307","17,462","53,492","-36,030"
2021/05/10,"26,412","3,063","23,349","15,148","18,466","-3,318","18,507","56,026","-37,519"
2021/05/11,"28,260","4,777","23,483","14,348","20,125","-5,777","22,733","55,251","-32,518"
2021/05/12,"27,112","4,725","22,387","14,303","22,081","-7,778","26,374","51,237","-24,863"
2021/05/13,"27,569","5,741","21,828","14,191","21,690","-7,499","26,491","48,283","-21,792"
2021/05/14,"26,525","6,839","19,686","14,360","21,242","-6,882","28,580","44,104","-15,524"
2021/05/17,"27,226","6,277","20,949","14,281","22,708","-8,427","26,529","41,935","-15,406"
2021/05/18,"26,452","5,641","20,811","14,967","20,369","-5,402","29,854","49,958","-20,104"
2021/05/19,"24,202","2,165","22,037","14,969","20,373","-5,404","20,476","40,557","-20,081"
2021/05/20,"25,132","2,801","22,331","14,661","20,712","-6,051","20,968","39,951","-18,983"
2021/05/21,"25,482","3,001","22,481","14,890","19,944","-5,054","20,309","41,629","-21,320"
2021/05/24,"25,779","2,806","22,973","14,964","19,732","-4,768","20,432","44,702","-24,270"
2021/05/25,"24,588","3,008","21,580","15,227","19,068","-3,841","20,242","43,186","-22,944"
2021/05/26,"24,780","2,842","21,938","15,375","19,064","-3,689","20,711","43,305","-22,594"
2021/05/27,"24,668","2,741","21,927","15,432","19,277","-3,845","19,382","42,736","-23,354"
2021/05/28,"24,137","2,790","21,347","15,674","18,511","-2,837","20,427","44,493","-24,066"
2021/05/31,"24,327","3,422","20,905","15,754","18,284","-2,530","20,339","45,091","-24,752"
2021/06/01,"26,002","4,766","21,236","16,472","17,973","-1,501","21,907","47,184","-25,277"
2021/06/02,"25,969","5,550","20,419","17,196","17,976",-780,"21,800","46,329","-24,529"
2021/06/03,"26,432","5,327","21,105","17,706","17,976",-270,"22,313","47,293","-24,980"
2021/06/04,"27,358","6,105","21,253","18,352","18,401",-49,"21,797","49,636","-27,839"
2021/06/07,"28,370","6,483","21,887","18,480","18,445",35,"21,672","49,036","-27,364"
2021/06/08,"28,541","7,130","21,411","18,535","18,448",87,"21,029","49,234","-28,205"
2021/06/09,"28,958","4,700","24,258","18,398","18,878",-480,"21,243","49,911","-28,668"
2021/06/10,"30,280","4,802","25,478","18,651","18,188",463,"19,742","49,414","-29,672"
2021/06/11,"29,546","4,357","25,189","18,833","18,193",640,"20,388","49,507","-29,119"
2021/06/15,"27,610","3,330","24,280","19,164","17,861","1,303","21,584","52,853","-31,269"
2021/06/16,"22,940","3,128","19,812","19,427","17,862","1,565","18,165","47,183","-29,018"
2021/06/17,"24,455","3,079","21,376","19,465","17,859","1,606","19,049","52,137","-33,088"
2021/06/18,"24,422","3,452","20,970","19,452","17,874","1,578","17,862","49,474","-31,612"
2021/06/21,"25,421","4,341","21,080","19,187","18,537",650,"19,876","51,350","-31,474"
2021/06/22,"25,415","5,973","19,442","19,114","18,528",586,"18,175","49,247","-31,072"
2021/06/23,"25,518","7,005","18,513","19,435","17,781","1,654","18,706","51,170","-32,464"
2021/06/24,"25,093","7,474","17,619","19,506","17,767","1,739","19,912","51,406","-31,494"
2021/06/25,"24,206","6,913","17,293","19,492","17,569","1,923","19,251","48,745","-29,494"
2021/06/28,"24,002","7,078","16,924","19,479","17,353","2,126","20,029","50,063","-30,034"
2021/06/29,"24,190","6,192","17,998","19,444","17,353","2,091","20,989","50,291","-29,302"
2021/06/30,"23,953","6,926","17,027","19,634","16,912","2,722","21,787","50,858","-29,071"
2021/07/01,"23,513","5,962","17,551","19,517","17,125","2,392","21,337","51,250","-29,913"
2021/07/02,"23,942","6,618","17,324","19,526","17,123","2,403","21,386","50,251","-28,865"
2021/07/05,"23,681","7,537","16,144","19,911","16,577","3,334","22,294","50,374","-28,080"
2021/07/06,"23,619","7,020","16,599","19,832","16,577","3,255","21,759","50,772","-29,013"
2021/07/07,"23,187","6,494","16,693","19,597","16,796","2,801","22,642","50,077","-27,435"
2021/07/08,"23,619","6,311","17,308","19,625","16,792","2,833","22,156","49,653","-27,497"
2021/07/09,"23,255","6,563","16,692","19,362","16,910","2,452","21,564","50,304","-28,740"
2021/07/12,"23,224","7,393","15,831","19,609","16,470","3,139","20,711","49,967","-29,256"
2021/07/13,"22,648","8,744","13,904","19,609","16,468","3,141","22,679","50,891","-28,212"
2021/07/14,"22,123","6,707","15,416","18,413","16,468","1,945","22,147","49,294","-27,147"
2021/07/15,"22,649","6,599","16,050","18,489","16,138","2,351","21,305","49,348","-28,043"
2021/07/16,"23,731","6,460","17,271","18,399","16,356","2,043","22,340","51,917","-29,577"
2021/07/19,"24,873","6,096","18,777","18,415","16,504","1,911","18,425","52,291","-33,866"
2021/07/20,"24,868","5,888","18,980","18,222","17,156","1,066","18,414","54,852","-36,438"
2021/07/21,"21,836","4,191","17,645","18,134","17,305",829,"16,498","51,703","-35,205"
2021/07/22,"21,790","4,648","17,142","18,252","17,072","1,180","17,346","52,533","-35,187"
2021/07/23,"21,963","4,958","17,005","18,123","16,632","1,491","17,456","52,819","-35,363"
2021/07/26,"23,444","4,926","18,518","17,561","16,978",583,"17,606","52,043","-34,437"
2021/07/27,"22,555","5,824","16,731","17,499","16,980",519,"17,185","51,925","-34,740"
2021/07/28,"21,862","5,152","16,710","16,865","18,095","-1,230","16,149","47,605","-31,456"
2021/07/29,"21,698","5,630","16,068","17,228","17,319",-91,"18,698","47,064","-28,366"
2021/07/30,"20,897","5,036","15,861","17,207","17,539",-332,"18,212","46,353","-28,141"
2021/08/02,"20,098","4,876","15,222","17,556","16,987",569,"19,220","49,031","-29,811"
2021/08/03,"20,457","4,558","15,899","17,485","16,950",535,"19,320","47,865","-28,545"
2021/08/04,"20,118","4,676","15,442","17,663","16,726",937,"20,768","48,086","-27,318"
2021/08/05,"19,767","4,651","15,116","17,657","16,654","1,003","19,280","49,563","-30,283"
2021/08/06,"20,188","4,605","15,583","17,520","16,971",549,"18,997","47,410","-28,413"
2021/08/09,"19,931","5,084","14,847","17,533","17,387",146,"19,257","45,605","-26,348"
2021/08/10,"20,487","5,702","14,785","17,380","17,745",-365,"19,021","46,943","-27,922"
2021/08/11,"19,682","5,289","14,393","17,358","17,966",-608,"16,693","48,400","-31,707"
2021/08/12,"19,432","5,213","14,219","17,371","17,966",-595,"17,811","48,300","-30,489"
2021/08/13,"20,297","5,895","14,402","17,314","18,270",-956,"17,318","49,400","-32,082"
2021/08/16,"19,226","5,583","13,643","17,191","18,449","-1,258","18,458","46,527","-28,069"
2021/08/17,"18,508","5,692","12,816","17,327","18,789","-1,462","18,559","45,680","-27,121"
2021/08/18,"16,357","3,928","12,429","17,474","18,108",-634,"14,825","42,218","-27,393"
2021/08/19,"16,031","5,066","10,965","17,034","19,030","-1,996","15,824","39,660","-23,836"
2021/08/20,"16,510","5,679","10,831","16,987","19,238","-2,251","16,173","36,813","-20,640"
2021/08/23,"17,061","5,960","11,101","17,443","18,132",-689,"17,580","39,793","-22,213"
2021/08/24,"16,851","6,524","10,327","17,544","17,982",-438,"18,600","39,772","-21,172"
2021/08/25,"16,337","5,936","10,401","17,739","17,544",195,"19,667","40,684","-21,017"
2021/08/26,"16,803","5,468","11,335","17,614","17,542",72,"17,175","37,104","-19,929"
2021/08/27,"15,686","6,394","9,292","16,783","17,002",-219,"17,936","35,507","-17,571"
2021/08/30,"16,143","6,830","9,313","16,953","16,373",580,"16,685","35,983","-19,298"
2021/08/31,"16,050","7,743","8,307","17,024","15,857","1,167","21,774","40,938","-19,164"
2021/09/01,"14,876","6,450","8,426","17,037","15,845","1,192","21,897","42,096","-20,199"
2021/09/02,"14,118","6,442","7,676","16,892","16,069",823,"21,671","37,476","-15,805"
2021/09/03,"14,485","7,603","6,882","16,771","15,733","1,038","20,410","40,226","-19,816"
2021/09/06,"14,283","7,961","6,322","16,744","15,939",805,"21,392","37,688","-16,296"
2021/09/07,"14,822","8,504","6,318","15,964","15,944",20,"20,306","35,886","-15,580"
2021/09/08,"13,655","7,043","6,612","15,677","16,487",-810,"20,623","34,820","-14,197"
2021/09/09,"14,360","7,182","7,178","14,941","16,487","-1,546","22,436","34,091","-11,655"
2021/09/10,"14,890","7,435","7,455","15,030","15,989",-959,"22,919","37,221","-14,302"
2021/09/13,"17,000","8,654","8,346","15,006","16,104","-1,098","22,015","37,418","-15,403"
2021/09/14,"15,819","8,487","7,332","15,112","16,095",-983,"23,342","38,710","-15,368"
2021/09/15,"16,219","4,844","11,375","14,244","16,307","-2,063","16,495","31,581","-15,086"
2021/09/16,"16,879","4,999","11,880","14,165","16,528","-2,363","15,674","33,671","-17,997"
2021/09/17,"16,742","5,989","10,753","14,217","16,506","-2,289","17,970","34,583","-16,613"
2021/09/22,"18,394","5,421","12,973","12,955","17,206","-4,251","16,336","34,164","-17,828"
2021/09/23,"18,650","5,621","13,029","13,094","16,906","-3,812","18,329","34,797","-16,468"
2021/09/24,"18,225","5,659","12,566","13,165","16,528","-3,363","19,014","36,477","-17,463"
2021/09/27,"18,873","6,373","12,500","13,176","16,518","-3,342","20,034","39,360","-19,326"
2021/09/28,"19,190","6,782","12,408","12,434","16,640","-4,206","18,151","36,597","-18,446"
2021/09/29,"19,975","6,369","13,606","11,987","17,513","-5,526","18,110","36,280","-18,170"
2021/09/30,"20,433","6,681","13,752","12,194","17,186","-4,992","20,010","36,741","-16,731"
2021/10/01,"21,131","7,293","13,838","12,100","18,183","-6,083","24,484","37,521","-13,037"
2021/10/04,"20,901","7,470","13,431","12,265","18,200","-5,935","25,458","36,615","-11,157"
2021/10/05,"21,961","7,282","14,679","12,618","18,127","-5,509","21,656","38,785","-17,129"
2021/10/06,"20,787","5,685","15,102","12,642","18,125","-5,483","23,353","37,095","-13,742"
2021/10/07,"20,532","7,268","13,264","12,949","17,293","-4,344","21,783","40,063","-18,280"
2021/10/08,"21,460","7,522","13,938","12,851","17,514","-4,663","19,757","40,901","-21,144"
2021/10/12,"22,296","9,066","13,230","12,734","17,965","-5,231","21,797","37,431","-15,634"
2021/10/13,"21,171","8,356","12,815","12,747","18,099","-5,352","20,524","38,960","-18,436"
2021/10/14,"20,684","8,064","12,620","12,783","18,088","-5,305","23,632","39,759","-16,127"
2021/10/15,"21,145","7,863","13,282","13,316","17,122","-3,806","23,033","40,683","-17,650"
2021/10/18,"21,114","7,831","13,283","13,423","17,088","-3,665","24,078","43,080","-19,002"
2021/10/19,"20,330","8,641","11,689","13,824","16,754","-2,930","22,924","41,130","-18,206"
2021/10/20,"18,454","3,602","14,852","14,047","16,753","-2,706","17,323","34,786","-17,463"
2021/10/21,"19,478","3,646","15,832","12,801","16,738","-3,937","19,664","37,827","-18,163"
2021/10/22,"19,443","3,358","16,085","12,719","16,736","-4,017","19,291","39,293","-20,002"
2021/10/25,"19,523","3,515","16,008","12,703","16,738","-4,035","19,108","39,136","-20,028"
2021/10/26,"19,860","4,960","14,900","12,776","16,455","-3,679","20,112","42,177","-22,065"
2021/10/27,"20,457","3,746","16,711","12,699","16,452","-3,753","19,594","42,260","-22,666"
2021/10/28,"20,600","3,852","16,748","12,583","16,455","-3,872","19,933","42,347","-22,414"
2021/10/29,"22,083","4,284","17,799","12,485","16,619","-4,134","19,062","42,904","-23,842"
2021/11/01,"22,289","4,549","17,740","12,580","16,396","-3,816","20,227","42,311","-22,084"
2021/11/02,"22,463","5,575","16,888","12,535","16,507","-3,972","21,541","43,984","-22,443"
2021/11/03,"21,401","4,389","17,012","12,592","16,497","-3,905","20,790","42,324","-21,534"
2021/11/04,"21,452","4,375","17,077","12,612","16,176","-3,564","20,776","43,873","-23,097"
2021/11/05,"21,944","4,045","17,899","12,650","15,701","-3,051","22,740","44,136","-21,396"
2021/11/08,"21,427","4,109","17,318","12,763","15,481","-2,718","24,888","42,343","-17,455"
2021/11/09,"20,617","4,158","16,459","12,714","15,162","-2,448","25,784","39,366","-13,582"
2021/11/10,"21,292","3,836","17,456","12,634","14,882","-2,248","23,757","40,270","-16,513"
2021/11/11,"20,986","4,481","16,505","12,592","14,595","-2,003","23,348","41,338","-17,990"
2021/11/12,"20,371","4,148","16,223","12,638","14,588","-1,950","25,699","42,670","-16,971"
2021/11/15,"19,721","4,221","15,500","12,616","14,269","-1,653","29,454","45,033","-15,579"
2021/11/16,"18,962","5,435","13,527","12,678","14,267","-1,589","29,676","44,739","-15,063"
2021/11/17,"17,274","3,451","13,823","12,770","14,117","-1,347","22,930","38,480","-15,550"
2021/11/18,"17,291","3,883","13,408","12,713","13,956","-1,243","24,175","42,115","-17,940"
2021/11/19,"17,598","3,718","13,880","12,583","13,957","-1,374","22,931","42,698","-19,767"
2021/11/22,"17,656","4,122","13,534","12,582","13,957","-1,375","26,119","44,775","-18,656"
2021/11/23,"18,593","4,469","14,124","12,442","14,287","-1,845","25,391","44,098","-18,707"
2021/11/24,"18,151","4,112","14,039","12,388","14,287","-1,899","26,591","45,556","-18,965"
2021/11/25,"18,487","3,966","14,521","12,376","14,287","-1,911","26,150","46,472","-20,322"
2021/11/26,"18,179","4,586","13,593","12,157","14,940","-2,783","25,483","45,526","-20,043"
2021/11/29,"17,321","4,546","12,775","12,207","14,945","-2,738","27,290","45,770","-18,480"
2021/11/30,"19,546","4,991","14,555","12,287","14,972","-2,685","25,816","47,610","-21,794"
2021/12/01,"18,517","4,812","13,705","12,410","14,480","-2,070","27,067","48,641","-21,574"
2021/12/02,"18,076","5,169","12,907","12,479","14,320","-1,841","25,754","47,612","-21,858"
2021/12/03,"18,793","5,126","13,667","12,481","14,315","-1,834","25,658","47,825","-22,167"
2021/12/06,"20,154","6,101","14,053","12,477","14,317","-1,840","26,877","50,907","-24,030"
2021/12/07,"20,974","5,968","15,006","13,726","14,213",-487,"25,350","51,568","-26,218"
2021/12/08,"18,022","4,102","13,920","14,295","14,166",129,"25,001","50,415","-25,414"
2021/12/09,"17,793","4,144","13,649","14,368","14,171",197,"25,804","50,404","-24,600"
2021/12/10,"18,450","3,966","14,484","14,425","14,172",253,"24,508","50,924","-26,416"
2021/12/13,"19,017","4,800","14,217","14,398","14,382",16,"27,013","52,763","-25,750"
2021/12/14,"20,214","6,095","14,119","14,556","14,812",-256,"26,018","52,546","-26,528"
2021/12/15,"16,895","1,969","14,926","14,959","14,817",142,"20,890","46,678","-25,788"
2021/12/16,"17,043","1,873","15,170","15,153","14,378",775,"21,203","47,733","-26,530"
2021/12/17,"16,673","2,408","14,265","15,184","14,379",805,"22,015","47,429","-25,414"
2021/12/20,"18,173","2,416","15,757","14,990","14,663",327,"21,589","48,231","-26,642"
2021/12/21,"18,020","2,951","15,069","15,173","14,333",840,"22,106","47,519","-25,413"
2021/12/22,"17,966","2,167","15,799","15,206","14,323",883,"21,197","45,391","-24,194"
2021/12/23,"18,213","2,192","16,021","15,039","14,107",932,"22,282","46,148","-23,866"
2021/12/24,"17,674","2,260","15,414","15,047","14,107",940,"23,007","47,663","-24,656"
2021/12/27,"17,598","2,451","15,147","15,038","13,892","1,146","25,438","48,898","-23,460"
2021/12/28,"17,407","2,919","14,488","15,120","13,724","1,396","27,786","50,379","-22,593"
2021/12/29,"17,622","2,489","15,133","15,194","13,568","1,626","29,056","52,147","-23,091"
2021/12/30,"17,979","2,345","15,634","15,287","13,633","1,654","27,306","52,462","-25,156"
2022/01/03,"18,361","2,641","15,720","15,356","13,514","1,842","26,582","51,758","-25,176"
2022/01/04,"19,420","3,025","16,395","15,524","13,134","2,390","27,113","51,817","-24,704"
2022/01/05,"19,120","2,736","16,384","16,039","13,136","2,903","27,902","51,989","-24,087"
2022/01/06,"17,886","2,973","14,913","16,069","13,424","2,645","28,444","51,581","-23,137"
2022/01/07,"18,625","3,762","14,863","15,960","13,718","2,242","25,367","51,976","-26,609"
2022/01/10,"19,386","3,732","15,654","16,080","13,544","2,536","25,419","50,850","-25,431"
2022/01/11,"20,127","3,695","16,432","16,091","13,590","2,501","23,945","52,262","-28,317"
2022/01/12,"19,409","2,479","16,930","16,250","13,682","2,568","23,031","51,460","-28,429"
2022/01/13,"18,412","3,337","15,075","16,299","13,670","2,629","24,230","49,927","-25,697"
2022/01/14,"18,722","3,063","15,659","16,304","13,680","2,624","23,473","48,947","-25,474"
2022/01/17,"19,996","5,034","14,962","16,398","13,616","2,782","24,820","50,454","-25,634"
2022/01/18,"20,828","4,608","16,220","16,409","14,029","2,380","26,327","50,530","-24,203"
2022/01/19,"17,330","2,650","14,680","16,397","14,674","1,723","21,290","45,781","-24,491"
2022/01/20,"18,029","2,413","15,616","16,497","14,604","1,893","21,835","46,710","-24,875"
2022/01/21,"19,036","3,358","15,678","16,621","15,286","1,335","21,095","47,110","-26,015"
2022/01/24,"19,074","2,925","16,149","16,795","15,172","1,623","19,591","46,732","-27,141"
2022/01/25,"20,838","3,635","17,203","16,768","15,760","1,008","17,523","50,251","-32,728"
2022/01/26,"20,361","3,784","16,577","17,240","15,790","1,450","17,849","49,630","-31,781"
2022/02/07,"21,511","3,772","17,739","16,977","15,334","1,643","18,470","48,730","-30,260"
2022/02/08,"21,339","4,114","17,225","17,122","15,110","2,012","18,868","48,402","-29,534"
2022/02/09,"21,816","4,215","17,601","17,213","14,880","2,333","20,349","45,801","-25,452"
2022/02/10,"21,462","4,555","16,907","15,808","14,813",995,"21,723","42,282","-20,559"
2022/02/11,"21,317","5,555","15,762","14,010","14,315",-305,"22,969","41,991","-19,022"
2022/02/14,"21,858","5,126","16,732","13,382","14,682","-1,300","20,915","42,060","-21,145"
2022/02/15,"19,424","5,218","14,206","13,328","14,836","-1,508","23,195","39,586","-16,391"
2022/02/16,"17,473","3,469","14,004","12,815","14,316","-1,501","19,729","35,153","-15,424"
2022/02/17,"18,005","3,829","14,176","12,848","14,373","-1,525","21,116","37,563","-16,447"
2022/02/18,"18,298","3,962","14,336","12,849","14,418","-1,569","22,185","39,394","-17,209"
2022/02/21,"18,627","3,753","14,874","12,909","14,432","-1,523","20,971","40,455","-19,484"
2022/02/22,"19,180","3,718","15,462","12,559","15,048","-2,489","19,132","38,935","-19,803"
2022/02/23,"18,820","4,023","14,797","12,623","14,764","-2,141","19,592","36,711","-17,119"
2022/02/24,"19,997","4,531","15,466","12,288","15,560","-3,272","20,706","40,675","-19,969"
2022/02/25,"19,835","5,094","14,741","11,836","15,359","-3,523","17,834","38,200","-20,366"
2022/03/01,"19,798","6,159","13,639","11,852","14,731","-2,879","21,000","39,087","-18,087"
2022/03/02,"19,938","5,277","14,661","11,784","14,835","-3,051","19,703","39,938","-20,235"
2022/03/03,"19,707","5,679","14,028","11,850","14,731","-2,881","18,155","37,620","-19,465"
2022/03/04,"19,450","5,745","13,705","11,744","15,082","-3,338","20,535","38,052","-17,517"
2022/03/07,"20,401","5,289","15,112","11,105","16,169","-5,064","18,593","38,062","-19,469"
2022/03/08,"20,287","5,418","14,869","9,045","16,540","-7,495","19,913","35,769","-15,856"
2022/03/09,"18,943","5,950","12,993","9,128","16,138","-7,010","21,673","34,393","-12,720"
2022/03/10,"19,251","7,231","12,020","9,355","15,287","-5,932","22,470","29,531","-7,061"
2022/03/11,"19,726","5,587","14,139","9,277","15,634","-6,357","22,289","32,842","-10,553"
2022/03/14,"19,802","7,052","12,750","9,207","15,675","-6,468","21,658","32,325","-10,667"
2022/03/15,"20,775","7,476","13,299","9,105","16,393","-7,288","24,853","38,688","-13,835"
2022/03/16,"19,307","5,332","13,975","9,135","16,286","-7,151","15,691","28,014","-12,323"
2022/03/17,"19,908","5,684","14,224","9,898","15,026","-5,128","19,262","31,877","-12,615"
2022/03/18,"20,028","5,336","14,692","11,472","15,138","-3,666","17,190","34,162","-16,972"
2022/03/21,"20,129","6,224","13,905","11,584","15,310","-3,726","19,251","33,642","-14,391"
2022/03/22,"19,709","6,173","13,536","11,532","15,316","-3,784","20,407","33,399","-12,992"
2022/03/23,"20,411","6,013","14,398","11,699","15,185","-3,486","23,125","35,181","-12,056"
2022/03/24,"19,915","6,432","13,483","10,180","15,188","-5,008","22,061","33,005","-10,944"
2022/03/25,"20,136","6,074","14,062","10,172","15,193","-5,021","20,533","32,611","-12,078"
2022/03/28,"20,057","6,746","13,311","9,813","15,590","-5,777","20,211","28,687","-8,476"
2022/03/29,"19,926","6,997","12,929","9,875","15,482","-5,607","23,628","28,985","-5,357"
2022/03/30,"19,603","7,071","12,532","9,960","15,102","-5,142","26,585","31,542","-4,957"
2022/03/31,"19,522","6,800","12,722","9,921","15,266","-5,345","22,986","32,202","-9,216"
2022/04/01,"19,588","7,431","12,157","9,863","15,489","-5,626","24,334","30,566","-6,232"
2022/04/06,"19,510","7,314","12,196","9,850","15,511","-5,661","24,328","29,893","-5,565"
2022/04/07,"19,647","7,668","11,979","9,609","16,236","-6,627","25,322","31,881","-6,559"
2022/04/08,"18,754","7,913","10,841","9,631","16,019","-6,388","27,652","30,333","-2,681"
2022/04/11,"19,759","8,111","11,648","9,512","16,521","-7,009","28,599","29,022",-423
2022/04/12,"20,137","8,158","11,979","9,485","16,585","-7,100","29,694","31,557","-1,863"
2022/04/13,"20,226","7,579","12,647","10,357","16,282","-5,925","30,611","33,869","-3,258"
2022/04/14,"20,235","6,749","13,486","10,534","16,262","-5,728","28,448","33,622","-5,174"
2022/04/15,"20,088","7,527","12,561","10,766","16,887","-6,121","26,897","35,318","-8,421"
2022/04/18,"19,597","7,922","11,675","10,775","17,173","-6,398","27,311","34,363","-7,052"
2022/04/19,"19,033","7,282","11,751","10,855","16,948","-6,093","30,139","37,493","-7,354"
2022/04/20,"17,946","3,654","14,292","10,961","16,703","-5,742","21,804","31,777","-9,973"
2022/04/21,"18,039","4,437","13,602","11,061","16,591","-5,530","22,780","32,779","-9,999"
2022/04/22,"18,421","4,695","13,726","11,005","16,881","-5,876","22,650","30,647","-7,997"
2022/04/25,"18,964","5,053","13,911","10,986","17,758","-6,772","20,744","29,440","-8,696"
2022/04/26,"19,279","5,053","14,226","10,740","18,022","-7,282","20,729","30,440","-9,711"
2022/04/27,"19,715","5,132","14,583","10,917","18,932","-8,015","22,046","34,990","-12,944"
2022/04/28,"19,965","5,832","14,133","10,985","18,919","-7,934","23,534","35,266","-11,732"
2022/04/29,"19,818","7,095","12,723","11,116","18,895","-7,779","24,763","30,437","-5,674"
2022/05/03,"20,660","6,333","14,327","11,616","19,118","-7,502","21,658","31,534","-9,876"
2022/05/04,"20,701","6,354","14,347","11,708","19,057","-7,349","23,681","32,547","-8,866"
2022/05/05,"20,909","6,100","14,809","11,999","18,601","-6,602","24,616","34,590","-9,974"
2022/05/06,"21,427","7,085","14,342","11,961","19,313","-7,352","27,116","36,891","-9,775"
2022/05/09,"21,934","7,631","14,303","11,704","20,349","-8,645","28,651","36,816","-8,165"
2022/05/10,"22,999","7,100","15,899","11,448","20,947","-9,499","26,968","39,854","-12,886"
2022/05/11,"21,970","6,111","15,859","11,447","21,250","-9,803","28,866","38,024","-9,158"
2022/05/12,"22,213","7,026","15,187","11,200","22,259","-11,059","32,359","38,998","-6,639"
2022/05/13,"22,361","7,978","14,383","11,410","21,732","-10,322","34,081","39,600","-5,519"
2022/05/16,"21,929","9,293","12,636","11,463","21,493","-10,030","34,984","37,524","-2,540"
2022/05/17,"20,448","8,912","11,536","11,507","21,201","-9,694","36,090","35,999",91
2022/05/18,"18,986","6,390","12,596","11,713","20,776","-9,063","30,391","28,690","1,701"
2022/05/19,"18,566","6,608","11,958","11,648","21,254","-9,606","29,756","29,356",400
2022/05/20,"18,043","7,516","10,527","11,636","20,973","-9,337","33,247","27,654","5,593"
2022/05/23,"17,897","7,170","10,727","11,527","20,900","-9,373","32,239","28,191","4,048"
2022/05/24,"17,809","7,962","9,847","11,430","21,525","-10,095","33,493","28,469","5,024"
2022/05/25,"17,884","7,805","10,079","11,225","21,472","-10,247","38,931","33,532","5,399"
2022/05/26,"17,861","7,942","9,919","11,194","21,752","-10,558","39,883","35,355","4,528"
2022/05/27,"17,666","8,618","9,048","11,229","21,293","-10,064","43,761","34,549","9,212"
2022/05/30,"17,670","7,894","9,776","11,471","19,919","-8,448","44,151","37,159","6,992"
2022/05/31,"17,036","9,019","8,017","13,756","19,193","-5,437","49,636","41,645","7,991"
2022/06/01,"17,316","7,888","9,428","13,846","19,065","-5,219","52,296","44,862","7,434"
2022/06/02,"17,204","7,832","9,372","13,845","19,347","-5,502","54,068","43,811","10,257"
2022/06/06,"17,614","7,452","10,162","13,839","19,199","-5,360","51,283","42,755","8,528"
2022/06/07,"17,914","7,821","10,093","13,661","19,432","-5,771","48,010","41,393","6,617"
2022/06/08,"17,932","8,958","8,974","13,846","19,399","-5,553","50,195","40,608","9,587"
2022/06/09,"18,469","7,997","10,472","13,793","19,414","-5,621","48,164","40,260","7,904"
2022/06/10,"17,897","7,263","10,634","13,753","19,745","-5,992","49,924","43,014","6,910"
2022/06/13,"17,699","7,867","9,832","12,795","21,215","-8,420","53,813","49,023","4,790"
2022/06/14,"17,963","7,417","10,546","12,948","21,599","-8,651","56,809","54,736","2,073"
2022/06/15,"16,562","5,108","11,454","13,082","21,769","-8,687","30,638","36,936","-6,298"
2022/06/16,"16,434","6,306","10,128","15,670","22,102","-6,432","32,392","38,870","-6,478"
2022/06/17,"16,933","5,528","11,405","17,507","22,937","-5,430","33,773","46,737","-12,964"
2022/06/20,"17,601","6,016","11,585","19,103","23,559","-4,456","36,077","50,760","-14,683"
2022/06/21,"16,278","6,496","9,782","21,417","22,538","-1,121","35,068","53,962","-18,894"
2022/06/22,"15,077","4,953","10,124","21,942","23,475","-1,533","35,271","51,863","-16,592"
2022/06/23,"13,955","4,984","8,971","22,484","23,949","-1,465","34,235","52,303","-18,068"
2022/06/24,"12,261","6,374","5,887","22,976","23,621",-645,"32,026","50,502","-18,476"
2022/06/27,"12,692","6,461","6,231","24,162","22,488","1,674","32,715","51,421","-18,706"
2022/06/28,"12,803","7,262","5,541","25,105","22,884","2,221","31,049","50,631","-19,582"
2022/06/29,"12,507","7,478","5,029","25,286","23,283","2,003","29,976","49,996","-20,020"
2022/06/30,"12,586","7,547","5,039","25,100","24,571",529,"32,900","50,996","-18,096"
2022/07/01,"11,621","7,373","4,248","24,963","26,366","-1,403","35,244","50,537","-15,293"
2022/07/04,"11,417","8,558","2,859","24,874","25,704",-830,"35,392","48,732","-13,340"
2022/07/05,"11,928","9,078","2,850","22,172","24,339","-2,167","34,018","48,379","-14,361"
2022/07/06,"11,470","9,227","2,243","19,003","24,210","-5,207","34,478","43,072","-8,594"
2022/07/07,"11,825","9,027","2,798","17,058","22,226","-5,168","32,959","39,507","-6,548"
2022/07/08,"11,727","10,891",836,"16,024","20,511","-4,487","33,620","33,777",-157
2022/07/11,"11,702","11,239",463,"14,466","19,944","-5,478","32,806","30,072","2,734"
2022/07/12,"12,159","11,929",230,"13,682","21,308","-7,626","36,479","28,945","7,534"
2022/07/13,"12,282","10,160","2,122","14,197","20,587","-6,390","33,858","30,385","3,473"
2022/07/14,"11,631","9,112","2,519","14,342","19,810","-5,468","31,902","32,359",-457
2022/07/15,"12,222","9,410","2,812","13,025","18,725","-5,700","29,931","30,499",-568
2022/07/18,"14,208","10,743","3,465","13,229","18,067","-4,838","33,424","32,650",774
2022/07/19,"11,757","10,220","1,537","13,038","18,043","-5,005","33,127","29,575","3,552"
2022/07/20,"9,165","9,164",1,"12,883","17,792","-4,909","25,927","20,700","5,227"
2022/07/21,"9,971","9,020",951,"12,901","17,362","-4,461","27,108","20,349","6,759"
2022/07/22,"9,773","8,886",887,"12,506","17,282","-4,776","27,379","18,704","8,675"
2022/07/25,"9,457","9,573",-116,"12,753","16,452","-3,699","28,573","18,054","10,519"
2022/07/26,"9,116","10,012",-896,"12,655","16,708","-4,053","27,692","18,338","9,354"
2022/07/27,"9,220","9,821",-601,"12,707","16,594","-3,887","27,439","18,691","8,748"
2022/07/28,"9,037","9,200",-163,"12,839","16,487","-3,648","28,732","18,625","10,107"
2022/07/29,"9,043","9,208",-165,"12,880","16,175","-3,295","29,895","20,927","8,968"
2022/08/01,"9,085","9,011",74,"11,872","16,176","-4,304","31,576","22,079","9,497"
2022/08/02,"8,365","9,686","-1,321","11,343","16,235","-4,892","33,616","21,899","11,717"
2022/08/03,"8,282","9,209",-927,"11,173","16,200","-5,027","32,444","20,674","11,770"
2022/08/04,"9,641","10,309",-668,"11,010","16,203","-5,193","35,882","23,681","12,201"
2022/08/05,"10,145","10,325",-180,"10,546","15,347","-4,801","38,090","26,228","11,862"
2022/08/08,"10,362","9,497",865,"10,525","15,351","-4,826","32,465","25,787","6,678"
2022/08/09,"10,439","10,608",-169,"10,423","15,342","-4,919","35,886","26,027","9,859"
2022/08/10,"10,078","9,873",205,"10,354","15,629","-5,275","33,286","27,592","5,694"
2022/08/11,"10,888","10,173",715,"10,352","15,081","-4,729","35,954","24,388","11,566"
2022/08/12,"11,255","10,458",797,"10,190","14,810","-4,620","34,794","25,363","9,431"
2022/08/15,"11,504","10,777",727,"8,652","14,544","-5,892","40,956","31,347","9,609"
2022/08/16,"10,473","10,940",-467,"9,260","14,530","-5,270","39,606","29,734","9,872"
2022/08/17,"8,345","9,484","-1,139","9,294","14,527","-5,233","31,406","21,184","10,222"
2022/08/18,"8,496","9,548","-1,052","9,204","14,632","-5,428","30,912","22,265","8,647"
2022/08/19,"8,541","10,146","-1,605","9,202","14,629","-5,427","30,886","20,798","10,088"
2022/08/22,"8,573","11,046","-2,473","8,813","14,908","-6,095","29,468","22,026","7,442"
2022/08/23,"9,131","10,943","-1,812","8,819","15,250","-6,431","27,171","22,789","4,382"
2022/08/24,"8,230","10,938","-2,708","8,676","15,553","-6,877","27,214","20,245","6,969"
2022/08/25,"8,490","10,749","-2,259","8,458","15,334","-6,876","27,675","22,520","5,155"
2022/08/26,"8,537","11,360","-2,823","8,193","15,173","-6,980","26,120","19,616","6,504"
2022/08/29,"8,983","9,834",-851,"8,118","16,295","-8,177","25,594","17,439","8,155"
2022/08/30,"9,361","11,288","-1,927","7,985","16,128","-8,143","28,382","16,822","11,560"
2022/08/31,"9,106","12,079","-2,973","7,973","15,798","-7,825","38,765","25,524","13,241"
2022/09/01,"10,362","9,935",427,"8,148","16,590","-8,442","35,931","29,872","6,059"
2022/09/02,"10,832","9,620","1,212","8,194","16,947","-8,753","33,405","29,747","3,658"
2022/09/05,"10,454","10,792",-338,"8,256","16,946","-8,690","32,769","25,381","7,388"
2022/09/06,"10,511","10,895",-384,"8,242","17,079","-8,837","32,827","26,464","6,363"
2022/09/07,"10,630","9,878",752,"8,347","17,739","-9,392","29,406","27,929","1,477"
2022/09/08,"11,202","11,071",131,"8,290","17,151","-8,861","28,748","23,583","5,165"
2022/09/12,"10,453","11,916","-1,463","8,349","16,379","-8,030","29,802","21,514","8,288"
2022/09/13,"10,024","12,374","-2,350","8,273","16,165","-7,892","31,653","20,676","10,977"
2022/09/14,"9,550","10,210",-660,"8,409","16,859","-8,450","30,391","21,406","8,985"
2022/09/15,"10,270","10,546",-276,"8,451","16,756","-8,305","33,036","20,807","12,229"
2022/09/16,"11,145","10,763",382,"8,279","17,087","-8,808","33,404","22,048","11,356"
2022/09/19,"11,206","10,935",271,"8,267","17,206","-8,939","37,347","28,642","8,705"
2022/09/20,"10,695","11,241",-546,"8,302","17,064","-8,762","38,359","25,236","13,123"
2022/09/21,"10,351","6,128","4,223","8,353","16,870","-8,517","28,809","21,226","7,583"
2022/09/22,"12,304","6,618","5,686","8,592","17,455","-8,863","28,046","21,863","6,183"
2022/09/23,"12,267","6,926","5,341","8,663","17,583","-8,920","27,550","22,889","4,661"
2022/09/26,"12,443","6,776","5,667","8,801","18,249","-9,448","26,475","26,338",137
2022/09/27,"12,866","6,810","6,056","8,932","18,266","-9,334","25,304","25,905",-601
2022/09/28,"13,227","7,775","5,452","9,162","19,085","-9,923","26,407","25,031","1,376"
2022/09/29,"13,710","8,625","5,085","9,208","18,931","-9,723","24,679","25,040",-361
2022/09/30,"13,652","8,386","5,266","9,417","18,684","-9,267","24,895","26,723","-1,828"
2022/10/03,"14,063","9,148","4,915","9,548","19,114","-9,566","24,598","26,173","-1,575"
2022/10/04,"14,682","9,166","5,516","9,772","18,106","-8,334","26,749","29,451","-2,702"
2022/10/05,"13,923","7,722","6,201","10,060","17,432","-7,372","32,264","24,115","8,149"
2022/10/06,"14,324","7,193","7,131","9,803","17,265","-7,462","28,970","26,249","2,721"
2022/10/07,"12,936","7,467","5,469","10,105","17,255","-7,150","27,855","26,071","1,784"
2022/10/11,"13,570","7,990","5,580","10,172","19,208","-9,036","30,036","26,049","3,987"
2022/10/12,"12,919","7,946","4,973","10,043","19,310","-9,267","27,473","25,186","2,287"
2022/10/13,"12,482","8,780","3,702","10,037","19,659","-9,622","32,098","22,812","9,286"
2022/10/14,"13,170","8,531","4,639","10,363","18,656","-8,293","30,340","23,946","6,394"
2022/10/17,"14,527","9,419","5,108","11,270","18,705","-7,435","32,001","29,756","2,245"
2022/10/18,"14,673","11,045","3,628","8,461","17,931","-9,470","34,297","28,671","5,626"
2022/10/19,"12,310","6,925","5,385","8,663","18,123","-9,460","26,340","21,580","4,760"
2022/10/20,"12,169","7,749","4,420","8,630","18,517","-9,887","27,314","19,649","7,665"
2022/10/21,"12,387","8,086","4,301","8,324","18,792","-10,468","30,254","18,489","11,765"
2022/10/24,"10,891","8,581","2,310","8,421","18,296","-9,875","29,813","21,366","8,447"
2022/10/25,"9,466","8,238","1,228","8,258","18,901","-10,643","31,980","23,054","8,926"
2022/10/26,"7,945","8,307",-362,"8,289","18,219","-9,930","36,394","21,218","15,176"
2022/10/27,"8,243","7,423",820,"8,409","17,612","-9,203","35,457","25,166","10,291"
2022/10/28,"8,770","7,523","1,247","8,374","18,109","-9,735","32,886","26,233","6,653"
2022/10/31,"9,146","7,641","1,505","8,473","17,642","-9,169","33,858","24,989","8,869"
2022/11/01,"8,839","7,432","1,407","8,442","17,352","-8,910","34,117","27,940","6,177"
2022/11/02,"8,752","7,800",952,"8,535","16,868","-8,333","34,234","26,900","7,334"
2022/11/03,"9,182","7,674","1,508","8,610","17,095","-8,485","31,746","25,712","6,034"
2022/11/04,"9,009","7,760","1,249","8,664","16,839","-8,175","33,097","27,509","5,588"
2022/11/07,"9,712","7,340","2,372","9,000","16,334","-7,334","33,282","28,807","4,475"
2022/11/08,"9,191","8,368",823,"9,180","16,023","-6,843","34,261","29,679","4,582"
2022/11/09,"8,657","7,712",945,"9,289","15,360","-6,071","38,455","29,449","9,006"
2022/11/10,"8,666","6,058","2,608","10,230","16,061","-5,831","31,572","31,850",-278
2022/11/11,"7,813","7,815",-2,"11,216","15,197","-3,981","42,293","33,382","8,911"
2022/11/14,"8,317","6,995","1,322","12,528","16,311","-3,783","44,111","39,306","4,805"
2022/11/15,"11,896","6,574","5,322","13,295","17,446","-4,151","48,987","46,981","2,006"
2022/11/16,"7,437","5,555","1,882","13,004","18,611","-5,607","35,517","26,378","9,139"
2022/11/17,"7,667","6,105","1,562","13,131","18,805","-5,674","34,776","26,898","7,878"
2022/11/18,"7,496","6,770",726,"12,952","18,556","-5,604","37,504","24,913","12,591"
2022/11/21,"7,493","7,079",414,"13,364","18,803","-5,439","37,293","25,868","11,425"
2022/11/22,"7,337","6,911",426,"13,773","18,637","-4,864","37,285","26,545","10,740"
2022/11/23,"7,862","6,285","1,577","13,820","18,360","-4,540","37,995","26,465","11,530"
2022/11/24,"8,575","6,495","2,080","14,648","17,820","-3,172","38,327","30,936","7,391"
2022/11/25,"9,394","7,642","1,752","15,225","17,938","-2,713","37,027","32,277","4,750"
2022/11/28,"9,363","6,822","2,541","14,489","18,662","-4,173","38,619","29,407","9,212"
2022/11/29,"8,688","7,292","1,396","14,420","18,392","-3,972","39,548","28,358","11,190"
2022/11/30,"8,597","7,538","1,059","14,683","18,379","-3,696","44,745","31,936","12,809"
2022/12/01,"10,901","7,452","3,449","15,955","18,488","-2,533","38,559","35,661","2,898"
2022/12/02,"11,502","7,349","4,153","16,231","19,357","-3,126","40,205","39,150","1,055"
2022/12/05,"11,728","7,424","4,304","16,502","20,389","-3,887","41,918","38,312","3,606"
2022/12/06,"11,553","7,710","3,843","16,500","21,005","-4,505","39,946","37,824","2,122"
2022/12/07,"9,786","7,528","2,258","16,566","21,751","-5,185","41,954","34,820","7,134"
2022/12/08,"10,129","7,420","2,709","16,450","22,165","-5,715","40,849","34,519","6,330"
2022/12/09,"9,436","7,921","1,515","16,655","21,781","-5,126","38,989","29,985","9,004"
2022/12/12,"9,612","7,640","1,972","16,765","22,011","-5,246","40,177","30,719","9,458"
2022/12/13,"10,665","7,647","3,018","16,884","22,246","-5,362","37,356","31,950","5,406"
2022/12/14,"11,067","8,658","2,409","17,775","22,238","-4,463","38,569","33,769","4,800"
2022/12/15,"11,271","7,864","3,407","18,146","21,881","-3,735","38,709","33,137","5,572"
2022/12/16,"12,655","7,985","4,670","17,591","23,044","-5,453","38,473","31,716","6,757"
2022/12/19,"12,549","7,734","4,815","17,258","23,194","-5,936","40,149","30,111","10,038"
2022/12/20,"12,960","8,023","4,937","16,981","24,179","-7,198","42,109","31,379","10,730"
2022/12/21,"8,646","4,726","3,920","16,634","24,163","-7,529","35,803","22,172","13,631"
2022/12/22,"9,641","4,915","4,726","16,647","23,894","-7,247","37,016","21,722","15,294"
2022/12/23,"10,990","5,523","5,467","15,769","23,979","-8,210","34,602","21,175","13,427"
2022/12/26,"11,402","5,884","5,518","15,670","24,054","-8,384","35,436","20,864","14,572"
2022/12/27,"11,519","6,129","5,390","15,999","23,942","-7,943","35,251","20,552","14,699"
2022/12/28,"12,056","5,791","6,265","15,704","24,724","-9,020","34,366","20,208","14,158"
2022/12/29,"12,021","5,610","6,411","14,844","24,880","-10,036","33,528","19,346","14,182"
2022/12/30,"11,596","5,816","5,780","14,389","24,603","-10,214","35,848","16,627","19,221"
2023/01/03,"11,665","5,507","6,158","12,524","23,346","-10,822","33,550","17,606","15,944"
2023/01/04,"12,014","5,623","6,391","11,178","21,415","-10,237","30,529","16,441","14,088"
2023/01/05,"12,952","5,493","7,459","10,442","20,659","-10,217","32,446","15,952","16,494"
2023/01/06,"12,650","6,159","6,491","10,408","19,837","-9,429","33,476","19,122","14,354"
2023/01/09,"12,755","5,378","7,377","10,500","18,372","-7,872","34,449","21,934","12,515"
2023/01/10,"13,288","5,569","7,719","10,885","18,156","-7,271","30,759","21,522","9,237"
2023/01/11,"13,378","5,292","8,086","10,862","18,208","-7,346","27,864","22,864","5,000"
2023/01/12,"14,205","6,081","8,124","10,875","18,072","-7,197","27,066","21,361","5,705"
2023/01/13,"12,910","6,373","6,537","10,608","17,929","-7,321","33,712","22,023","11,689"
2023/01/16,"14,765","7,852","6,913","10,765","17,769","-7,004","35,414","25,998","9,416"
2023/01/17,"14,748","7,881","6,867","9,958","17,629","-7,671","36,144","26,797","9,347"
2023/01/30,"10,822","5,797","5,025","10,112","15,995","-5,883","32,100","24,001","8,099"
2023/01/31,"11,465","6,334","5,131","9,915","16,401","-6,486","30,176","27,587","2,589"
2023/02/01,"12,028","6,349","5,679","9,740","16,291","-6,551","29,376","25,142","4,234"
2023/02/02,"12,701","6,669","6,032","10,176","16,036","-5,860","32,174","23,765","8,409"
2023/02/03,"12,478","7,139","5,339","10,046","16,036","-5,990","31,862","22,535","9,327"
2023/02/06,"13,112","7,572","5,540","9,999","16,419","-6,420","31,697","23,782","7,915"
2023/02/07,"13,039","7,068","5,971","10,009","16,484","-6,475","30,821","23,740","7,081"
2023/02/08,"13,010","7,310","5,700","9,852","16,156","-6,304","35,524","23,758","11,766"
2023/02/09,"12,949","6,542","6,407","9,547","16,218","-6,671","33,689","22,939","10,750"
2023/02/10,"11,917","5,885","6,032","9,430","16,339","-6,909","36,697","25,015","11,682"
2023/02/13,"13,095","6,354","6,741","9,247","16,654","-7,407","38,432","26,168","12,264"
2023/02/14,"13,091","8,438","4,653","9,356","16,617","-7,261","32,401","20,022","12,379"
2023/02/15,"12,566","6,014","6,552","8,903","16,939","-8,036","25,796","17,485","8,311"
2023/02/16,"12,447","7,062","5,385","8,774","16,513","-7,739","31,217","15,281","15,936"
2023/02/17,"12,280","6,940","5,340","7,890","16,506","-8,616","30,866","13,376","17,490"
2023/02/20,"13,042","7,304","5,738","7,795","16,345","-8,550","31,568","13,745","17,823"
2023/02/21,"13,621","7,056","6,565","7,818","16,344","-8,526","30,623","13,685","16,938"
2023/02/22,"13,885","8,294","5,591","7,755","16,324","-8,569","32,001","12,665","19,336"
2023/02/23,"15,000","9,385","5,615","7,759","16,001","-8,242","33,048","14,295","18,753"
2023/02/24,"14,979","8,784","6,195","7,532","16,169","-8,637","30,256","14,650","15,606"
2023/03/01,"15,868","7,129","8,739","7,555","16,194","-8,639","29,309","14,477","14,832"
2023/03/02,"15,933","7,634","8,299","7,518","16,247","-8,729","30,619","14,533","16,086"
2023/03/03,"15,988","8,712","7,276","7,512","16,080","-8,568","31,021","16,588","14,433"
2023/03/06,"16,286","8,680","7,606","7,563","15,726","-8,163","29,428","16,977","12,451"
2023/03/07,"16,412","9,886","6,526","7,257","15,512","-8,255","31,724","16,374","15,350"
2023/03/08,"16,097","7,526","8,571","7,233","15,628","-8,395","27,260","16,701","10,559"
2023/03/09,"16,471","7,739","8,732","7,228","15,630","-8,402","28,786","18,567","10,219"
2023/03/10,"18,383","9,078","9,305","7,283","16,642","-9,359","27,581","21,380","6,201"
2023/03/13,"15,404","7,210","8,194","7,376","16,132","-8,756","29,995","19,225","10,770"
2023/03/14,"18,050","8,082","9,968","7,499","16,868","-9,369","25,700","18,104","7,596"
2023/03/15,"14,118","6,296","7,822","9,114","16,785","-7,671","23,614","16,678","6,936"
2023/03/16,"14,448","6,667","7,781","9,293","16,984","-7,691","22,232","16,849","5,383"
2023/03/17,"14,088","6,334","7,754","9,402","16,582","-7,180","26,170","15,498","10,672"
2023/03/20,"15,254","6,890","8,364","8,871","16,583","-7,712","23,289","14,666","8,623"
2023/03/21,"14,561","6,130","8,431","8,891","16,581","-7,690","23,999","14,040","9,959"
2023/03/22,"14,198","6,174","8,024","9,440","16,124","-6,684","31,607","13,869","17,738"
2023/03/23,"14,208","5,990","8,218","10,118","16,199","-6,081","33,763","16,279","17,484"
2023/03/24,"14,260","6,427","7,833","11,138","15,989","-4,851","30,504","17,776","12,728"
2023/03/27,"14,410","5,817","8,593","11,568","16,050","-4,482","24,879","20,522","4,357"
2023/03/28,"14,282","6,193","8,089","11,837","16,417","-4,580","24,526","19,789","4,737"
2023/03/29,"13,861","5,864","7,997","11,789","16,419","-4,630","26,754","19,115","7,639"
2023/03/30,"13,778","5,523","8,255","10,896","16,142","-5,246","27,736","18,106","9,630"
2023/03/31,"14,190","5,626","8,564","10,712","16,230","-5,518","26,560","20,191","6,369"
2023/04/06,"13,715","5,912","7,803","10,402","16,445","-6,043","29,682","19,470","10,212"
2023/04/07,"13,795","5,801","7,994","10,407","16,336","-5,929","29,501","19,590","9,911"
2023/04/10,"14,118","5,579","8,539","10,459","16,334","-5,875","30,955","20,011","10,944"
2023/04/11,"13,543","6,725","6,818","9,688","15,872","-6,184","31,775","20,059","11,716"
2023/04/12,"14,295","5,681","8,614","9,248","15,880","-6,632","30,096","19,670","10,426"
2023/04/13,"14,540","5,635","8,905","8,967","16,181","-7,214","30,553","20,051","10,502"
2023/04/14,"13,553","6,478","7,075","8,997","15,858","-6,861","37,144","22,961","14,183"
2023/04/17,"15,372","5,789","9,583","8,457","15,864","-7,407","35,961","24,724","11,237"
2023/04/18,"14,820","6,557","8,263","8,426","16,016","-7,590","34,973","25,483","9,490"
2023/04/19,"11,775","5,813","5,962","8,652","16,214","-7,562","29,081","20,373","8,708"
2023/04/20,"11,469","6,475","4,994","8,638","16,329","-7,691","30,643","17,943","12,700"
2023/04/21,"12,070","6,481","5,589","8,676","16,667","-7,991","32,933","19,099","13,834"
2023/04/24,"12,377","7,305","5,072","8,725","16,672","-7,947","34,800","19,123","15,677"
2023/04/25,"12,717","6,801","5,916","9,073","17,172","-8,099","31,925","25,354","6,571"
2023/04/26,"12,491","6,981","5,510","9,072","17,213","-8,141","32,411","26,846","5,565"
2023/04/27,"12,233","6,718","5,515","9,227","17,290","-8,063","32,605","23,352","9,253"
2023/04/28,"12,261","7,032","5,229","9,239","16,852","-7,613","34,486","21,733","12,753"
2023/05/02,"13,239","8,447","4,792","9,205","16,742","-7,537","35,080","20,979","14,101"
2023/05/03,"12,636","7,621","5,015","9,212","16,932","-7,720","34,363","20,673","13,690"
2023/05/04,"12,397","7,485","4,912","9,246","16,868","-7,622","35,665","17,252","18,413"
2023/05/05,"12,398","7,785","4,613","9,389","16,594","-7,205","35,037","17,281","17,756"
2023/05/08,"12,259","7,576","4,683","9,411","16,421","-7,010","33,166","17,358","15,808"
2023/05/09,"12,131","7,774","4,357","9,671","16,421","-6,750","33,775","16,841","16,934"
2023/05/10,"13,418","6,767","6,651","9,700","16,588","-6,888","26,574","20,264","6,310"
2023/05/11,"12,710","7,840","4,870","9,681","16,650","-6,969","28,158","21,971","6,187"
2023/05/12,"12,711","7,786","4,925","9,696","16,651","-6,955","29,196","22,511","6,685"
2023/05/15,"13,561","11,686","1,875","9,753","16,660","-6,907","39,060","27,176","11,884"
2023/05/16,"11,213","13,167","-1,954","9,371","16,201","-6,830","42,853","17,625","25,228"
2023/05/17,"3,519","13,795","-10,276","9,370","15,915","-6,545","48,484","16,195","32,289"
2023/05/18,"3,860","14,612","-10,752","9,229","15,743","-6,514","50,176","17,958","32,218"
2023/05/19,"3,613","15,442","-11,829","9,042","15,612","-6,570","50,066","18,737","31,329"
2023/05/22,"3,455","16,000","-12,545","9,338","15,612","-6,274","50,366","19,551","30,815"
2023/05/23,"3,370","17,141","-13,771","9,582","15,612","-6,030","52,551","22,279","30,272"
2023/05/24,"3,255","16,422","-13,167","9,655","15,695","-6,040","53,476","24,599","28,877"
2023/05/25,"3,562","17,593","-14,031","9,438","15,476","-6,038","54,672","24,504","30,168"
2023/05/26,"3,754","17,669","-13,915","9,425","15,022","-5,597","56,225","22,616","33,609"
2023/05/29,"3,739","15,226","-11,487","9,414","14,560","-5,146","54,744","26,555","28,189"
2023/05/30,"3,616","16,175","-12,559","9,404","14,526","-5,122","56,263","27,185","29,078"
2023/05/31,"3,558","14,990","-11,432","9,536","14,503","-4,967","56,250","30,581","25,669"
2023/06/01,"3,893","14,675","-10,782","9,674","14,509","-4,835","55,829","31,308","24,521"
2023/06/02,"4,117","14,437","-10,320","9,867","14,030","-4,163","57,680","33,320","24,360"
2023/06/05,"3,818","13,952","-10,134","9,655","13,920","-4,265","54,879","32,693","22,186"
2023/06/06,"4,107","14,926","-10,819","9,367","13,918","-4,551","55,164","32,012","23,152"
2023/06/07,"4,188","13,579","-9,391","9,489","13,406","-3,917","57,712","33,712","24,000"
2023/06/08,"3,908","13,208","-9,300","9,330","13,732","-4,402","55,798","33,338","22,460"
2023/06/09,"4,230","13,738","-9,508","9,161","13,520","-4,359","54,488","33,711","20,777"
2023/06/12,"4,543","13,586","-9,043","9,367","13,358","-3,991","54,094","33,446","20,648"
2023/06/13,"5,837","14,531","-8,694","9,361","12,818","-3,457","56,368","36,833","19,535"
2023/06/14,"5,646","14,059","-8,413","9,796","12,623","-2,827","52,215","36,962","15,253"
2023/06/15,"6,190","15,009","-8,819","9,714","12,605","-2,891","53,269","34,989","18,280"
2023/06/16,"6,640","15,306","-8,666","9,891","12,548","-2,657","54,527","38,763","15,764"
2023/06/19,"6,548","15,192","-8,644","10,864","12,566","-1,702","57,231","40,250","16,981"
2023/06/20,"7,055","16,559","-9,504","11,004","12,749","-1,745","59,108","44,036","15,072"
2023/06/21,"2,563","13,923","-11,360","10,875","12,641","-1,766","45,277","30,871","14,406"
2023/06/26,"2,868","14,959","-12,091","11,324","12,858","-1,534","46,238","33,543","12,695"
2023/06/27,"3,274","15,459","-12,185","11,379","12,956","-1,577","43,712","33,533","10,179"
2023/06/28,"3,292","15,065","-11,773","12,055","12,769",-714,"42,805","34,903","7,902"
2023/06/29,"4,045","14,636","-10,591","13,341","12,775",566,"39,622","37,430","2,192"
2023/06/30,"4,161","14,295","-10,134","13,290","12,772",518,"38,218","35,585","2,633"
2023/07/03,"5,159","14,526","-9,367","14,639","12,191","2,448","40,290","36,823","3,467"
2023/07/04,"5,357","14,699","-9,342","15,276","12,086","3,190","40,757","35,645","5,112"
2023/07/05,"5,189","14,591","-9,402","15,347","12,196","3,151","37,880","37,491",389
2023/07/06,"5,503","14,341","-8,838","15,534","12,695","2,839","34,953","36,691","-1,738"
2023/07/07,"5,514","12,724","-7,210","15,653","12,822","2,831","34,854","35,098",-244
2023/07/10,"5,359","12,937","-7,578","15,976","12,910","3,066","34,632","32,413","2,219"
2023/07/11,"4,982","12,881","-7,899","16,181","12,481","3,700","37,285","33,081","4,204"
2023/07/12,"5,936","12,735","-6,799","16,631","12,374","4,257","34,858","34,705",153
2023/07/13,"5,230","12,987","-7,757","17,065","12,106","4,959","36,509","36,061",448
2023/07/14,"5,161","13,385","-8,224","17,134","11,782","5,352","39,554","38,469","1,085"
2023/07/17,"6,479","13,523","-7,044","13,117","11,783","1,334","40,262","37,833","2,429"
2023/07/18,"6,505","13,960","-7,455","12,969","11,853","1,116","34,743","31,908","2,835"
2023/07/19,"2,508","10,878","-8,370","12,989","11,967","1,022","31,962","28,832","3,130"
2023/07/20,"2,823","11,511","-8,688","12,684","12,062",622,"35,567","30,095","5,472"
2023/07/21,"3,672","10,885","-7,213","12,724","12,215",509,"34,314","33,779",535
2023/07/24,"3,255","10,745","-7,490","12,692","12,213",479,"36,001","31,721","4,280"
2023/07/25,"4,187","11,058","-6,871","12,756","11,677","1,079","38,101","33,168","4,933"
2023/07/26,"4,185","10,497","-6,312","12,454","11,786",668,"35,531","33,912","1,619"
2023/07/27,"5,251","10,415","-5,164","12,480","11,599",881,"34,543","32,349","2,194"
2023/07/28,"5,234","9,821","-4,587","12,150","11,598",552,"34,577","33,542","1,035"
2023/07/31,"5,406","10,597","-5,191","11,724","11,704",20,"32,055","35,841","-3,786"
2023/08/01,"5,091","10,419","-5,328","11,488","11,605",-117,"32,670","32,344",326
2023/08/02,"5,782","11,368","-5,586","11,646","12,005",-359,"29,816","35,143","-5,327"
2023/08/04,"5,868","10,810","-4,942","11,866","12,104",-238,"32,140","33,524","-1,384"
2023/08/07,"4,722","10,310","-5,588","11,971","11,721",250,"33,501","31,511","1,990"
2023/08/08,"5,591","10,125","-4,534","12,222","11,725",497,"30,522","30,889",-367
2023/08/09,"4,259","9,582","-5,323","12,304","11,738",566,"30,897","29,000","1,897"
2023/08/10,"5,473","8,938","-3,465","12,832","12,070",762,"25,413","29,287","-3,874"
2023/08/11,"4,838","9,711","-4,873","12,891","12,169",722,"26,627","27,742","-1,115"
2023/08/14,"8,245","10,114","-1,869","13,375","12,341","1,034","22,520","33,728","-11,208"
2023/08/15,"4,916","9,958","-5,042","11,978","12,237",-259,"24,599","28,181","-3,582"
2023/08/16,"4,133","8,447","-4,314","12,296","12,246",50,"20,187","22,557","-2,370"
2023/08/17,"4,859","8,507","-3,648","12,521","12,234",287,"24,315","23,369",946
2023/08/18,"4,898","8,655","-3,757","12,490","12,362",128,"23,770","24,544",-774
2023/08/21,"4,692","9,164","-4,472","12,574","12,363",211,"21,534","27,621","-6,087"
2023/08/22,"4,907","9,212","-4,305","12,549","12,354",195,"21,044","26,120","-5,076"
2023/08/23,"4,641","9,746","-5,105","12,564","12,024",540,"22,951","25,957","-3,006"
2023/08/24,"4,767","9,211","-4,444","12,877","11,599","1,278","21,831","23,469","-1,638"
2023/08/25,"5,935","9,257","-3,322","13,682","12,238","1,444","16,965","28,801","-11,836"
2023/08/28,"4,797","8,660","-3,863","14,059","12,246","1,813","18,812","27,102","-8,290"
2023/08/29,"4,277","7,946","-3,669","13,875","11,919","1,956","20,580","25,436","-4,856"
2023/08/30,"4,586","7,641","-3,055","13,120","11,491","1,629","19,316","26,010","-6,694"
2023/08/31,"5,782","7,535","-1,753","12,604","11,651",953,"17,908","26,359","-8,451"
2023/09/01,"4,271","7,249","-2,978","12,609","11,649",960,"20,616","26,722","-6,106"
2023/09/04,"5,111","7,695","-2,584","12,653","11,435","1,218","22,171","25,661","-3,490"
2023/09/05,"6,274","7,567","-1,293","12,568","11,430","1,138","19,662","25,892","-6,230"
2023/09/06,"5,879","7,620","-1,741","12,458","11,436","1,022","20,040","25,172","-5,132"
2023/09/07,"6,050","7,907","-1,857","12,498","11,709",789,"21,270","24,380","-3,110"
2023/09/08,"5,823","8,249","-2,426","12,891","11,718","1,173","22,299","26,186","-3,887"
2023/09/11,"5,769","8,014","-2,245","13,386","11,986","1,400","21,306","27,907","-6,601"
2023/09/12,"4,220","7,953","-3,733","13,356","11,718","1,638","24,702","25,825","-1,123"
2023/09/13,"4,650","7,804","-3,154","13,789","11,706","2,083","24,905","25,572",-667
2023/09/14,"4,189","8,163","-3,974","13,859","11,300","2,559","31,689","29,753","1,936"
2023/09/15,"5,775","7,926","-2,151","13,140","11,191","1,949","29,206","30,675","-1,469"
2023/09/18,"8,393","8,903",-510,"13,804","11,460","2,344","26,792","33,603","-6,811"
2023/09/19,"8,770","8,895",-125,"13,581","11,572","2,009","25,366","33,765","-8,399"
2023/09/20,"3,048","4,514","-1,466","13,857","11,623","2,234","22,161","28,326","-6,165"
2023/09/21,"4,592","5,434",-842,"14,288","11,645","2,643","22,686","35,889","-13,203"
2023/09/22,"4,940","5,748",-808,"14,478","11,644","2,834","21,558","32,171","-10,613"
2023/09/25,"3,934","6,009","-2,075","14,560","11,365","3,195","22,773","27,810","-5,037"
2023/09/26,"4,925","5,339",-414,"14,413","11,639","2,774","21,111","27,227","-6,116"
2023/09/27,"5,193","5,497",-304,"14,430","11,647","2,783","19,878","28,127","-8,249"
2023/09/28,"5,517","5,345",172,"14,421","11,409","3,012","18,970","29,054","-10,084"
2023/10/02,"5,323","6,281",-958,"14,626","11,071","3,555","21,184","28,196","-7,012"
2023/10/03,"6,452","5,685",767,"14,571","11,236","3,335","19,886","29,723","-9,837"
2023/10/04,"5,810","6,124",-314,"14,461","11,572","2,889","22,047","30,518","-8,471"
2023/10/05,"5,789","6,822","-1,033","14,531","11,362","3,169","25,429","28,023","-2,594"
2023/10/06,"5,970","6,885",-915,"14,470","11,131","3,339","24,742","28,800","-4,058"
2023/10/11,"5,599","5,968",-369,"14,645","10,856","3,789","25,556","29,588","-4,032"
2023/10/12,"6,061","6,727",-666,"14,449","10,635","3,814","31,391","32,268",-877
2023/10/13,"6,723","6,075",648,"14,462","10,744","3,718","32,482","32,950",-468
2023/10/16,"8,056","7,533",523,"14,137","10,919","3,218","31,454","32,874","-1,420"
2023/10/17,"6,050","7,025",-975,"14,384","11,032","3,352","30,089","31,315","-1,226"
2023/10/18,"3,490","5,104","-1,614","12,699","11,322","1,377","23,137","31,303","-8,166"
2023/10/19,"3,431","5,810","-2,379","12,929","11,323","1,606","23,404","28,710","-5,306"
2023/10/20,"4,818","7,301","-2,483","13,176","11,329","1,847","22,875","27,454","-4,579"
2023/10/23,"5,554","7,885","-2,331","13,368","11,479","1,889","23,304","33,783","-10,479"
2023/10/24,"5,741","8,142","-2,401","13,765","11,371","2,394","22,825","34,722","-11,897"
2023/10/25,"5,769","8,283","-2,514","13,844","11,250","2,594","22,014","30,191","-8,177"
2023/10/26,"6,249","8,204","-1,955","13,760","11,576","2,184","23,165","35,549","-12,384"
2023/10/27,"5,116","6,840","-1,724","13,814","11,471","2,343","21,160","30,302","-9,142"
2023/10/30,"5,782","7,086","-1,304","13,845","11,459","2,386","20,899","33,382","-12,483"
2023/10/31,"6,121","6,758",-637,"13,853","11,745","2,108","22,035","37,332","-15,297"
2023/11/01,"5,697","6,725","-1,028","14,326","11,434","2,892","22,643","36,039","-13,396"
2023/11/02,"6,640","8,886","-2,246","14,555","10,934","3,621","27,055","30,959","-3,904"
2023/11/03,"6,831","9,516","-2,685","14,624","10,658","3,966","28,107","27,445",662
2023/11/06,"6,737","10,426","-3,689","15,628","10,632","4,996","32,334","26,662","5,672"
2023/11/07,"6,633","10,597","-3,964","15,981","10,622","5,359","35,981","28,039","7,942"
2023/11/08,"6,473","8,820","-2,347","16,160","10,619","5,541","36,402","30,934","5,468"
2023/11/09,"6,351","8,619","-2,268","15,688","10,269","5,419","39,350","34,265","5,085"
2023/11/10,"7,174","8,751","-1,577","15,241","10,427","4,814","41,170","32,449","8,721"
2023/11/13,"5,660","6,749","-1,089","15,104","10,154","4,950","38,773","35,641","3,132"
2023/11/14,"4,827","9,359","-4,532","14,604","10,045","4,559","42,849","37,611","5,238"
2023/11/15,"2,100","7,907","-5,807","13,707","9,813","3,894","37,533","31,943","5,590"
2023/11/16,"2,878","8,527","-5,649","14,406","9,819","4,587","38,964","33,495","5,469"
2023/11/17,"3,461","8,561","-5,100","14,979","9,829","5,150","41,507","37,610","3,897"
2023/11/20,"3,791","8,357","-4,566","15,614","9,929","5,685","43,223","41,346","1,877"
2023/11/21,"4,257","9,111","-4,854","16,559","9,873","6,686","46,815","44,365","2,450"
2023/11/22,"5,497","8,086","-2,589","17,052","10,032","7,020","42,965","49,313","-6,348"
2023/11/23,"5,310","7,904","-2,594","17,609","10,030","7,579","44,857","47,296","-2,439"
2023/11/24,"6,047","7,504","-1,457","17,725","10,024","7,701","43,674","47,914","-4,240"
2023/11/27,"4,388","7,366","-2,978","17,515","10,339","7,176","44,389","45,745","-1,356"
2023/11/28,"5,187","8,093","-2,906","17,606","10,070","7,536","45,868","46,017",-149
2023/11/29,"5,772","7,582","-1,810","18,100","10,370","7,730","42,886","47,364","-4,478"
2023/11/30,"5,532","8,101","-2,569","19,141","10,340","8,801","43,608","47,216","-3,608"
2023/12/01,"4,956","7,781","-2,825","19,168","10,338","8,830","47,034","47,866",-832
2023/12/04,"6,008","7,682","-1,674","18,627","10,134","8,493","43,522","47,875","-4,353"
2023/12/05,"6,577","8,175","-1,598","18,696","10,147","8,549","42,689","48,595","-5,906"
2023/12/06,"6,344","7,915","-1,571","17,804","10,140","7,664","41,941","48,290","-6,349"
2023/12/07,"6,552","7,421",-869,"17,723","10,300","7,423","42,262","49,582","-7,320"
2023/12/08,"6,165","8,473","-2,308","18,394","10,490","7,904","43,228","48,796","-5,568"
2023/12/11,"6,787","8,014","-1,227","18,857","10,238","8,619","42,934","50,815","-7,881"
2023/12/12,"7,717","8,251",-534,"18,473","10,232","8,241","42,295","51,791","-9,496"
2023/12/13,"7,577","8,711","-1,134","18,410","9,882","8,528","41,451","51,610","-10,159"
2023/12/14,"10,161","10,745",-584,"18,413","9,611","8,802","44,737","54,092","-9,355"
2023/12/15,"8,134","9,791","-1,657","17,221","9,605","7,616","48,603","56,856","-8,253"
2023/12/18,"8,471","9,315",-844,"17,971","9,606","8,365","47,532","59,632","-12,100"
2023/12/19,"9,989","8,030","1,959","17,658","9,822","7,836","46,099","63,322","-17,223"
2023/12/20,"3,478","4,964","-1,486","18,005","10,011","7,994","43,429","54,894","-11,465"
2023/12/21,"4,606","5,588",-982,"18,550","10,229","8,321","42,386","59,949","-17,563"
2023/12/22,"4,887","5,791",-904,"18,763","10,229","8,534","40,704","56,454","-15,750"
2023/12/25,"4,864","5,764",-900,"18,883","10,113","8,770","41,657","55,945","-14,288"
2023/12/26,"4,135","6,330","-2,195","18,853","10,012","8,841","44,855","56,750","-11,895"
2023/12/27,"4,833","5,799",-966,"20,133","10,196","9,937","49,284","61,519","-12,235"
2023/12/28,"6,129","6,654",-525,"21,264","10,996","10,268","49,043","62,661","-13,618"
2023/12/29,"7,628","6,642",986,"21,445","11,255","10,190","48,247","64,959","-16,712"
2024/01/02,"8,514","7,073","1,441","21,605","11,576","10,029","48,357","65,786","-17,429"
2024/01/03,"8,386","7,791",595,"20,764","11,953","8,811","45,453","69,488","-24,035"
2024/01/04,"6904","7863","-959","20484","11721","8763","44327","64797","-20470"
2024/01/05,"8027","7841","186","19898","11397","8501","44663","64345","-19682"
2024/01/08,"7895","7476","419","20016","11296","8720","47101","65892","-18791"
2024/01/09,"7906","7382","524","20487","11292","9195","45273","69533","-24260"
2024/01/10,"7788","7873","-85","19390","10961","8429","44597","69152","-24555"
2024/01/11,"8346","7668","678","20183","11102","9081","46322","71631","-25309"
2024/01/12,"8726","7441","1285","19763","11259","8504","45689","72093","-26404"
2024/01/15,"8619","7924","695","18285","10825","7460","48717","70485","-21768"
2024/01/16,"6233","7696","-1463","14649","10721","3928","48205","65453","-17248"
2024/01/17,"4654","6395","-1741","13684","10854","2830","37896","52428","-14532"
2024/01/18,"5170","7320","-2150","13600","10450","3150","35651","49301","-13650"
2024/01/19,"5798","6762","-964","13515","9824","3691","41546","44159","-2613"
2024/01/22,"7277","6456","821","13744","9663","4081","37860","44714","-6854"
2024/01/23,"5599","6762","-1163","13655","9760","3895","40947","42394","-1447"
2024/01/24,"4760","6775","-2015","12987","9760","3227","39877","40360","-483"
2024/01/25,"4939","6740","-1801","12782","9602","3180","43935","40547","3388"
2024/01/26,"4702","7445","-2743","12703","9602","3101","44162","39731","4431"
2024/01/29,"5511","7520","-2009","12222","9191","3031","45172","41797","3375"
2024/01/30,"5261","7105","-1844","12328","9173","3155","42133","41259","874"
2024/01/31,"4579","7177","-2598","12212","9343","2869","40253","41779","-1526"
2024/02/01,"4801","7298","-2497","12331","9339","2992","40052","43573","-3521"
2024/02/02,"5098","7114","-2016","12233","9176","3057","38991","45127","-6136"
2024/02/05,"5569","7144","-1575","12462","9169","3293","38219","43713","-5494"
2024/02/15,"6509","9293","-2784","12656","9110","3546","44064","46717","-2653"
2024/02/16,"6155","8341","-2186","12500","8510","3990","42342","49045","-6703"
2024/02/19,"6292","9389","-3097","12652","8510","4142","47254","50725","-3471"
2024/02/20,"4995","9205","-4210","12616","8403","4213","51463","48721","2742"
2024/02/21,"1774","7797","-6023","12662","8437","4225","39203","36782","2421"
2024/02/22,"2756","9102","-6346","12712","8432","4280","38764","35679","3085"
2024/02/23,"2824","8660","-5836","13019","8245","4774","38778","34632","4146"
2024/02/26,"2820","9166","-6346","12462","8187","4275","41051","34900","6151"
2024/02/27,"2924","9379","-6455","13653","8310","5343","39266","35467","3799"
2024/02/29,"3159","9528","-6369","13936","8204","5732","38077","34455","3622"
2024/03/01,"2870","9312","-6442","15550","8219","7331","34097","35590","-1493"
2024/03/04,"3603","10205","-6602","14951","7941","7010","37873","33886","3987"
2024/03/05,"4044","10093","-6049","14518","7832","6686","36859","33528","3331"
2024/03/06,"4590","9646","-5056","13962","7773","6189","36614","33281","3333"
2024/03/07,"5406","10763","-5357","13647","7723","5924","35643","32588","3055"
2024/03/08,"6102","10316","-4214","12653","7811","4842","33868","35434","-1566"
2024/03/11,"6541","10821","-4280","12440","7878","4562","31415","37972","-6557"
2024/03/12,"7399","10998","-3599","12261","7717","4544","33196","41305","-8109"
2024/03/13,"8131","10648","-2517","12275","7720","4555","31577","40709","-9132"
2024/03/14,"8500","11105","-2605","12126","7723","4403","34695","43293","-8598"
2024/03/15,"11314","12239","-925","11703","7884","3819","35722","47420","-11698"
2024/03/18,"9350","11283","-1933","11707","7918","3789","36973","47377","-10404"
2024/03/19,"8946","11019","-2073","12573","7774","4799","36846","47822","-10976"
2024/03/20,"975","7225","-6250","12670","7807","4863","31381","36169","-4788"
2024/03/21,"1773","8062","-6289","12702","7705","4997","35218","31086","4132"
2024/03/22,"2358","7891","-5533","12852","7611","5241","27557","32999","-5442"
2024/03/25,"1979","8257","-6278","12784","7608","5176","27927","33113","-5186"
2024/03/26,"1977","8278","-6301","12406","7814","4592","28565","35041","-6476"
2024/03/27,"2082","9530","-7448","12550","7708","4842","30377","33717","-3340"
2024/03/28,"2494","8421","-5927","12578","7580","4998","31614","37343","-5729"
2024/03/29,"2574","9791","-7217","13882","7563","6319","33086","33840","-754"
2024/04/01,"2613","8543","-5930","14499","7589","6910","31147","35470","-4323"
2024/04/02,"3236","11858","-8622","15403","7449","7954","36527","33215","3312"
2024/04/03,"2283","9055","-6772","15474","7744","7730","29520","36986","-7466"
2024/04/08,"2613","10089","-7476","15555","7553","8002","30242","36096","-5854"
2024/04/09,"3013","12271","-9258","15608","7247","8361","37704","32540","5164"
2024/04/10,"2777","9991","-7214","15554","7248","8306","35077","36787","-1710"
2024/04/11,"3211","9199","-5988","15920","7369","8551","31607","44571","-12964"
2024/04/12,"4275","9368","-5093","16074","7341","8733","31789","43798","-12009"
2024/04/15,"4252","8685","-4433","16344","7517","8827","30125","47928","-17803"
2024/04/16,"5707","9017","-3310","17167","7961","9206","32980","51366","-18386"
2024/04/17,"4119","6769","-2650","16880","7812","9068","24880","42832","-17952"
2024/04/18,"4825","7153","-2328","16823","7709","9114","24891","39591","-14700"
2024/04/19,"5228","6666","-1438","18038","8239","9799","21289","41066","-19777"
2024/04/22,"4297","7152","-2855","18246","8082","10164","19216","35616","-16400"
2024/04/23,"3486","8555","-5069","18626","7917","10709","22071","34576","-12505"
2024/04/24,"4259","7851","-3592","18865","7489","11376","23526","36859","-13333"
2024/04/25,"4189","7465","-3276","18952","7606","11346","20704","37864","-17160"
2024/04/26,"4127","7878","-3751","19549","7481","12068","23378","37266","-13888"
2024/04/29,"4764","8195","-3431","19757","7140","12617","25304","40345","-15041"
2024/04/30,"4528","8296","-3768","19742","7052","12690","24376","38111","-13735"
2024/05/02,"5155","8375","-3220","20155","7340","12815","21007","38548","-17541"
2024/05/03,"5671","8021","-2350","20371","7486","12885","20366","39823","-19457"
2024/05/06,"6185","8116","-1931","20414","7303","13111","23474","42232","-18758"
2024/05/07,"5676","8166","-2490","20529","7159","13370","22214","41439","-19225"
2024/05/08,"5193","9189","-3996","20669","7165","13504","23782","39385","-15603"
2024/05/09,"5428","8963","-3535","20580","7286","13294","22185","39401","-17216"
2024/05/10,"5080","9271","-4191","20569","7317","13252","24387","39256","-14869"
2024/05/13,"4949","8511","-3562","20614","7127","13487","26439","40956","-14517"
2024/05/14,"4966","9834","-4868","19868","7214","12654","27521","37565","-10044"
2024/05/15,"1681","9544","-7863","19751","7210","12541","25226","28707","-3481"
2024/05/16,"2357","9387","-7030","18644","7154","11490","25563","34051","-8488"
2024/05/17,"2162","9044","-6882","17914","7309","10605","25401","35049","-9648"
2024/05/20,"2625","9142","-6517","17485","7309","10176","27123","36377","-9254"
2024/05/21,"2477","9890","-7413","17579","7312","10267","28549","36784","-8235"
2024/05/22,"3062","9999","-6937","18034","7143","10891","33971","39634","-5663"
2024/05/23,"2828","9109","-6281","17970","6998","10972","31634","40359","-8725"
2024/05/24,"2754","9068","-6314","17977","7068","10909","32700","41102","-8402"
2024/05/27,"3260","9380","-6120","18147","7026","11121","33291","42588","-9297"
2024/05/28,"3368","9800","-6432","18659","6813","11846","33583","43743","-10160"
2024/05/29,"3464","8395","-4931","18430","6966","11464","31788","47253","-15465"
2024/05/30,"3843","8632","-4789","18424","7344","11080","32711","47123","-14412"
2024/05/31,"4470","8470","-4000","18557","7426","11131","36210","50269","-14059"
2024/06/03,"4855","9728","-4873","19562","7176","12386","36324","53023","-16699"
2024/06/04,"4230","9210","-4980","19556","7384","12172","31942","51031","-19089"
2024/06/05,"2858","9688","-6830","19567","7328","12239","33794","50240","-16446"
2024/06/06,"2972","10962","-7990","19053","7067","11986","35182","45710","-10528"
2024/06/07,"3008","9683","-6675","18520","7071","11449","34704","45310","-10606"
2024/06/11,"2903","8503","-5600","18525","7000","11525","29587","45437","-15850"
2024/06/12,"3319","10108","-6789","18847","6985","11862","33007","44146","-11139"
2024/06/13,"4367","10457","-6090","19048","6768","12280","32985","46303","-13318"
2024/06/14,"4327","11206","-6879","19117","6668","12449","34494","47349","-12855"
2024/06/17,"3302","10195","-6893","19094","6661","12433","34943","48135","-13192"
2024/06/18,"3289","10766","-7477","19505","6574","12931","37294","50232","-12938"
2024/06/19,"2006","9870","-7864","19636","6298","13338","31922","43518","-11596"
2024/06/20,"2393","9913","-7520","20104","6174","13930","33023","49551","-16528"
2024/06/21,"2277","9288","-7011","19453","6230","13223","31601","51749","-20148"
2024/06/24,"2559","8727","-6168","19573","6591","12982","29547","50694","-21147"
2024/06/25,"3852","8309","-4457","19950","6585","13365","29114","52227","-23113"
2024/06/26,"3205","8818","-5613","20597","6497","14100","28735","54387","-25652"
2024/06/27,"3393","8648","-5255","20693","6501","14192","28227","52629","-24402"
2024/06/28,"3835","9225","-5390","21735","6409","15326","29422","55931","-26509"
2024/07/01,"3660","9475","-5815","22494","6409","16085","30864","56808","-25944"
2024/07/02,"3855","9959","-6104","22652","6531","16121","30164","55139","-24975"
2024/07/03,"3905","11014","-7109","24097","6332","17765","29317","54777","-25460"
2024/07/04,"3797","11542","-7745","24702","6013","18689","29853","55479","-25626"
2024/07/05,"4195","10925","-6730","25173","6014","19159","27560","56058","-28498"
2024/07/08,"4936","11742","-6806","25670","5807","19863","28109","57541","-29432"
2024/07/09,"6255","11749","-5494","27226","5796","21430","24335","59120","-34785"
2024/07/10,"5306","12195","-6889","27760","5793","21967","24821","58449","-33628"
2024/07/11,"4590","11645","-7055","28304","5623","22681","23678","58927","-35249"
2024/07/12,"6937","11921","-4984","28809","5919","22890","24467","64796","-40329"
2024/07/15,"5911","11736","-5825","26713","5918","20795","24346","60564","-36218"
2024/07/16,"6002","12031","-6029","27054","5838","21216","24334","61468","-37134"
2024/07/17,"5769","7643","-1874","26862","5959","20903","18890","53732","-34842"
2024/07/18,"7618","9045","-1427","27606","6088","21518","18237","61270","-43033"
2024/07/19,"8015","9168","-1153","27901","6321","21580","18832","56069","-37237"
2024/07/22,"10425","11175","-750","28235","6538","21697","17956","58195","-40239"
2024/07/23,"8027","10369","-2342","28590","6120","22470","20659","53484","-32825"
