tp,fp,tn,fn,accuracy,precision,avail_count,pci_avl_count,ev,precision_ev,win B&H,stock_id,tv,Train_RTN,Train_B&H,Ann_Train_RTN,Ann_Train_B&H,RTN,B&H,Ann_RTN,Ann_B&H
276,283,72,71,0.49572649572649574,0.4937388193202147,702,559,0.0009583554516582743,0.001068414565503769,yes,2308,1,-1.9866007810286024,-4.964539007092195,-19.736358829464685,-42.7594188064099,82.08630502797907,58.8560885608856,15.343788304499961,11.65448091695438
265,268,0,0,0.4971857410881801,0.4971857410881801,533,533,0.0013210828267923554,0.0013210828267923554,yes,2308,2,-1.6458410603162332,-7.092198581560282,-6.051023080963446,-24.170522862081068,95.4188583251895,67.18446601941747,17.9437753427532,13.496067425568059
238,248,82,86,0.4892966360856269,0.4897119341563786,654,486,0.0010328222978226286,0.001339158465427242,yes,2308,3,-6.585194154875495,-11.524822695035464,-15.489744492419478,-26.104553207259706,83.80150353185584,73.93939393939395,16.79521858667037,15.16382395241338
255,248,68,63,0.5094637223974764,0.5069582504970179,634,503,0.0015765400502100926,0.0016464480121361523,yes,2308,4,-21.542980470327777,-19.680851063829785,-35.99939908432558,-33.17749987787493,159.52266879237533,91.33333333333333,28.682531596430238,18.717124559117025
216,209,93,93,0.5057283142389526,0.508235294117647,611,425,0.0012028050006443547,0.00154565102709196,yes,2308,5,-20.89515056183493,-15.248226950354615,-29.065793193848354,-21.525306813350088,97.51875817431413,82.02959830866807,20.544497033651798,17.872238798583883
237,228,64,58,0.5127768313458262,0.5096774193548387,587,465,0.0016046099322691116,0.0016403041287430722,yes,2308,6,-19.140415162766576,-8.510638297872342,-22.790073474560412,-10.262720030210726,141.91210813415864,66.53771760154739,28.674449212986698,15.669175883502051
210,193,83,78,0.5195035460992907,0.5210918114143921,564,403,0.001721644829694658,0.0019342064693712458,yes,2308,7,-21.211410206001002,-9.57446808510638,-21.983771360360993,-9.949750992755202,149.87246719635453,68.49315068493152,31.277380837250956,16.77057126613215
224,206,61,48,0.5287569573283859,0.5209302325581395,539,430,0.001789140814964574,0.001693808860790011,yes,2308,8,-9.120491415233655,-2.4822695035460973,-8.332681217812542,-2.2607906625785046,150.09116677923728,62.75992438563327,32.90697230223076,16.31953731609348
205,192,61,57,0.516504854368932,0.5163727959697733,515,397,0.0015761874907646647,0.0017302734037064633,yes,2308,9,-8.960629041581026,1.2411347517730542,-7.235160261052465,0.9916815455691452,109.55722128654801,46.92832764505119,27.117768011112453,13.29125554493864
191,184,62,52,0.5173824130879345,0.5093333333333333,489,375,0.0016485067296801983,0.001686915158617814,yes,2308,10,-0.7307332101338937,2.8368794326241176,-0.526667839243089,2.034537555732796,118.68411816236319,52.12014134275618,30.43965153974655,15.312061193179606
177,178,61,53,0.5074626865671642,0.49859154929577465,469,355,0.0016507969887959188,0.0017569880253259567,yes,2308,11,4.301942924582747,1.4184397163120588,2.840162858574291,0.9409040626365162,110.69680324660767,49.220103986135186,30.722590473692367,15.475159928112102
166,168,58,58,0.49777777777777776,0.49700598802395207,450,334,0.0015133189555567913,0.0018216409717546683,yes,2308,12,1.3687578460449323,1.5957446808510634,0.8249372265153543,0.9613128504900592,83.02593276336123,48.70466321243523,25.484170904119054,16.069476849483145
150,143,66,67,0.5070422535211268,0.5119453924914675,426,293,0.0015821059811489755,0.0020664668143180187,yes,2308,13,1.9160645105924967,6.737588652482263,1.063761202404434,3.7021044936659697,87.20993015039585,46.1799660441426,28.254857869905848,16.261470267043766
154,141,57,52,0.5222772277227723,0.5220338983050847,404,295,0.0021400069465595875,0.0024559302367180933,yes,2308,14,-4.695644971069024,7.801418439716312,-2.4381870994192756,3.9307664089678562,122.58085305826678,42.7860696517413,39.86274265468541,16.10741406365952
141,131,53,53,0.5132275132275133,0.5183823529411765,378,272,0.001957291267693305,0.0023812005090381927,yes,2308,15,3.3681848882351595,25.177304964539005,1.5966761420402653,11.335747901897575,96.15413606332095,16.35135135135135,35.05281792812846,6.988037842614436
136,125,49,45,0.5211267605633803,0.5210727969348659,355,261,0.002105582120319165,0.002418598508891561,yes,2308,16,4.997788846558349,26.595744680851062,2.2108854552913337,11.153868511911359,103.40224142790761,20.75736325385695,40.15688111527788,9.382440449436768
129,117,44,40,0.5242424242424243,0.524390243902439,330,246,0.002245051976640298,0.002540807926340454,yes,2308,17,9.627764827756224,26.595744680851062,3.9495732371726433,10.4485176699167,105.64358199152201,24.60202604920405,44.453065218291975,11.87406155986437
113,101,44,47,0.5147540983606558,0.5280373831775701,305,214,0.0020657212185454573,0.0027861428031318997,yes,2308,18,17.253468228718425,15.07092198581561,6.541605022637609,5.7476348040711,75.86546252735218,28.315946348733224,36.613783495687755,14.772884411138755
106,89,41,47,0.519434628975265,0.5435897435897435,283,195,0.0023709095977115036,0.00326032936667796,yes,2308,19,7.442649586675798,5.85106382978724,2.7451365622805923,2.168299155668718,86.67875776534456,41.611842105263165,44.918036758999904,22.971497774759044
90,79,40,48,0.5058365758754864,0.5325443786982249,257,169,0.00228636507110431,0.0033344563009916205,yes,2308,20,22.812187047553657,10.815602836879435,7.632738005289452,3.7445042365556347,73.9158838975848,38.647342995169076,43.517683546445966,23.77898567638379
85,71,34,43,0.5107296137339056,0.5448717948717948,233,156,0.0024444451837694397,0.0037538702531197763,yes,2308,21,21.159411761107606,4.078014184397172,6.76401632870125,1.37233300485613,71.90457955023936,45.685279187817265,47.544940145212,31.015920105077434
82,69,27,37,0.5069767441860465,0.543046357615894,215,151,0.0024407638794552433,0.003756473319930869,yes,2308,22,29.3874495277614,3.3687943262411313,8.750184651918591,1.0845861672530877,63.3051911283558,47.43150684931508,47.863421619908195,36.28417596470916
72,60,25,34,0.5078534031413613,0.5454545454545454,191,132,0.0018202946215305493,0.002914995496379873,yes,2308,23,56.054328977644104,26.95035460992907,14.86946065538386,7.716322322855729,41.888909060811756,22.127659574468094,36.85697518335604,19.633987658926966
66,47,22,33,0.5238095238095238,0.584070796460177,168,113,0.0025008219626498525,0.004340272033977286,yes,2308,24,42.71018235047413,11.702127659574458,11.203097414502516,3.359428618273075,48.865797459124714,34.11214953271029,50.31746347775514,35.0756611692411
63,40,17,24,0.5555555555555556,0.6116504854368932,144,103,0.0033101384121315414,0.005135798315258926,yes,2308,25,43.5456300210483,15.248226950354615,10.919362556218815,4.152545383616224,56.16376175232518,27.74480712166172,70.29244616441699,33.969862039172874
42,29,18,31,0.5,0.5915492957746479,120,71,0.0024382044274918677,0.005262368800890827,yes,2308,26,63.20442535014803,37.23404255319149,14.45969051882412,9.11884688673037,26.65636212421991,7.089552238805963,40.26303073974113,10.30429990051871
37,26,15,19,0.5360824742268041,0.5873015873015873,97,63,0.0025093874234463284,0.003953764242319281,yes,2308,27,70.53588187948606,37.4113475177305,15.227723120565283,8.805510321369958,28.02562909151782,7.8947368421052655,55.51228600863636,14.545804888550528
29,15,12,16,0.5694444444444444,0.6590909090909091,72,44,0.003469759842873108,0.006352798468042777,yes,2308,28,69.76460353122664,36.52482269503545,14.515241382759703,8.299728131413486,27.40395142433858,11.673151750972766,77.8514683921977,30.01439025636077
20,9,8,13,0.56,0.6896551724137931,50,29,0.004254776098628683,0.007869107864397666,yes,2308,29,76.4555595205844,41.843971631205676,15.030814501290157,9.0015868506635,21.885303183678563,6.427688504326334,103.90357067232455,25.14014891007306
10,4,3,9,0.5,0.7142857142857143,26,14,0.0032415886262884973,0.00869606906869416,no,2308,30,104.67588092822196,39.539007092198574,18.621002425707832,8.267216397989596,7.631413974594925,11.096774193548399,69.80916608398513,113.32926272428625
