Date,Volume,Transaction Amount,Open,High,Low,Close,Diff,Transaction Count
20220103,"80,381","4,639,170",57.70,57.80,57.50,57.80,+0.10,43
20220104,"64,096","3,743,290",57.80,59.00,57.80,58.00,+0.20,54
20220105,"20,101","1,159,656",58.00,58.00,57.50,57.50,-0.50,23
20220106,"348,768","21,065,851",60.70,62.30,59.30,59.50,+2.00,338
20220107,"264,574","15,941,895",60.50,61.00,59.50,60.40,+0.90,152
20220110,"111,234","6,606,753",59.20,60.00,58.70,59.00,-1.40,91
20220111,"23,315","1,380,885",59.00,59.40,58.80,59.20,+0.20,24
20220112,"33,002","1,980,363",60.50,60.60,59.40,59.60,+0.40,62
20220113,"39,627","2,353,125",60.20,60.30,59.00,59.30,-0.30,60
20220114,"51,115","3,020,676",59.80,59.80,58.60,59.40,+0.10,72
20220117,"34,463","2,047,690",59.70,59.70,59.10,59.60,+0.20,42
20220118,"16,385","977,267",59.30,60.10,59.30,59.60, 0.00,19
20220119,"38,976","2,325,179",59.60,60.00,59.40,59.50,-0.10,45
20220120,"18,141","1,084,310",59.50,60.00,59.40,60.00,+0.50,35
20220121,"32,791","1,953,374",60.20,60.20,59.40,59.40,-0.60,41
20220124,"73,054","4,281,648",59.40,59.40,58.00,58.60,-0.80,77
20220125,"41,004","2,380,434",58.70,58.90,57.70,57.80,-0.80,39
20220126,"29,126","1,690,402",58.00,58.30,57.90,57.90,+0.10,26
20220207,"51,267","2,991,974",58.00,59.80,58.00,59.80,+1.90,50
20220208,"94,858","5,688,981",59.80,60.50,59.20,60.30,+0.50,88
20220209,"88,237","5,345,196",60.20,61.00,59.90,61.00,+0.70,88
20220210,"52,227","3,170,040",61.00,61.00,60.30,60.50,-0.50,87
20220211,"69,115","4,152,308",60.00,60.40,59.90,60.10,-0.40,55
20220214,"49,001","2,929,243",59.90,59.90,59.50,59.70,-0.40,69
20220215,"103,201","6,154,583",59.50,60.00,59.50,59.80,+0.10,68
20220216,"120,784","7,315,585",59.90,61.00,59.80,60.50,+0.70,152
20220217,"273,051","16,892,325",60.80,62.60,60.80,62.00,+1.50,287
20220218,"151,470","9,395,623",62.00,62.50,61.00,62.30,+0.30,169
20220221,"229,483","14,294,628",62.40,63.20,61.70,62.00,-0.30,230
20220222,"136,407","8,371,543",61.40,61.90,60.80,61.70,-0.30,126
20220223,"132,014","8,195,668",61.40,62.50,61.40,61.90,+0.20,103
20220224,"252,475","15,565,453",61.50,62.80,60.50,61.70,-0.20,202
20220225,"107,551","6,665,476",62.00,62.30,61.40,62.20,+0.50,134
20220301,"95,808","5,940,229",62.00,62.50,61.40,61.90,-0.30,100
20220302,"48,127","2,949,930",62.00,62.00,61.00,61.50,-0.40,70
20220303,"50,213","3,079,799",61.50,61.60,61.20,61.20,-0.30,90
20220304,"116,601","7,034,762",60.80,60.80,60.00,60.40,-0.80,145
20220307,"181,869","10,665,529",59.80,59.80,58.00,58.00,-2.40,197
20220308,"234,814","13,287,028",57.30,57.50,55.40,56.90,-1.10,190
20220309,"103,037","5,831,781",56.90,57.40,56.40,56.40,-0.50,89
20220310,"67,315","3,873,689",57.40,58.20,56.70,57.60,+1.20,76
20220311,"89,309","5,069,985",57.50,57.50,56.50,56.90,-0.70,68
20220314,"57,354","3,279,305",57.00,57.50,56.90,57.10,+0.20,62
20220315,"59,125","3,347,426",57.00,57.10,56.50,56.80,-0.30,52
20220316,"26,017","1,479,397",57.00,57.10,56.60,56.90,+0.10,31
20220317,"75,237","4,355,274",57.50,58.30,57.40,58.00,+1.10,64
20220318,"17,021","988,695",58.50,58.50,58.00,58.00, 0.00,23
20220321,"44,171","2,575,700",58.00,58.70,58.00,58.10,+0.10,53
20220322,"86,490","4,950,982",57.90,57.90,56.80,57.70,-0.40,91
20220323,"30,053","1,740,294",57.80,58.10,57.70,58.10,+0.40,38
20220324,"53,103","3,076,291",58.10,58.50,57.50,58.50,+0.40,49
20220325,"47,487","2,784,939",58.40,58.90,58.30,58.70,+0.20,56
20220328,"57,405","3,333,784",58.70,58.70,57.60,58.10,-0.60,56
20220329,"14,037","817,052",58.40,58.40,58.00,58.00,-0.10,23
20220330,"154,170","9,002,917",58.30,58.60,58.10,58.40,+0.40,55
20220331,"23,770","1,380,153",58.10,58.30,58.00,58.00,-0.40,31
20220401,"53,054","3,057,040",57.60,58.10,57.30,58.10,+0.10,55
20220406,"30,172","1,754,848",58.00,58.70,57.90,58.00,-0.10,33
20220407,"49,266","2,845,428",58.00,58.20,57.30,57.60,-0.40,48
20220408,"59,089","3,399,262",57.60,57.90,57.30,57.30,-0.30,56
20220411,"78,041","4,452,878",57.70,57.70,56.70,57.10,-0.20,84
20220412,"59,187","3,358,604",57.10,57.10,56.60,56.80,-0.30,50
20220413,"84,269","4,823,090",56.80,57.60,56.60,57.20,+0.40,71
20220414,"214,815","12,669,425",57.80,59.90,57.80,59.00,+1.80,182
20220415,"65,672","3,847,505",58.80,59.10,58.30,58.70,-0.30,76
20220418,"122,532","7,204,312",59.20,59.90,57.70,58.00,-0.70,105
20220419,"21,858","1,271,464",58.30,58.30,58.00,58.00, 0.00,24
20220420,"63,029","3,665,986",58.00,58.70,58.00,58.00, 0.00,57
20220421,"27,305","1,588,129",58.10,58.30,58.10,58.10,+0.10,25
20220422,"117,681","6,927,980",58.10,59.30,58.10,59.20,+1.10,90
20220425,"97,295","5,630,392",59.00,59.00,57.40,57.60,-1.60,80
20220426,"60,482","3,488,239",57.60,58.00,57.30,57.60, 0.00,55
20220427,"63,863","3,627,484",57.10,57.50,56.50,56.70,-0.90,60
20220428,"62,058","3,525,794",56.60,57.10,56.50,56.80,+0.10,48
20220429,"58,222","3,301,628",56.80,57.20,56.30,56.90,+0.10,56
20220503,"58,852","3,316,728",56.90,57.10,56.00,56.20,-0.70,51
20220504,"48,894","2,745,023",56.00,56.60,55.90,56.00,-0.20,46
20220505,"31,003","1,752,968",56.60,56.80,56.20,56.50,+0.50,30
20220506,"92,124","5,115,644",56.10,56.10,55.10,55.80,-0.70,88
20220509,"93,341","5,091,603",55.50,56.50,54.00,54.20,-1.60,86
20220510,"90,442","4,805,467",52.10,54.10,52.00,53.70,-0.50,79
20220511,"61,000","3,235,600",53.20,53.70,52.60,52.60,-1.10,48
20220512,"174,663","8,894,875",52.40,52.40,50.20,50.20,-2.40,159
20220513,"96,275","4,840,887",50.30,51.10,49.70,51.10,+0.90,84
20220516,"28,190","1,444,075",51.40,51.60,50.60,51.10, 0.00,28
20220517,"48,050","2,520,195",51.50,53.10,51.50,52.60,+1.50,40
20220518,"52,045","2,741,981",53.00,53.80,52.00,52.30,-0.30,44
20220519,"17,834","919,130",52.00,52.00,51.30,52.00,-0.30,26
20220520,"22,001","1,150,951",52.00,53.20,52.00,52.70,+0.70,14
20220523,"36,143","1,918,934",52.70,53.40,52.60,52.90,+0.20,39
20220524,"31,511","1,648,286",52.90,52.90,51.80,52.30,-0.60,31
20220525,"23,041","1,200,831",52.30,52.40,51.90,52.20,-0.10,17
20220526,"29,003","1,530,159",53.00,53.60,52.30,52.30,+0.10,29
20220527,"52,100","2,742,649",52.90,53.50,52.00,52.70,+0.40,43
20220530,"47,004","2,516,514",52.80,54.50,52.60,53.40,+0.70,46
20220531,"38,747","2,106,061",53.70,54.90,53.40,54.60,+1.20,43
20220601,"128,436","7,162,906",54.60,56.40,54.60,56.40,+1.80,95
20220602,"25,593","1,437,838",55.50,56.50,55.50,56.20,-0.20,31
20220606,"369,482","22,149,388",60.00,61.80,59.00,59.70,+3.50,301
20220607,"101,469","5,992,446",59.50,59.60,58.60,58.80,-0.90,81
20220608,"57,327","3,375,407",59.30,59.40,58.70,58.90,+0.10,44
20220609,"36,295","2,138,773",58.70,59.20,58.70,58.80,-0.10,33
20220610,"80,073","4,737,407",59.50,59.90,58.50,59.00,+0.20,80
20220613,"76,162","4,437,315",58.10,58.60,57.80,58.40,-0.60,76
20220614,"56,545","3,281,470",58.00,58.80,57.60,58.50,+0.10,49
20220615,"53,391","3,141,073",59.40,59.40,58.40,58.60,+0.10,47
20220616,"330,762","19,952,815",59.00,61.70,58.90,59.00,+0.40,270
20220617,"348,065","20,777,286",58.50,61.00,57.80,60.40,+1.40,241
20220620,"845,067","52,471,989",61.60,64.90,60.00,61.10,+0.70,654
20220621,"345,362","21,302,562",61.10,62.90,59.30,62.00,+0.90,310
20220622,"548,897","33,890,382",62.10,62.60,59.70,62.00, 0.00,429
20220623,"253,898","15,578,782",62.00,62.40,60.10,60.60,-1.40,243
20220624,"173,424","10,732,619",61.50,62.60,61.10,61.50,+0.90,152
20220627,"223,295","13,900,288",61.90,62.90,61.50,61.90,+0.40,142
20220628,"97,058","6,017,912",62.40,62.60,61.70,61.90, 0.00,83
20220629,"111,381","6,909,935",62.10,62.40,61.70,62.00,+0.10,78
20220630,"123,312","7,503,993",62.00,62.00,60.30,60.50,-1.50,110
20220701,"143,304","8,619,319",60.50,61.90,59.20,59.90,-0.60,123
20220704,"96,001","5,786,259",60.00,61.80,59.00,60.00,+0.10,82
20220705,"70,174","4,230,111",61.20,61.20,60.00,60.60,+0.60,60
20220706,"104,285","6,298,619",61.00,61.20,59.80,60.00,-0.60,97
20220707,"45,100","2,707,330",60.00,60.50,59.50,60.10,+0.10,32
20220708,"153,170","9,245,220",59.70,61.60,59.50,60.00,-0.10,105
20220711,"114,650","6,896,983",60.40,60.50,59.80,60.00, 0.00,74
20220712,"151,163","8,810,123",59.40,59.60,56.90,58.20,-1.80,98
20220713,"107,204","6,426,893",60.80,60.80,59.60,60.00,+1.80,87
20220714,"171,473","10,443,104",60.00,61.50,60.00,61.40,+1.40,99
20220715,"47,229","2,870,962",61.40,61.40,60.40,60.70,-0.70,42
20220718,"111,221","6,875,468",61.00,62.40,61.00,61.50,+0.80,104
20220719,"52,322","3,203,786",60.70,61.50,60.70,61.10,-0.40,91
20220720,"56,160","3,448,809",61.50,61.70,61.20,61.20,+0.10,52
20220721,"42,700","2,602,010",61.40,61.40,60.40,60.60,-0.60,46
20220722,"72,320","4,368,735",60.70,60.80,60.10,60.30,-0.30,58
20220725,"11,050","671,069",60.90,60.90,60.60,60.70,+0.40,13
20220726,"79,005","4,762,813",60.20,61.00,59.60,60.30,-0.40,57
20220727,"35,603","2,141,898",60.40,60.70,59.80,60.30, 0.00,39
20220728,"54,054","3,233,654",60.10,60.20,59.50,59.90,-0.40,40
20220729,"341,995","21,371,691",63.00,63.50,61.90,62.00,+2.10,283
20220801,"155,563","9,672,465",62.10,62.70,61.70,62.30,+0.30,107
20220802,"103,163","6,427,439",61.50,62.80,61.50,62.50,+0.20,77
20220803,"67,188","4,196,048",62.90,62.90,62.10,62.40,-0.10,59
20220804,"76,765","4,775,048",62.40,62.50,61.70,62.40, 0.00,84
20220805,"275,466","17,505,116",62.40,64.30,62.30,63.40,+1.00,253
20220808,"490,442","31,896,759",63.70,66.20,63.40,65.20,+1.80,539
20220809,"351,433","23,148,540",65.70,66.60,64.70,65.90,+0.70,439
20220810,"151,485","9,941,625",65.10,66.20,65.10,65.20,-0.70,347
20220811,"275,409","17,694,841",65.30,66.00,63.50,63.80,-1.40,305
20220812,"83,269","5,321,365",63.40,64.30,63.30,63.90,+0.10,72
20220815,"123,124","7,787,751",63.90,63.90,62.70,63.10,-0.80,149
20220816,"154,208","9,684,852",63.00,63.80,62.50,62.50,-0.60,231
20220817,"72,721","4,602,661",62.90,63.70,62.80,63.70,+1.20,68
20220818,"97,112","6,188,112",63.30,64.30,63.20,64.10,+0.40,80
20220819,"83,710","5,363,236",64.40,64.50,63.70,63.70,-0.40,68
20220822,"212,706","13,293,050",63.20,63.70,61.80,61.80,-1.90,174
20220823,"64,361","3,976,973",61.50,62.50,61.40,62.00,+0.20,65
20220824,"92,548","5,715,131",62.50,63.00,61.00,61.50,-0.50,102
20220825,"49,213","3,056,407",61.50,62.50,61.50,61.90,+0.40,50
20220826,"63,017","3,934,157",62.00,62.70,62.00,62.60,+0.70,44
20220829,"76,103","4,695,306",61.90,61.90,61.40,61.80,-0.80,66
20220830,"98,183","6,190,929",61.70,63.70,61.70,63.20,+1.40,82
20220831,"148,772","9,564,711",63.20,65.00,63.20,64.70,+1.50,134
20220901,"78,726","5,025,300",64.00,65.00,63.10,63.50,-1.20,77
20220902,"57,009","3,626,574",63.50,64.00,63.30,64.00,+0.50,49
20220905,"212,235","13,793,399",63.80,65.80,63.80,65.10,+1.10,175
20220906,"1,293,695","89,231,008",67.70,71.40,66.00,67.70,+2.60,"1,000"
20220907,"1,618,431","115,529,227",68.20,73.80,66.40,72.70,+5.00,"1,294"
20220908,"1,968,629","145,635,503",74.50,76.00,72.00,76.00,+3.30,"1,648"
20220912,"1,251,994","95,933,359",76.10,77.70,75.30,76.90,+0.90,"1,000"
20220913,"1,255,191","96,156,496",76.90,78.80,74.60,74.90,-2.00,"1,056"
20220914,"734,927","55,349,491",74.00,76.70,72.80,75.10,+0.20,611
20220915,"446,539","33,623,947",75.10,76.50,74.50,74.70,-0.40,551
20220916,"283,728","21,042,277",74.00,74.70,73.60,74.00,-0.70,251
20220919,"258,210","19,345,425",74.10,76.60,73.80,76.60,+2.60,245
20220920,"621,886","47,559,109",76.00,78.00,74.80,78.00,+1.40,507
20220921,"911,429","68,909,380",77.40,78.30,73.60,73.60,-4.40,988
20220922,"435,697","32,729,241",73.80,76.70,72.80,75.90,+2.30,367
20220923,"302,483","22,778,419",76.10,77.50,74.00,74.80,-1.10,280
20220926,"433,958","32,215,688",74.80,75.70,73.40,75.00,+0.20,470
20220927,"301,853","22,582,297",75.00,75.80,73.30,75.80,+0.80,264
20220928,"717,117","51,455,144",76.20,76.40,68.30,69.10,-6.70,723
20220929,"555,338","40,760,632",69.80,74.60,69.80,73.40,+4.30,558
20220930,"443,086","32,028,136",74.00,74.00,70.40,73.00,-0.40,411
20221003,"191,697","13,929,027",72.90,73.40,72.10,72.50,-0.50,251
20221004,"334,786","24,805,640",74.00,75.20,73.00,73.00,+0.50,270
20221005,"319,448","23,216,682",74.90,74.90,70.90,70.90,-2.10,206
20221006,"128,994","9,076,307",71.90,71.90,69.60,69.90,-1.00,278
20221007,"169,456","11,749,576",69.80,70.40,68.30,68.90,-1.00,147
20221011,"461,229","30,290,821",67.50,67.70,64.10,65.60,-3.30,371
20221012,"153,575","10,102,004",65.00,66.50,65.00,66.00,+0.40,151
20221013,"521,590","32,992,657",66.50,66.50,61.50,62.10,-3.90,443
20221014,"140,961","8,885,226",63.20,63.90,62.10,62.40,+0.30,192
20221017,"307,658","18,508,933",62.00,62.00,58.90,61.20,-1.20,303
20221018,"173,246","10,606,767",61.80,62.60,60.40,61.10,-0.10,263
20221019,"86,600","5,297,097",61.10,62.00,60.50,61.50,+0.40,126
20221020,"186,531","11,092,237",60.50,60.50,58.90,59.70,-1.80,197
20221021,"171,812","10,000,201",59.20,59.20,57.70,58.30,-1.40,157
20221024,"203,380","12,084,151",59.40,60.70,57.10,59.70,+1.40,173
20221025,"125,477","7,379,495",59.70,59.80,57.90,59.70, 0.00,190
20221026,"103,029","6,098,611",59.60,59.90,58.80,59.50,-0.20,94
20221027,"98,000","5,856,900",59.60,60.20,59.30,60.00,+0.50,67
20221028,"126,333","7,434,382",60.00,60.10,57.60,58.30,-1.70,104
20221031,"93,100","5,452,597",58.50,58.90,58.40,58.80,+0.50,72
20221101,"306,201","18,630,348",60.00,61.90,60.00,61.90,+3.10,201
20221102,"189,058","11,524,743",63.30,63.30,60.00,60.80,-1.10,150
20221103,"233,082","14,247,588",60.00,62.00,60.00,61.50,+0.70,133
20221104,"299,329","18,694,625",62.50,63.80,61.50,61.60,+0.10,240
20221107,"146,554","9,179,219",63.00,63.30,61.90,62.90,+1.30,131
20221108,"92,032","5,795,422",63.00,63.80,62.00,62.90, 0.00,67
20221109,"325,144","20,502,128",63.20,64.00,62.50,63.90,+1.00,183
20221110,"86,411","5,432,142",63.70,63.70,62.40,63.00,-0.90,85
20221111,"143,092","9,090,737",63.90,64.10,63.10,63.70,+0.70,112
20221114,"194,924","12,579,238",64.20,65.10,64.00,64.10,+0.40,163
20221115,"71,868","4,620,399",64.10,64.60,63.80,64.10, 0.00,93
20221116,"121,707","7,735,139",63.80,64.40,63.20,63.30,-0.80,242
20221117,"314,459","20,782,651",63.60,67.40,63.60,66.60,+3.30,322
20221118,"163,412","10,777,830",66.80,67.70,65.50,65.60,-1.00,205
20221121,"129,175","8,433,729",64.80,66.50,64.80,65.20,-0.40,153
20221122,"416,162","28,104,538",65.50,69.00,65.20,67.90,+2.70,388
20221123,"442,141","30,468,930",68.30,70.40,67.90,68.20,+0.30,447
20221124,"184,257","12,524,949",67.90,68.60,67.40,68.50,+0.30,168
20221125,"132,431","8,939,937",68.00,68.90,66.70,66.70,-1.80,200
20221128,"128,185","8,660,398",67.00,68.40,66.50,68.10,+1.40,159
20221129,"178,670","12,298,367",69.00,69.70,67.90,68.80,+0.70,244
20221130,"106,429","7,391,206",69.50,69.80,69.00,69.20,+0.40,144
20221201,"243,552","16,873,473",69.40,70.50,68.70,69.10,-0.10,266
20221202,"131,353","9,214,564",69.50,70.80,69.50,70.10,+1.00,124
20221205,"325,127","23,476,031",70.80,73.40,70.70,71.80,+1.70,298
20221206,"226,376","16,008,114",73.00,73.00,70.00,70.50,-1.30,228
20221207,"289,273","20,427,966",69.30,72.50,69.30,70.50, 0.00,178
20221208,"347,876","25,097,011",70.50,74.10,69.40,73.60,+3.10,324
20221209,"153,794","11,252,491",73.60,74.00,72.30,73.00,-0.60,248
20221212,"150,521","10,859,645",73.00,73.10,71.70,72.10,-0.90,261
20221213,"277,778","20,378,348",73.30,74.10,72.40,73.10,+1.00,220
20221214,"489,590","36,471,970",72.80,75.20,72.80,74.50,+1.40,399
20221215,"170,681","12,665,449",74.50,75.40,73.30,73.50,-1.00,363
20221216,"255,525","18,298,657",73.40,73.40,70.60,71.40,-2.10,279
20221219,"97,313","6,930,994",71.40,71.90,70.80,71.20,-0.20,84
20221220,"240,208","17,256,412",72.00,72.80,71.20,72.80,+1.60,199
20221221,"324,146","23,981,374",73.00,74.80,72.70,74.30,+1.50,280
20221222,"129,022","9,628,327",75.40,75.40,74.00,75.00,+0.70,142
20221223,"120,598","8,973,375",74.50,75.00,73.70,74.70,-0.30,122
20221226,"185,510","13,520,002",75.10,75.10,71.80,72.70,-2.00,396
20221227,"73,179","5,347,429",73.50,73.60,72.70,73.60,+0.90,67
20221228,"152,911","10,857,408",73.00,73.30,69.80,70.20,-3.40,492
20221229,"160,232","11,219,238",70.00,70.80,69.20,70.50,+0.30,155
20221230,"47,570","3,366,666",70.60,71.30,70.30,70.90,+0.40,137
20230103,"85,140","5,957,348",71.00,71.50,69.00,70.00,-0.90,138
20230104,"1,717,376","131,952,221",74.40,77.00,74.40,77.00,+7.00,"1,032"
20230105,"2,692,240","215,208,980",78.30,82.00,76.10,81.10,+4.10,"2,370"
20230106,"869,180","70,290,794",81.00,82.00,79.80,80.30,-0.80,761
20230109,"863,090","68,040,696",81.40,81.90,77.40,78.00,-2.30,805
20230110,"526,603","40,637,932",78.30,78.90,75.70,77.20,-0.80,562
20230111,"980,171","77,204,194",77.60,81.20,76.00,76.00,-1.20,939
20230112,"280,078","21,185,251",76.60,76.80,75.00,75.60,-0.40,437
20230113,"143,550","10,875,805",76.20,76.30,75.30,75.80,+0.20,169
20230116,"153,084","11,700,741",76.10,77.40,75.50,76.70,+0.90,154
20230117,"220,768","17,211,216",77.00,78.90,76.90,78.10,+1.40,280
20230130,"181,919","14,313,507",79.00,79.40,78.10,78.40,+0.30,182
20230131,"265,753","21,059,371",78.40,80.30,78.00,78.90,+0.50,263
20230201,"280,026","22,178,200",78.60,80.20,78.50,78.50,-0.40,458
20230202,"162,860","12,729,300",78.50,78.90,77.80,78.20,-0.30,186
20230203,"250,753","19,528,980",78.10,78.80,77.30,77.30,-0.90,170
20230206,"739,500","58,793,530",80.00,81.80,77.60,78.20,+0.90,588
20230207,"741,015","59,691,739",79.20,82.00,78.20,81.40,+3.20,587
20230208,"423,633","34,619,953",81.40,82.90,80.60,82.70,+1.30,416
20230209,"316,933","26,450,182",82.80,84.40,82.30,83.00,+0.30,330
20230210,"585,434","48,537,136",83.00,85.00,81.40,81.70,-1.30,455
20230213,"167,776","13,645,651",82.10,82.10,80.50,81.20,-0.50,155
20230214,"82,930","6,744,448",82.00,82.00,81.10,81.10,-0.10,112
20230215,"80,573","6,541,845",81.20,82.00,80.60,81.40,+0.30,91
20230216,"134,951","11,092,836",81.10,83.40,81.10,83.40,+2.00,205
20230217,"458,167","39,006,343",83.00,86.80,82.50,84.70,+1.30,572
20230220,"221,087","18,896,008",85.90,86.30,84.70,85.00,+0.30,260
20230221,"269,165","22,825,144",85.60,86.20,83.90,83.90,-1.10,313
20230222,"237,820","19,814,708",83.20,85.10,82.10,84.70,+0.80,511
20230223,"279,980","23,983,339",85.50,86.60,84.60,86.10,+1.40,303
20230224,"333,864","29,036,109",86.80,88.00,86.10,86.50,+0.40,325
20230301,"1,245,209","111,922,819",89.20,90.80,88.40,89.50,+3.00,904
20230302,"438,471","40,042,779",91.00,92.10,90.20,90.80,+1.30,460
20230303,"427,953","38,589,089",91.80,91.80,89.10,89.90,-0.90,415
20230306,"257,821","23,322,873",90.40,91.70,89.60,89.60,-0.30,282
20230307,"215,181","19,289,028",88.90,90.30,88.90,89.00,-0.60,231
20230308,"791,120","72,576,708",90.00,93.20,90.00,92.60,+3.60,"1,244"
20230309,"642,060","57,885,066",92.60,92.60,89.10,89.10,-3.50,"1,035"
20230310,"577,951","49,944,812",88.40,88.40,85.10,85.10,-4.00,919
20230313,"420,700","35,237,408",84.60,85.20,82.40,84.00,-1.10,829
20230314,"150,699","12,568,661",84.60,84.60,82.70,83.60,-0.40,474
20230315,"157,058","13,164,209",83.80,84.50,83.00,83.80,+0.20,607
20230316,"328,247","27,148,482",83.40,83.80,81.90,82.50,-1.30,551
20230317,"113,411","9,496,221",83.00,84.40,83.00,84.20,+1.70,275
20230320,"108,970","9,139,241",84.30,84.30,83.60,83.80,-0.40,586
20230321,"249,554","21,357,969",84.30,86.50,84.10,86.30,+2.50,684
20230322,"143,601","12,434,608",86.90,87.00,86.00,86.70,+0.40,754
20230323,"180,031","15,649,591",85.20,87.80,85.20,87.10,X0.00,453
20230324,"196,039","16,860,037",87.40,87.40,85.30,86.10,-1.00,339
20230327,"166,718","14,545,360",85.40,87.80,85.40,87.30,+1.20,314
20230328,"249,854","21,400,065",86.80,87.30,84.60,85.30,-2.00,380
20230329,"78,947","6,721,264",85.30,86.00,84.80,85.10,-0.20,172
20230330,"136,236","11,600,417",85.20,85.70,84.80,85.10, 0.00,199
20230331,"75,363","6,461,291",85.40,86.20,85.10,86.20,+1.10,141
20230406,"2,106,141","198,414,587",93.90,94.80,90.70,94.80,+8.60,"2,549"
20230407,"3,328,385","313,761,235",96.30,98.60,90.10,90.10,-4.70,"3,446"
20230410,"721,568","64,828,153",91.00,91.50,88.70,88.80,-1.30,957
20230411,"349,361","31,074,991",88.90,89.80,88.50,88.60,-0.20,382
20230412,"832,396","75,812,017",88.90,92.40,88.90,91.40,+2.80,"1,151"
20230413,"2,564,976","245,932,212",91.90,98.40,91.80,95.20,+3.80,"2,421"
20230414,"1,154,763","110,418,129",94.50,97.00,93.60,95.90,+0.70,"1,016"
20230417,"2,834,358","293,219,612",97.50,105.00,97.10,105.00,+9.10,"1,967"
20230418,"8,918,736","994,774,184",107.50,115.50,103.00,115.50,+10.50,"5,873"
20230419,"9,901,193","1,176,258,209",114.00,124.00,112.50,121.50,+6.00,"6,280"
20230420,"4,929,745","578,038,657",120.00,121.00,114.50,115.50,-6.00,"3,294"
20230421,"3,325,513","371,197,286",115.50,115.50,108.50,113.50,-2.00,"2,395"
20230424,"3,381,351","371,855,561",113.00,113.50,106.50,108.50,-5.00,"2,486"
20230425,"8,742,080","926,004,534",110.50,114.00,99.00,99.00,-9.50,"5,500"
20230426,"3,466,366","338,971,088",100.00,101.50,95.80,95.90,-3.10,"2,772"
20230427,"4,858,037","495,079,543",97.00,105.00,96.90,105.00,+9.10,"3,148"
20230428,"9,624,350","1,037,023,056",108.50,111.00,105.00,108.00,+3.00,"6,136"
20230502,"3,139,641","335,244,259",108.50,109.00,104.00,108.00, 0.00,"2,205"
20230503,"6,075,337","649,494,192",106.00,114.50,102.00,102.50,-5.50,"4,422"
20230504,"2,496,595","251,811,632",102.50,104.00,99.40,99.70,-2.80,"1,834"
20230505,"1,761,525","176,333,398",100.00,103.00,98.50,98.50,-1.20,"1,419"
20230508,"1,106,381","111,523,485",100.50,102.50,99.80,100.50,+2.00,900
20230509,"1,267,786","124,190,748",100.50,101.50,96.40,96.70,-3.80,"1,198"
20230510,"1,391,391","135,987,202",97.40,99.50,95.80,96.30,-0.40,"1,013"
20230511,"1,598,526","150,490,070",96.80,97.70,92.40,93.20,-3.10,"1,403"
20230512,"922,543","87,411,111",93.60,96.50,92.00,96.20,+3.00,832
20230515,"1,193,302","115,739,843",96.50,99.20,95.00,95.10,-1.10,"1,084"
20230516,"538,899","51,703,001",95.50,97.00,95.00,96.00,+0.90,507
20230517,"3,784,684","383,428,661",97.20,104.50,96.70,100.50,+4.50,"2,683"
20230518,"1,943,382","195,336,130",101.50,103.50,99.00,99.80,-0.70,"1,725"
20230519,"1,534,667","152,691,397",100.00,102.50,97.60,97.60,-2.20,"1,188"
20230522,"1,450,101","146,154,520",97.50,102.50,97.00,102.00,+4.40,"1,184"
20230523,"4,290,519","452,863,895",103.00,108.00,103.00,105.00,+3.00,"3,373"
20230524,"2,558,985","270,278,172",105.50,108.50,103.50,104.00,-1.00,"2,006"
20230525,"1,302,523","132,491,736",105.00,105.50,100.00,102.00,-2.00,"1,016"
20230526,"1,457,614","149,102,590",103.00,105.50,100.50,103.00,+1.00,"1,131"
20230529,"2,377,682","252,337,004",105.00,108.50,103.50,105.00,+2.00,"1,914"
20230530,"1,069,159","109,519,708",106.00,106.50,101.00,101.00,-4.00,973
20230531,"805,522","81,947,778",101.50,103.00,101.00,101.00, 0.00,614
20230601,"905,332","90,499,694",101.00,101.50,98.60,101.00, 0.00,766
20230602,"704,734","70,866,886",101.50,101.50,99.90,100.00,-1.00,593
20230605,"963,992","97,915,228",101.00,103.50,100.00,100.00, 0.00,799
20230606,"1,024,108","101,040,224",100.50,100.50,98.00,98.00,-2.00,"1,030"
20230607,"2,431,699","246,779,453",101.00,103.00,100.00,101.50,+3.50,"2,110"
20230608,"863,800","85,990,815",101.50,101.50,98.60,99.10,-2.40,852
20230609,"465,374","46,022,480",99.70,100.00,98.30,98.80,-0.30,548
20230612,"1,617,508","153,715,213",99.60,99.60,93.20,93.90,-4.90,"1,540"
20230613,"600,048","56,807,559",93.50,95.90,93.50,94.50,+0.60,604
20230614,"420,509","39,667,083",94.80,95.60,93.70,93.70,-0.80,474
20230615,"694,275","65,769,460",93.70,96.40,93.00,95.00,+1.30,673
20230616,"402,392","38,310,652",95.20,96.40,94.60,94.90,-0.10,431
20230619,"1,299,989","126,967,121",95.20,99.20,94.90,97.00,+2.10,"1,115"
20230620,"528,356","50,869,058",97.20,98.00,95.30,95.30,-1.70,483
20230621,"294,679","28,083,872",96.30,96.50,94.80,94.90,-0.40,291
20230626,"246,314","23,084,860",95.00,95.00,93.50,93.50,-1.40,317
20230627,"393,764","36,575,480",93.50,94.90,91.70,91.80,-1.70,462
20230628,"416,753","38,477,001",92.10,93.60,91.30,91.30,-0.50,433
20230629,"494,328","45,284,872",92.10,92.80,90.50,92.30,+1.00,494
20230630,"225,855","21,009,009",93.00,93.60,92.30,93.20,+0.90,211
20230703,"1,048,974","100,443,664",96.10,98.00,94.40,95.20,+2.00,849
20230704,"478,771","45,162,675",95.50,96.50,93.80,93.90,-1.30,419
20230705,"347,603","32,622,318",94.00,94.80,93.00,93.80,-0.10,310
20230706,"360,138","33,477,691",93.80,94.10,92.00,92.20,-1.60,335
20230707,"400,668","36,742,879",91.60,92.90,90.70,91.70,-0.50,364
20230710,"228,509","20,919,311",91.80,92.50,91.00,91.00,-0.70,229
20230711,"343,847","31,793,875",92.00,93.80,91.00,92.20,+1.20,302
20230712,"400,045","36,923,468",92.80,93.60,91.60,91.90,-0.30,361
20230713,"670,327","62,725,453",92.80,94.70,92.20,93.50,+1.60,549
20230714,"607,859","57,881,571",94.20,95.80,94.00,95.20,+1.70,548
20230717,"692,102","66,080,526",95.60,96.50,94.10,95.80,+0.60,578
20230718,"581,164","54,957,372",95.80,96.40,93.20,93.80,-2.00,547
20230719,"393,277","36,966,730",93.90,95.50,92.60,92.60,-1.20,371
20230720,"327,029","30,823,066",93.00,95.00,92.50,94.80,+2.20,296
20230721,"239,856","22,440,550",94.00,94.50,93.10,93.20,-1.60,272
20230724,"479,899","44,183,748",93.30,93.30,91.00,91.50,-1.70,412
20230725,"333,474","30,652,820",91.20,93.00,91.10,92.50,+1.00,290
20230726,"293,022","26,807,458",92.50,92.50,91.10,91.20,-1.30,277
20230727,"2,079,023","202,594,752",92.50,98.90,92.10,98.60,+7.40,"1,797"
20230728,"784,180","75,515,400",96.90,97.70,95.10,97.30,-1.30,828
20230731,"1,152,217","112,336,930",95.80,100.50,95.00,95.90,-1.40,"1,083"
20230801,"3,347,330","336,605,457",96.80,104.00,96.80,102.00,+6.10,"2,803"
20230802,"3,339,103","337,810,983",102.00,104.50,97.50,101.00,-1.00,"2,619"
20230804,"8,293,888","889,825,961",102.00,111.00,100.50,111.00,+10.00,"6,001"
20230807,"6,606,921","728,233,768",113.00,114.00,106.00,109.00,-2.00,"5,803"
20230808,"2,994,320","328,234,757",109.50,112.00,108.00,109.00, 0.00,"2,354"
20230809,"2,604,722","275,439,077",109.00,109.00,101.50,107.50,-1.50,"2,099"
20230810,"1,453,850","151,902,139",108.00,108.00,103.00,103.50,-4.00,"1,242"
20230811,"1,929,349","203,303,677",106.00,108.00,103.50,104.00,+0.50,"1,451"
20230814,"1,826,852","182,664,638",104.50,104.50,98.50,98.50,-5.50,"1,574"
20230815,"889,487","88,424,157",99.50,100.50,98.70,98.80,+0.30,786
20230816,"1,116,203","108,608,446",97.50,98.80,95.80,98.70,-0.10,924
20230817,"682,415","67,081,122",98.00,100.00,96.40,99.70,+1.00,619
20230818,"998,717","99,211,072",99.10,101.50,97.50,97.50,-2.20,858
20230821,"422,547","41,511,523",98.10,99.30,97.70,97.90,+0.40,411
20230822,"727,640","70,684,388",98.90,99.00,95.70,95.70,-2.20,704
20230823,"1,780,215","176,923,254",96.70,101.50,96.70,98.80,+3.10,"1,333"
20230824,"6,152,935","653,479,004",102.00,108.50,101.50,104.50,+5.70,"3,966"
20230825,"3,809,369","400,483,967",106.00,108.00,102.00,102.50,-2.00,"2,890"
20230828,"2,508,860","262,957,503",102.50,107.00,102.50,103.00,+0.50,"2,013"
20230829,"1,675,206","170,227,337",103.50,104.00,99.00,103.00, 0.00,"1,415"
20230830,"657,007","66,964,524",103.00,103.50,101.00,102.00,-1.00,593
20230831,"863,114","89,136,860",102.50,104.50,102.00,103.00,+1.00,747
20230901,"1,831,031","192,934,786",103.50,107.50,102.50,105.50,+2.50,"1,322"
20230904,"2,442,609","262,808,867",109.00,110.00,106.00,106.50,+1.00,"1,838"
20230905,"1,051,794","111,361,498",107.50,108.00,104.50,105.00,-1.50,904
20230906,"1,271,175","135,552,382",105.50,108.50,105.00,105.50,+0.50,947
20230907,"1,412,989","145,566,470",105.50,106.50,101.50,102.00,-3.50,"1,101"
20230908,"1,929,208","205,085,890",102.00,108.00,102.00,107.50,+5.50,"1,532"
20230911,"2,238,505","237,621,677",107.50,110.00,103.50,103.50,-4.00,"1,653"
20230912,"580,380","60,259,764",103.50,105.00,103.00,103.00,-0.50,531
20230913,"454,956","47,540,992",103.00,105.50,103.00,105.00,+2.00,396
20230914,"496,216","51,792,990",105.00,105.50,103.50,103.50,-1.50,444
20230915,"885,115","90,794,256",105.00,105.00,101.50,102.00,-1.50,763
20230918,"665,879","67,516,702",102.00,104.00,100.00,100.00,-2.00,621
20230919,"581,191","57,914,879",100.00,101.00,98.60,98.70,-1.30,552
20230920,"487,842","47,996,260",98.70,99.50,97.50,97.80,-0.90,445
20230921,"1,053,256","100,271,261",97.00,97.30,93.60,94.80,-3.00,876
20230922,"628,395","58,838,712",93.10,94.50,92.60,93.60,-1.20,542
20230925,"402,131","37,955,832",94.10,95.10,93.90,94.10,+0.50,396
20230926,"698,463","64,719,327",94.50,94.50,91.60,91.70,-2.40,700
20230927,"317,353","29,246,570",91.70,92.80,91.50,92.80,+1.10,284
20230928,"616,354","58,492,420",93.30,95.80,93.30,95.80,+3.00,505
20231002,"574,873","55,548,870",96.10,97.50,95.50,97.10,+1.30,486
20231003,"1,386,918","129,757,149",95.00,96.40,92.00,92.60,-4.50,"1,142"
20231004,"235,078","21,784,803",92.00,93.30,91.80,92.90,+0.30,265
20231005,"342,889","31,760,182",93.30,93.70,92.10,92.30,-0.60,336
20231006,"144,959","13,424,045",93.20,93.20,92.40,92.80,+0.50,148
20231011,"525,941","48,784,678",93.80,95.00,91.00,91.00,-1.80,495
20231012,"353,221","32,131,909",91.80,91.80,90.50,90.80,-0.20,356
20231013,"495,408","44,497,754",91.00,91.30,88.70,88.70,-2.10,537
20231016,"894,834","77,688,490",88.70,88.70,83.70,86.30,-2.40,795
20231017,"343,727","29,637,019",87.10,87.60,85.10,85.10,-1.20,376
20231018,"393,055","32,932,503",85.10,85.20,82.80,83.00,-2.10,428
20231019,"269,803","22,406,111",82.20,84.00,82.10,83.80,+0.80,320
20231020,"367,820","30,111,431",83.20,83.30,81.00,81.90,-1.90,361
20231023,"253,380","20,804,602",81.40,83.70,81.20,81.30,-0.60,251
20231024,"232,347","19,081,265",81.40,83.20,80.90,82.80,+1.50,254
20231025,"144,121","12,043,453",83.00,84.00,83.00,83.20,+0.40,194
20231026,"138,824","11,508,912",82.50,83.60,82.00,82.80,-0.40,138
20231027,"156,288","13,050,585",82.80,84.00,82.80,83.20,+0.40,161
20231030,"502,877","43,611,327",86.20,88.60,85.30,87.30,+4.10,536
20231031,"503,909","44,086,698",88.20,88.80,86.30,86.50,-0.80,413
20231101,"223,121","19,056,519",87.00,87.20,84.70,84.90,-1.60,235
20231102,"307,106","26,721,670",86.20,87.70,86.00,87.20,+2.30,297
20231103,"447,890","39,892,347",89.50,89.90,88.30,88.30,+1.10,414
20231106,"161,612","14,444,473",88.50,89.80,88.50,89.30,+1.00,237
20231107,"206,692","18,329,189",90.00,90.00,88.30,88.70,-0.60,214
20231108,"291,440","26,205,295",88.70,90.70,88.70,90.20,+1.50,257
20231109,"226,098","20,348,718",90.90,90.90,89.00,90.30,+0.10,213
20231110,"196,793","17,600,230",90.70,90.70,88.90,88.90,-1.40,241
20231113,"175,919","15,788,633",89.90,90.50,88.30,90.00,+1.10,177
20231114,"488,966","44,358,316",90.60,92.30,89.00,89.00,-1.00,399
20231115,"228,299","20,293,237",89.20,89.40,88.40,88.60,-0.40,261
20231116,"95,781","8,519,190",88.60,89.60,88.40,88.80,+0.20,99
20231117,"190,592","16,953,171",88.60,89.40,88.10,89.10,+0.30,196
20231120,"143,320","12,916,530",89.10,90.90,89.10,90.00,+0.90,191
20231121,"354,146","32,178,683",90.50,91.30,90.00,91.10,+1.10,386
20231122,"192,729","17,556,568",91.20,91.60,90.50,90.60,-0.50,404
20231123,"147,694","13,399,867",90.60,91.30,90.40,90.40,-0.20,163
20231124,"1,730,310","161,961,673",91.40,95.50,91.20,92.50,+2.10,"1,235"
20231127,"632,812","58,913,759",94.30,94.60,92.00,92.00,-0.50,641
20231128,"297,548","27,367,073",92.00,93.30,91.10,92.00, 0.00,341
20231129,"217,662","20,059,519",92.70,93.20,91.40,91.90,-0.10,242
20231130,"197,833","18,104,687",91.90,92.40,91.00,91.20,-0.70,268
20231201,"374,104","34,707,059",91.60,93.50,91.50,92.70,+1.50,405
20231204,"511,451","48,000,844",93.70,95.00,93.00,93.00,+0.30,871
20231205,"221,968","20,431,150",93.30,93.40,91.60,91.90,-1.10,315
20231206,"156,884","14,412,791",92.00,92.80,91.40,91.90, 0.00,180
20231207,"212,553","19,633,263",92.20,93.50,91.50,91.70,-0.20,249
20231208,"195,511","17,877,248",92.40,92.40,91.20,91.40,-0.30,191
20231211,"175,867","16,126,570",91.40,92.20,91.10,91.80,+0.40,166
20231212,"245,791","22,621,848",91.90,92.70,91.30,91.50,-0.30,215
20231213,"400,408","36,789,598",92.20,92.70,91.00,92.10,+0.60,287
20231214,"656,513","61,686,431",93.10,95.10,92.60,94.10,+2.00,569
20231215,"728,418","69,429,469",95.80,96.50,94.20,94.20,+0.10,760
20231218,"316,102","29,490,319",94.20,94.60,92.40,92.60,-1.60,364
20231219,"216,883","19,950,928",92.70,93.80,91.30,91.50,-1.10,337
20231220,"364,931","34,094,646",92.30,94.20,92.20,94.00,+2.50,360
20231221,"276,899","25,994,157",93.00,95.00,92.80,93.30,-0.70,685
20231222,"107,807","10,032,715",93.20,93.40,92.80,92.90,-0.40,360
20231225,"201,458","18,567,983",92.90,93.00,91.70,92.10,-0.80,298
20231226,"117,846","10,883,412",92.20,92.80,92.10,92.10, 0.00,140
20231227,"123,886","11,400,606",92.20,92.60,91.80,91.80,-0.30,175
20231228,"75,477","6,931,658",91.80,92.20,91.50,92.10,+0.30,100
20231229,"92,529","8,541,623",92.80,92.90,91.60,92.80,+0.70,120
