Date,Open,High,Low,Close,Volume,MA5,MA10,MA20,EMA5,EMA12,EMA26,EMA60,DIF,MACD,RSI,Volatility,K,D
20230510,15692.0,15702.0,15581.0,15609.0,159422,,,,15609.0,15609.0,15609.0,15609.0,0.0,0.0,,,50.0,50.0
20230511,15660.0,15683.0,15517.0,15518.0,184768,,,,15578.666666666668,15595.0,15602.25925925926,15602.25925925926,-7.2592592592591245,-1.451851851851825,,,33.51351351351351,44.504504504504496
20230512,15450.0,15559.0,15420.0,15508.0,174418,,,,15555.111111111113,15581.615384615385,15595.27709190672,15595.27709190672,-13.661707291335915,-3.8938229397486435,,,32.744233595297416,40.584414201435465
20230515,15439.0,15522.0,15425.0,15510.0,152712,,,,15540.074074074077,15570.597633136094,15588.960270284,15588.960270284,-18.362637147905843,-6.787585781380084,,,32.467786935872034,37.87887177958098
20230516,15604.0,15723.0,15593.0,15690.0,149046,15567.0,,,15590.049382716052,15588.967228038233,15596.444694707408,15596.444694707408,-7.477466669175556,-6.925561958939179,,,51.34816158761106,42.36863504892434
20230517,15720.0,15973.0,15713.0,15954.0,128344,15636.0,,,15711.366255144036,15645.12611603235,15622.930272877229,15622.930272877229,22.19584315512111,-1.1012809361271207,,,66.42017282453153,50.385814307460066
20230518,16026.0,16085.0,15960.0,16070.0,172182,15746.4,,,15830.91083676269,15710.49132895045,15656.046548960398,15656.046548960398,54.44477999005176,10.007931249108657,,,76.86156885043957,59.21106582178656
20230519,16153.0,16161.0,16068.0,16129.0,145150,15870.6,,,15930.273891175128,15774.877278342688,15691.080137926294,15691.080137926294,83.79714041639454,24.765773082565836,,,83.13488305728809,67.18567156695373
20230522,16133.0,16158.0,16091.0,16116.0,115250,15991.8,,,15992.182594116754,15827.357697059198,15722.555683265087,15722.555683265087,104.80201379411119,40.77302122487491,,,86.73229720688302,73.70121344693015
20230523,16149.0,16195.0,16072.0,16133.0,164294,16080.4,15823.7,,16039.12172941117,15874.379589819322,15752.958965986192,15752.958965986192,121.42062383312987,56.902541746525905,,,88.48819813792201,78.63020834392744
20230524,16055.0,16091.0,16005.0,16072.0,153770,16104.0,15870.0,,16050.08115294078,15904.782729847118,15776.5916351724,15776.5916351724,128.19109467471753,71.16025233216423,,,87.03514284463617,81.431853177497
20230525,16132.0,16232.0,16125.0,16207.0,196688,16131.4,15938.9,,16102.387435293855,15951.277694486023,15808.473736270742,15808.473736270742,142.80395821528145,85.48899350878769,,,90.3241307522688,84.39594570242093
20230526,16362.0,16456.0,16346.0,16435.0,179690,16192.6,16031.6,,16213.258290195903,16025.696510718943,15854.883089139576,15854.883089139576,170.81342157936706,102.55387912290357,,,92.73829651541752,87.17672930675312
20230529,16607.0,16633.0,16543.0,16570.0,147408,16283.4,16137.6,,16332.172193463935,16109.435509069875,15907.854712166274,15907.854712166274,201.58079690360137,122.35926267904314,86.65141113653699,,92.8762556479595,89.07657142048858
20230530,16550.0,16607.0,16515.0,16576.0,132068,16372.0,16226.2,,16413.448128975957,16181.214661520664,15957.346955709512,15957.346955709512,223.8677058111516,142.66095130546483,86.71222475322703,,92.42765730666343,90.19360004921353
20230531,16576.0,16598.0,16455.0,16489.0,195720,16455.4,16279.7,,16438.632085983973,16228.566252055947,15996.728662693993,15996.728662693993,231.8375893619541,160.4962789167627,86.97638994668698,,87.30845943586479,89.23188651143062
20230601,16440.0,16518.0,16422.0,16470.0,139994,16508.0,16319.7,,16449.08805732265,16265.709905585802,16031.785798790734,16031.785798790734,233.92410679506793,175.18184449242375,86.38426626323752,,82.88716828633024,87.11698043639714
20230602,16577.0,16738.0,16566.0,16710.0,163646,16563.0,16377.8,,16536.05870488177,16334.06222780337,16082.023887769197,16082.023887769197,252.0383400341725,190.55314360077352,88.46153846153845,,87.31813947601643,87.18403344960356
20230605,16750.0,16764.0,16657.0,16681.0,135344,16585.2,16434.3,,16584.37246992118,16387.437269679773,16126.392488675183,16126.392488675183,261.0447810045898,204.65147108153678,85.16678495386799,,87.90027919393629,87.4227820310478
20230606,16687.0,16784.0,16680.0,16747.0,152928,16619.4,16495.7,16159.7,16638.581646614122,16442.754612805962,16172.363415439984,16172.363415439984,270.39119736597786,217.799416338425,82.74153592072668,,90.0619969537724,88.30252033862266
20230607,16785.0,16906.0,16766.0,16889.0,151842,16699.4,16577.4,16223.7,16722.05443107608,16511.407749297352,16225.447606888874,16225.447606888874,285.9601424084776,231.43156155243554,83.10428455941795,,92.3627598739435,89.65593351706293
20230608,16852.0,16867.0,16667.0,16719.0,172584,16749.2,16628.6,16283.75,16721.036287384057,16543.34501863622,16262.007043415624,16262.007043415624,281.3379752205965,241.41284428606775,71.88427299703264,,82.02971870384113,87.11386191265566
20230609,16802.0,16888.0,16785.0,16888.0,137044,16784.8,16673.9,16352.75,16776.69085825604,16596.368861922954,16308.376892051503,16308.376892051503,287.99196987145115,250.72866940314444,75.66489361702128,,86.78014304773981,87.00262229101705
20230612,16954.0,16984.0,16907.0,16942.0,125384,16837.0,16711.1,16424.35,16831.793905504026,16649.542883165577,16355.311937084725,16355.311937084725,294.23094608085194,259.42912473868597,76.24918883841661,,88.69565882897956,87.56696780367122
20230613,17088.0,17274.0,17081.0,17220.0,178346,16931.6,16775.5,16500.85,16961.195937002685,16737.30551652472,16419.36290470808,16419.36290470808,317.94261181664115,271.131822154277,82.65073947667804,,90.35109649631501,88.49501070121914
20230614,17199.0,17230.0,17133.0,17203.0,139246,16994.4,16846.9,16563.3,17041.797291335126,16808.950821674764,16477.410096951924,16477.410096951924,331.5407247228395,283.2136026679895,80.36585365853658,,90.2246481350198,89.07155651248603
20230615,17250.0,17348.0,17230.0,17337.0,146724,17118.0,16933.6,16626.65,17140.19819422342,16890.189156801724,16541.083423103635,16541.083423103635,349.10573369808844,296.3920288740093,79.17205692108668,,92.95246682228526,90.3651932824191
20230616,17292.0,17322.0,17215.0,17268.0,165564,17194.0,16989.4,16683.6,17182.79879614895,16948.31390190915,16594.92909546633,16594.92909546633,353.38480644282026,307.79058438777156,73.58108108108108,,91.38583446497921,90.70540700993914
20230619,17194.0,17286.0,17160.0,17255.0,135894,17256.6,17046.8,16740.55,17206.8658640993,16995.49637853851,16643.8232365429,16643.8232365429,351.67314199561224,316.5670959093397,72.83120376597175,,89.70509375492006,90.3719692582661
20230620,17210.0,17238.0,17106.0,17189.0,164760,17250.4,17091.0,16793.35,17200.910576066202,17025.266166455665,16684.206700502684,16684.206700502684,341.05946595298155,321.46556991806807,73.87448840381992,,85.35405662956491,88.6993317153657
20230621,17157.0,17244.0,17140.0,17229.0,84488,17255.6,17125.0,16851.2,17210.27371737747,17056.609833154795,16724.561759724707,16724.561759724707,332.04807343008724,323.58207062047194,75.52118359112306,,83.19044864706339,86.86303735926492
20230626,16851.0,16915.0,16822.0,16880.0,144330,17164.2,17141.1,16884.85,17100.18247825165,17029.439089592517,16736.0757034488,16736.0757034488,293.3633861437156,317.5383337251207,55.32581453634085,,59.13583775456951,77.62063749103311
20230627,16805.0,16855.0,16705.0,16743.0,188136,17059.2,17126.6,16900.25,16981.121652167767,16985.371537347513,16736.588614304444,16736.588614304444,248.78292304306888,303.7872515887104,51.81924882629108,,41.393824443948354,65.54503314200485
20230628,16795.0,16810.0,16712.0,16776.0,151278,16963.4,17110.0,16910.55,16912.747768111847,16953.16053160174,16739.50797620782,16739.50797620782,213.65255539392092,285.7603123497525,50.86774386594853,,31.276546518878995,54.12220426762956
20230629,16851.0,16965.0,16733.0,16756.0,223386,16876.8,17063.6,16919.55,16860.498512074566,16922.82814212455,16740.729607599835,16740.729607599835,182.0985345247136,265.02795678474473,45.70690768237572,,23.494887933270288,43.91309882284314
20230630,16718.0,16826.0,16671.0,16788.0,153864,16788.6,17022.1,16934.5,16836.332341383044,16902.085351028465,16744.231118147996,16744.231118147996,157.85423288046877,243.59321200388956,52.445074415308284,,21.65404203231844,36.49341322600157
20230703,16901.0,17038.0,16897.0,17035.0,150988,16819.6,16991.9,16962.75,16902.554894255365,16922.533758562546,16765.76955384074,16765.76955384074,156.7642047218069,226.22741054747303,54.93619879113499,,34.16502531151853,35.71728392117389
20230704,17025.0,17116.0,16983.0,17106.0,134812,16892.2,16975.7,16982.55,16970.369929503577,16950.759334168306,16790.971809111794,16790.971809111794,159.7875250565121,212.93943344928084,55.4448871181939,,48.082093663176394,39.83888716850805
20230705,17086.0,17098.0,16975.0,17005.0,145562,16938.0,16950.7,16998.75,16981.91328633572,16959.10405198857,16806.825749177588,16806.825749177588,152.27830281098068,200.8072073216208,41.9112114371708,,51.48463021407803,43.720801517031376
20230706,16767.0,16775.0,16673.0,16686.0,81350,16924.0,16900.4,16995.7,16883.275524223813,16917.088043990327,16797.875693682952,16797.875693682952,119.21235030737444,184.48823591877155,34.15082771305947,,35.44668231500333,40.962761783022025
20230707,16566.0,16708.0,16536.0,16623.0,193562,16891.0,16839.8,16982.4,16796.51701614921,16871.843729530276,16784.921938595326,16784.921938595326,86.92179093494997,164.97494692200723,27.115384615384613,,28.631121543335553,36.85221503645987
20230710,16675.0,16737.0,16545.0,16550.0,198558,16794.0,16806.8,16973.95,16714.344677432808,16822.32930960254,16767.52031351419,16767.52031351419,54.808996088351705,142.94175675527615,27.046035805626587,,19.892012063373127,31.198814045430954
20230711,16750.0,16877.0,16737.0,16870.0,165814,16746.8,16819.5,16973.05,16766.229784955205,16829.663261971382,16775.111401402028,16775.111401402028,54.551860569354176,125.26377751809176,39.711384286477816,,32.45674367443266,31.61812392176485
20230712,16880.0,16929.0,16824.0,16925.0,156616,16730.8,16834.4,16972.2,16819.153189970137,16844.330452437323,16786.214260557434,16786.214260557434,58.11619187988981,111.83426039045138,42.903225806451616,,43.994150955368895,35.743466266299535
20230713,17137.0,17255.0,17056.0,17084.0,214212,16810.4,16867.2,16965.4,16907.435459980094,16881.20269052389,16808.272463479105,16808.272463479105,72.93022704478426,104.05345372131796,46.33653360282971,,54.735089973954786,42.074007502184614
20230714,17219.0,17305.0,17143.0,17292.0,166974,16944.2,16917.6,16969.85,17035.62363998673,16944.40227659714,16844.104132851022,16844.104132851022,100.2981437461167,103.30239172627772,61.20783460282916,,69.2598909319213,51.135968645430175
20230717,17234.0,17345.0,17229.0,17291.0,139578,17092.4,16943.2,16967.55,17120.749093324488,16997.725003274503,16877.207530417614,16877.207530417614,120.51747285688907,106.7454079524,66.09870740305523,,77.28162485696278,59.851187382607705
20230718,17338.0,17386.0,17152.0,17225.0,201076,17163.4,16955.1,16965.4,17155.49939554966,17032.69038738612,16902.969935571866,16902.969935571866,129.72045181425347,111.3404167247707,62.93948126801152,,78.54069108111244,66.08102194877594
20230719,17287.0,17325.0,17092.0,17102.0,132164,17198.8,16964.8,16957.75,17137.666263699775,17043.35340471133,16917.71290330728,16917.71290330728,125.64050140405016,114.2004336606266,59.41240478781284,,74.55653915211417,68.90619434988868
20230724,16947.0,17024.0,16866.0,16981.0,188936,17178.2,16994.3,16947.35,17085.44417579985,17033.76057321728,16922.40083639563,16922.40083639563,111.35973682165059,113.6322942928314,55.00778412039439,,66.98537409982403,68.26592093320046
20230725,17091.0,17225.0,17054.0,17180.0,185296,17155.8,17050.0,16944.9,17116.96278386657,17056.25894656847,16941.48225592188,16941.48225592188,114.77669064658767,113.86117356358267,53.858435337945714,,67.40986932797719,67.98057039812603
20230726,17206.0,17208.0,17078.0,17102.0,185116,17118.0,17105.2,16956.0,17111.975189244382,17063.29603171178,16953.37245918693,16953.37245918693,109.9235725248509,113.07365335583633,49.89395546129374,,61.42864360892429,65.79659480172545
20230727,17183.0,17263.0,17168.0,17221.0,181952,17117.2,17140.3,16979.9,17148.316792829588,17087.5581806792,16973.19672146938,16973.19672146938,114.36145920982017,113.3312145266331,55.67226890756302,,63.708839329026446,65.10067631082578
20230728,17155.0,17299.0,17135.0,17262.0,211926,17149.2,17174.0,17004.2,17186.211195219727,17114.39538365163,16994.589556916093,16994.589556916093,119.80582673553727,114.62613696841395,67.71217712177122,,67.85717493729967,66.01950918631707
20230731,17400.0,17425.0,17058.0,17100.0,261614,17173.0,17175.6,17021.4,17157.474130146486,17112.180709243687,17002.397737885272,17002.397737885272,109.78297135841422,113.657503846414,63.826086956521735,,59.19160499695947,63.74354112319786
20230801,17160.0,17218.0,17090.0,17182.0,183996,17173.4,17164.6,17041.1,17165.64942009766,17122.922138590813,17015.70160915303,17015.70160915303,107.2205294377818,112.37010896468757,68.2237600922722,,58.3042423295174,61.930441525304374
20230802,17093.0,17162.0,16813.0,16814.0,62300,17115.8,17116.9,17030.05,17048.432946731773,17075.39565573069,17000.76074921577,17000.76074921577,74.63490651491884,104.82306847473383,48.4287317620651,,38.92396111728175,54.26161472263016
20230804,16720.0,16863.0,16715.0,16824.0,193156,17036.4,17076.8,17015.95,16973.62196448785,17036.71940100289,16987.66736038497,16987.66736038497,49.052040617920284,93.66886290337112,47.09268854346575,,31.066678303539945,46.529969249600086
20230807,16859.0,17027.0,16836.0,17002.0,186888,16984.4,17066.8,17015.8,16983.08130965857,17031.37795469475,16988.729037393492,16988.729037393492,42.648917301259644,83.46487378294883,47.665148063781324,,34.18529727278249,42.41507859066088
20230808,17020.0,17026.0,16757.0,16853.0,229278,16935.0,17054.0,17024.15,16939.720873105714,17003.93519243402,16978.675034623604,16978.675034623604,25.260157810414967,71.82393058844205,37.065409546258095,,29.269071421291613,38.03307620087112
20230809,16815.0,16935.0,16780.0,16852.0,198134,16869.0,17021.2,17035.6,16910.48058207048,16980.56054744417,16969.29169872556,16969.29169872556,11.26884871860966,59.712914214475575,37.065409546258095,,25.944639163490184,34.00359718841081
20230810,16788.0,16797.0,16584.0,16660.0,229940,16838.2,16977.0,17041.1,16826.987054713652,16931.243540145068,16946.381202523666,16946.381202523666,-15.13766237859818,44.74279889586083,34.50356555128907,,20.308713068961747,29.438635815261122
20230811,16711.0,16754.0,16574.0,16625.0,190282,16798.4,16917.4,17028.85,16759.65803647577,16884.129149353517,16922.575187521914,16922.575187521914,-38.446038168396626,28.10503148300934,36.2536023054755,,15.536791869711278,24.804687833411172
20230814,16567.0,16570.0,16306.0,16378.0,239286,16673.6,16829.0,17001.5,16632.438690983847,16806.263126376052,16882.236284742514,16882.236284742514,-75.97315836646158,7.289393513115159,33.799032778076295,,12.989440193842606,20.866271953554982
20230815,16471.0,16540.0,16422.0,16422.0,157606,16587.4,16761.2,16968.4,16562.2924606559,16747.145722318197,16848.144708094922,16848.144708094922,-100.99898577672502,-14.36828234485288,27.78429073856975,,13.176760752281362,18.30310155313044
20230816,16300.0,16413.0,16290.0,16364.0,111448,16489.8,16679.4,16922.0,16496.1949737706,16688.200226576937,16812.282137124927,16812.282137124927,-124.08191054798954,-36.31100798548022,28.113879003558708,,12.131409022552115,16.24587070960433
20230817,16261.0,16493.0,16205.0,16454.0,249334,16448.6,16643.4,16880.15,16482.129982513736,16652.16942248818,16785.742719560116,16785.742719560116,-133.5732970719364,-55.76346580277146,26.855763427881712,,18.184929616007977,16.892223678405543
20230818,16422.0,16541.0,16320.0,16352.0,236206,16394.0,16596.2,16836.5,16438.753321675824,16605.989511336153,16753.61362922233,16753.61362922233,-147.62411788617828,-74.13559621945282,23.515715948777654,,18.091617713960655,17.292021690257243
20230821,16424.0,16474.0,16325.0,16351.0,183486,16388.6,16531.1,16798.95,16409.50221445055,16566.760355745977,16723.790397428085,16723.790397428085,-157.03004168210828,-90.71448531198392,25.94733461785485,,18.727745142640437,17.770596174384973
20230822,16495.0,16507.0,16380.0,16401.0,172452,16384.4,16485.9,16769.95,16406.668142967035,16541.258762554287,16699.8799976186,16699.8799976186,-158.6212350643109,-104.29583526244932,24.393442622950815,,23.521199464462992,19.68746393774431
20230823,16419.0,16561.0,16405.0,16559.0,195652,16423.4,16456.6,16738.9,16457.445428644693,16543.98818369978,16689.444442239444,16689.444442239444,-145.4562585396634,-112.52791991789213,40.3041825095057,,37.17442441528863,25.516450763592417
20230824,16788.0,16798.0,16670.0,16759.0,216966,16484.4,16466.5,16721.75,16557.963619096463,16577.066924669045,16694.596705777265,16694.596705777265,-117.52978110822005,-113.52829215595773,47.840531561461795,,55.92404011047347,35.652313879219435
20230825,16549.0,16586.0,16415.0,16421.0,199746,16498.2,16446.1,16681.75,16512.309079397644,16553.056628566115,16674.330283127096,16674.330283127096,-121.2736545609805,-115.07736463696229,32.552552552552555,,49.424346020810304,40.24299125974972
20230828,16468.0,16548.0,16461.0,16490.0,166032,16526.0,16457.3,16643.15,16504.872719598432,16543.355608786715,16660.676188080644,16660.676188080644,-117.32057929392977,-115.5260075683558,38.54889589905363,,48.969800101563244,43.15192754035423
20230829,16578.0,16632.0,16453.0,16624.0,169656,16570.6,16477.5,16619.35,16544.581813065623,16555.762438204143,16657.959433408003,16657.959433408003,-102.19699520385984,-112.8602050954566,43.36437718277066,,56.19909101768072,47.500982032796394
20230830,16738.0,16778.0,16695.0,16724.0,139944,16603.6,16513.5,16596.45,16604.387875377084,16581.64514001889,16662.851327229633,16662.851327229633,-81.20618721074425,-106.52940151851413,51.968019680196804,,65.63900349574809,53.546989187113624
20230831,16730.0,16731.0,16602.0,16628.0,179658,16577.4,16530.9,16587.15,16612.258583584724,16588.77665693906,16660.269747434846,16660.269747434846,-71.49309049578733,-99.52213931396878,50.08891523414345,,65.11240120294411,57.40212652572378
20230901,16608.0,16727.0,16600.0,16651.0,156850,16623.4,16560.8,16578.5,16625.172389056483,16598.349478948436,16659.58309947671,16659.58309947671,-61.233620528273605,-91.86443555682975,59.33014354066986,,65.01911276368523,59.94112193837759
20230904,16646.0,16782.0,16607.0,16782.0,169856,16681.8,16603.9,16567.5,16677.44825937099,16626.60340526406,16668.65101803399,16668.65101803399,-42.0476127699294,-81.90107099944969,61.61290322580645,,75.32232623601067,65.06819003758861
20230905,16736.0,16765.0,16707.0,16754.0,113956,16707.8,16639.2,16562.55,16702.96550624733,16646.20288137728,16674.973164846288,16674.973164846288,-28.770283469006245,-71.274913493361,62.82894736842105,,79.71880060642661,69.95172689386794
20230906,16758.0,16801.0,16702.0,16711.0,141172,16705.2,16654.4,16555.5,16705.643670831552,16656.1716688577,16677.641819302116,16677.641819302116,-21.470150444416504,-61.3139608835721,58.72369314324507,,78.7071796788958,72.87021115554388
20230907,16604.0,16660.0,16560.0,16564.0,156564,16692.4,16634.9,16550.7,16658.4291138877,16641.99141211036,16669.223906761217,16669.223906761217,-27.232494650856097,-54.497667637028904,56.9828722002635,,63.103637027309844,69.61468644613254
20230908,16490.0,16579.0,16467.0,16563.0,149082,16674.8,16649.1,16547.6,16626.61940925847,16629.838887170306,16661.35546922335,16661.35546922335,-31.51658205304193,-49.90145052023151,56.9828722002635,,52.60548981897284,63.9449542370793
20230911,16560.0,16577.0,16366.0,16427.0,208498,16603.8,16642.8,16550.05,16560.079606172316,16598.63290452872,16643.995804836435,16643.995804836435,-45.36290030771488,-48.99374047772819,50.81047381546136,,39.7446560478976,55.87818817401873
20230912,16459.0,16591.0,16413.0,16573.0,189074,16567.6,16637.7,16557.6,16564.386404114877,16594.68938075507,16638.736856330033,16638.736856330033,-44.047475574963755,-48.004487497175305,50.439698492462306,,42.358506330782305,51.37162755960659
20230913,16570.0,16645.0,16523.0,16577.0,158002,16540.8,16623.0,16568.25,16568.590936076587,16591.96793756198,16634.163755861144,16634.163755861144,-42.195818299162056,-46.84275365757266,43.48137535816619,,44.40758659600046,49.05028057173787
20230914,16676.0,16842.0,16675.0,16838.0,165964,16595.6,16644.0,16587.45,16658.393957384393,16629.819024090906,16649.262736908466,16649.262736908466,-19.44371281755957,-41.362945489570045,65.80742987111448,,62.65827901918237,53.58628005421937
20230915,16848.0,16918.0,16808.0,16906.0,149258,16664.2,16669.5,16615.15,16740.92930492293,16672.308404999996,16668.280311952283,16668.280311952283,4.0280930477129,-32.28473778211346,65.7814871016692,,74.38088166496215,60.517813924466964
20230918,16757.0,16796.0,16700.0,16709.0,143802,16720.6,16662.2,16633.05,16730.286203281954,16677.95326576923,16671.296585141004,16671.296585141004,6.6566806282244215,-24.496454100045884,53.07748008689356,,70.29981482978152,63.77848089290515
20230919,16700.0,16741.0,16603.0,16609.0,147358,16727.8,16647.7,16643.45,16689.857468854636,16667.345071035503,16666.682023278707,16666.682023278707,0.6630477567960043,-19.464553728677508,45.83635047067342,,61.54045626333261,63.03247268304763
20230920,16611.0,16648.0,16531.0,16537.0,92270,16719.8,16630.3,16642.35,16638.904979236424,16647.291983183888,16657.075947480284,16657.075947480284,-9.783964296395425,-17.528435842221093,46.64701547531319,,51.35305779874348,59.13933438827957
20230921,16479.0,16483.0,16280.0,16309.0,207766,16614.0,16604.8,16619.85,16528.936652824283,16595.24706269406,16631.292543963224,16631.292543963224,-36.045481269164156,-21.231844927609707,39.05249679897567,,35.750523380980496,51.343064052513206
20230922,16200.0,16355.0,16188.0,16345.0,154826,16501.8,16583.0,16616.05,16467.62443521619,16556.74751458728,16610.085688854837,16610.085688854837,-53.33817426755559,-27.653110795598884,35.1056578050443,,31.002632025676494,44.56292004356764
20230925,16352.0,16491.0,16340.0,16464.0,138832,16452.8,16586.7,16614.75,16466.416290144127,16542.47866618924,16599.26452671744,16599.26452671744,-56.78586052820174,-33.47966074211946,40.693196405648266,,33.27116107647839,40.79900038787122
20230927,16246.0,16334.0,16230.0,16311.0,152216,16393.2,16560.5,16599.1,16414.610860096087,16506.866563698586,16577.911598812447,16577.911598812447,-71.04503511386065,-40.9927356164677,38.00959232613908,,27.797212407149978,36.465071060964135
20230928,16342.0,16435.0,16295.0,16368.0,181222,16359.4,16539.6,16581.3,16399.073906730726,16485.502476975726,16562.362591493005,16562.362591493005,-76.86011451727973,-48.1662113966301,43.78960709759188,,26.750653020291765,33.226931714073345
20231002,16531.0,16610.0,16504.0,16557.0,153060,16409.0,16511.5,16577.75,16451.715937820485,16496.50209590254,16561.965362493524,16561.965362493524,-65.46326659098486,-51.62562243550106,49.83012457531144,,38.06403183808925,34.83929842207864
20231003,16497.0,16553.0,16408.0,16412.0,168330,16422.4,16462.1,16565.8,16438.477291880325,16483.501773455995,16550.856817123633,16550.856817123633,-67.3550436676378,-54.77150668192841,49.57746478873239,,38.87813093003418,36.185575924730486
20231004,16285.0,16286.0,16164.0,16245.0,211550,16378.6,16415.7,16538.95,16373.984861253552,16446.809192924302,16528.200756595958,16528.200756595958,-81.3915636716556,-60.09551807987385,40.86859688195991,,31.497266350050335,34.62280606650377
20231005,16300.0,16486.0,16288.0,16456.0,176204,16407.6,16400.4,16524.05,16401.323240835703,16448.22316324364,16522.852552403663,16522.852552403663,-74.62938916002167,-63.002292295903416,46.97953070394408,,42.82179490601263,37.355802346340056
20231006,16476.0,16552.0,16473.0,16531.0,135510,16440.2,16399.8,16515.05,16444.548827223804,16460.958061206158,16523.456067040428,16523.456067040428,-62.49800583426986,-62.90143500357671,41.55200880572372,,55.97686177590677,43.56282215619562
20231011,16829.0,16829.0,16662.0,16717.0,165848,16472.2,16440.6,16522.7,16535.36588481587,16500.349128712904,16537.792654667064,16537.792654667064,-37.44352595416058,-57.809853193693485,45.116279069767444,,65.03720609621854,50.72095013620326
20231012,16768.0,16857.0,16725.0,16848.0,151284,16559.4,16490.9,16536.95,16639.577256543915,16553.833878141686,16560.77097654358,16560.77097654358,-6.937098401893309,-47.635302235333455,53.718566078116645,,76.25857029791192,59.23349019010614
20231013,16750.0,16807.0,16730.0,16770.0,131458,16664.4,16521.5,16554.1,16683.05150436261,16587.090204581425,16576.269422725538,16576.269422725538,10.820781855887617,-35.94408541708924,54.35841905793178,,79.98767601390375,66.151552131372
20231016,16661.0,16683.0,16603.0,16648.0,157106,16702.8,16555.2,16557.85,16671.367669575076,16596.46094233813,16581.58279881994,16581.58279881994,14.878143518188153,-25.779639630033763,52.925672113863996,,76.60554062302577,69.63621496192326
20231017,16764.0,16782.0,16634.0,16650.0,134898,16726.6,16583.4,16561.5,16664.245113050052,16604.697720439955,16586.650739648096,16586.650739648096,18.046980791859824,-17.014315545655048,60.203470975463794,,74.44698379197389,71.23980457194014
20231018,16616.0,16633.0,16411.0,16426.0,119250,16668.4,16570.3,16540.9,16584.830075366703,16577.205763449194,16574.750684859348,16574.750684859348,2.45507858984638,-13.120436718554764,52.17859064012911,,62.23353513019519,68.23771475802516
20231019,16365.0,16487.0,16357.0,16458.0,167286,16590.4,16574.9,16518.5,16542.553383577804,16558.86641522624,16566.10248598088,16566.10248598088,-7.236070754639513,-11.943563525771715,49.830699774266364,,51.448015804430064,62.64114844016012
20231020,16440.0,16465.0,16255.0,16413.0,230134,16519.0,16591.7,16503.7,16499.368922385205,16536.425428268358,16554.761561093404,16554.761561093404,-18.33613282504666,-13.222077385626704,53.06490384615385,,43.04729292831328,56.109863269544505
20231023,16350.0,16366.0,16250.0,16254.0,157732,16440.2,16571.5,16485.95,16417.579281590137,16492.97536238092,16532.482926938337,16532.482926938337,-39.507564557417936,-18.47917481998495,46.772366930917336,,28.917854813274204,47.04586045078773
20231024,16274.0,16343.0,16148.0,16335.0,234286,16377.2,16551.9,16475.85,16390.052854393427,16468.671460476162,16517.85456197994,16517.85456197994,-49.183101503778744,-24.619960156743712,43.30518697225573,,28.070295310400947,40.7206720706588
20231025,16370.0,16480.0,16350.0,16358.0,170102,16363.6,16516.0,16478.3,16379.36856959562,16451.64508194137,16506.01348331476,16506.01348331476,-54.36840137339095,-30.569648400073163,48.2421875,,29.335684986903615,36.92567637607374
20231026,16144.0,16176.0,16039.0,16069.0,219710,16285.8,16438.1,16464.5,16275.912379730413,16392.776607796543,16473.642114180333,16473.642114180333,-80.86550638379049,-40.62881999681663,44.69240048250905,,20.903018344790834,31.5847903656461
20231027,16137.0,16217.0,16120.0,16151.0,168846,16233.4,16376.2,16448.85,16234.274919820276,16355.580206597075,16449.742698315124,16449.742698315124,-94.16249171804884,-51.33555434106307,40.02616088947025,,18.960020305230675,27.376533678840957
20231030,16118.0,16238.0,16111.0,16157.0,177162,16214.0,16327.1,16441.15,16208.516613213518,16325.02940558214,16428.058053995486,16428.058053995486,-103.02864841334667,-61.674173155519796,37.1917808219178,,19.261786825260405,24.67161806098077
20231031,16180.0,16197.0,15973.0,15994.0,217998,16145.8,16261.5,16422.45,16137.011075475679,16274.101804723348,16395.905605551376,16395.905605551376,-121.8038008280273,-73.7000986900213,24.843423799582453,,14.203058921120425,21.182098347693987
20231101,16099.0,16120.0,15978.0,16048.0,173752,16083.8,16223.7,16397.0,16107.340716983786,16239.316911688988,16370.134819954978,16370.134819954978,-130.8179082659899,-85.12366060521502,20.588235294117652,,14.399672416841623,18.921289704076532
20231102,16256.0,16399.0,16250.0,16390.0,161490,16148.0,16216.9,16395.9,16201.560477989191,16262.498925275297,16371.606314773127,16371.606314773127,-109.10738949783081,-89.92040638373818,38.300492610837445,,37.01595518124747,24.95284486313351
20231103,16488.0,16537.0,16441.0,16512.0,147702,16220.2,16226.8,16409.25,16305.040318659461,16300.883706002174,16382.005847012155,16382.005847012155,-81.12214100998062,-88.16075330898667,45.8128078817734,,56.53309541633992,35.47959504753564
20231106,16680.0,16750.0,16626.0,16670.0,165618,16322.8,16268.4,16419.95,16426.693545772974,16357.670828155686,16403.338747233476,16403.338747233476,-45.66791907779043,-79.66218646274743,50.56179775280899,,67.59006017888984,46.1830834246537
20231107,16632.0,16712.0,16613.0,16709.0,129800,16465.8,16305.8,16428.85,16520.795697181984,16411.72146997789,16425.980321512478,16425.980321512478,-14.258851534588757,-66.58151947711569,58.87147335423198,,76.63447169369147,56.33354618099962
20231108,16725.0,16797.0,16687.0,16749.0,152212,16606.0,16344.9,16430.45,16596.863798121325,16463.610474596677,16449.907705104146,16449.907705104146,13.702769492530933,-50.524661683186366,59.076731129132874,,82.4812335563121,65.04944197277044
20231109,16711.0,16788.0,16692.0,16763.0,139250,16680.6,16414.3,16426.2,16652.242532080883,16509.670401581803,16473.099726948283,16473.099726948283,36.57067463351996,-33.105594419845104,61.13231552162849,,86.9454178401304,72.34810059522376
20231110,16664.0,16738.0,16627.0,16736.0,153198,16725.4,16472.8,16424.5,16680.161688053922,16544.490339799988,16492.57382124841,16492.57382124841,51.91651855157761,-16.101171825560563,66.73611111111111,,88.82930768630052,77.84183629224934
20231113,16969.0,16985.0,16836.0,16876.0,162002,16766.6,16544.7,16435.9,16745.44112536928,16595.491825984605,16520.975760415193,16520.975760415193,74.5160655694126,2.022275653434071,68.04536357571715,,88.94479499510402,81.54282252653422
20231114,16956.0,16976.0,16912.0,16949.0,117708,16814.6,16640.2,16450.85,16813.294083579523,16649.87769891005,16552.681259643698,16552.681259643698,97.19643926635399,21.057108376018054,69.07682375726274,,90.99721026884485,84.69428510730444
20231115,17170.0,17192.0,17055.0,17123.0,100532,16889.4,16747.7,16485.7,16916.529389053016,16722.66574523158,16594.927092262682,16594.927092262682,127.73865296889926,42.3934172945943,86.75034867503487,,90.93555695685973,86.7747090571562
20231116,17196.0,17218.0,17109.0,17186.0,145356,16974.0,16827.3,16522.1,17006.352926035346,16793.947938272875,16638.710270613596,16638.710270613596,155.2376676592794,64.96226736753133,86.57243816254417,,92.19395257179079,88.58112356203439
20231117,17152.0,17252.0,17151.0,17222.0,145852,17071.2,16898.3,16562.55,17078.235284023565,16859.80210161551,16681.916917234812,16681.916917234812,177.88518438069877,87.54685077016482,86.85121107266436,,93.2310231542768,90.13109009278186
20231120,17227.0,17288.0,17154.0,17200.0,144496,17136.0,16951.3,16609.85,17118.823522682378,16912.14023982851,16720.293441884085,16720.293441884085,191.8467979444249,108.40684020501685,96.24233128834356,,91.04962814420269,90.43726944325546
20231121,17281.0,17425.0,17280.0,17415.0,140292,17229.2,17021.9,16663.85,17217.549015121585,16989.503279854893,16771.75318692971,16771.75318692971,217.7500929251837,130.27549074905022,96.65529010238907,,93.61537448544172,91.49663779065088
20231122,17298.0,17334.0,17256.0,17284.0,130872,17261.4,17075.4,16710.15,17239.69934341439,17034.810467569525,16809.697395305288,16809.697395305288,225.11307226423742,149.24300705208768,85.64593301435407,,89.85385867951753,90.94904475360643
20231123,17275.0,17323.0,17214.0,17307.0,147488,17285.6,17129.8,16772.05,17262.132895609597,17076.685780251137,16846.534625282675,16846.534625282675,230.15115496846192,165.42463663536253,84.41558441558442,,86.55792050054988,89.48533666925425
20231124,17330.0,17350.0,17265.0,17293.0,103294,17299.8,17185.5,16829.15,17272.4219304064,17109.96489098173,16879.606134520996,16879.606134520996,230.35875646073328,178.4114606004367,80.811078140455,,82.461615616351,87.1440963182865
20231127,17257.0,17361.0,17145.0,17173.0,180480,17294.4,17215.2,16879.95,17239.2812869376,17119.662600061463,16901.339013445366,16901.339013445366,218.3235866160976,186.39388580356888,71.24542124542126,,65.6050410415313,79.96441122603476
20231128,17215.0,17402.0,17195.0,17364.0,174936,17284.2,17256.7,16948.45,17280.854191291735,17157.252969282777,16935.610197634596,16935.610197634596,221.64277164818122,193.44366297249135,74.73853580048271,,70.63542820490272,76.85475021899074
20231129,17339.0,17429.0,17335.0,17408.0,29294,17309.0,17285.2,17016.45,17323.236127527824,17195.829435546966,16970.60203484685,16970.60203484685,225.22740070011787,199.80041051801666,75.3338570306363,,77.95883007087411,77.22277683628519
20231130,17400.0,17416.0,17291.0,17393.0,165898,17326.2,17305.9,17066.6,17346.490751685218,17226.16336853974,17001.89077300634,17001.89077300634,224.272595533399,204.69484752109315,76.050753370341,,81.08053460124,78.50869609127012
20231201,17333.0,17434.0,17254.0,17421.0,159366,17351.8,17325.8,17112.05,17371.327167790147,17256.138234918242,17032.935900931796,17032.935900931796,223.20233398644632,208.3963448141638,73.71627502175805,,85.88759976876207,80.9683306504341
20231204,17465.0,17491.0,17376.0,17419.0,138508,17401.0,17347.7,17149.5,17387.2181118601,17281.193891084666,17061.533241603516,17061.533241603516,219.66064948114945,210.64920574756096,71.79962894248608,,83.65531699420362,81.86399276502394
20231205,17285.0,17330.0,17231.0,17309.0,153146,17390.0,17337.1,17179.5,17361.145407906733,17285.471753994716,17079.86411259585,17079.86411259585,205.6076413988667,209.64089287782213,59.17159763313609,,71.56982597301436,78.43260383435407
20231206,17367.0,17453.0,17346.0,17381.0,158688,17384.6,17346.8,17211.1,17367.763605271157,17300.168407226298,17102.170474625786,17102.170474625786,197.99793260051229,207.31230082236019,59.530791788856305,,70.44924814385928,75.7714852708558
20231207,17321.0,17371.0,17261.0,17270.0,154536,17360.0,17343.1,17236.45,17335.17573684744,17295.527113806867,17114.60229132017,17114.60229132017,180.92482248669694,202.03480515522753,52.18579234972678,,59.00855463925878,70.18384172699012
20231208,17409.0,17470.0,17363.0,17377.0,175206,17351.2,17351.5,17268.5,17349.117157898294,17308.061403990425,17134.03915862979,17134.03915862979,174.0222453606366,196.43229319630936,57.480980557903635,,59.83453192166802,66.73407179188276
20231211,17436.0,17457.0,17350.0,17418.0,129926,17351.0,17376.0,17295.6,17372.07810526553,17324.975034145744,17155.07329502758,17155.07329502758,169.90173911816237,191.12618238067998,50.14866204162538,,63.864046922137646,65.77739683530105
20231212,17518.0,17545.0,17427.0,17464.0,134324,17382.0,17386.0,17321.35,17402.718736843686,17346.363490431013,17177.95675465517,17177.95675465517,168.40673577584312,186.5822930597126,59.74025974025974,,67.31063850010875,66.28847739023695
20231226,17651.0,17740.0,17634.0,17735.0,105134,17452.8,17418.7,17351.95,17513.479157895792,17406.153722672396,17219.219217273305,17219.219217273305,186.934505399091,186.6527355275883,68.25938566552901,,77.87965290969922,70.15220256339103
20231227,17755.0,17874.0,17737.0,17857.0,129148,17570.2,17465.1,17385.5,17627.986105263863,17475.514688415104,17266.462238216023,17266.462238216023,209.05245019908034,191.1326784618867,72.03125,,84.37181629957138,74.89207380878447
20231228,17850.0,17887.0,17821.0,17865.0,112824,17667.8,17509.5,17417.65,17706.990736842577,17535.435505582012,17310.79836871854,17310.79836871854,224.63713686347182,197.83357014220374,79.62328767123287,,88.46332468751913,79.41582410169602
20231229,17853.0,17900.0,17828.0,17868.0,112928,17757.8,17554.4,17451.05,17760.660491228387,17586.59927395401,17352.072563628277,17352.072563628277,234.52671032573198,205.1721981789094,75.71428571428571,,90.63960821630123,83.15708547323109
20240102,17838.0,17920.0,17751.0,17798.0,165640,17824.6,17603.3,17470.2,17773.10699415226,17619.12246257647,17385.104225581737,17385.104225581737,234.01823699473243,210.94140594207403,69.38369781312127,,87.58877270059939,84.63431454902053
20240103,17658.0,17667.0,17507.0,17546.0,195642,17786.8,17619.8,17483.3,17697.404662768175,17607.87285294932,17397.022431094203,17397.022431094203,210.85042185511702,210.92320912468264,56.154465004022526,,69.8545034378265,79.70771084528917
20240104,17525.0,17583.0,17525.0,17546.0,114188,17724.6,17647.4,17495.25,17646.93644184545,17598.353952495578,17408.057806568708,17408.057806568708,190.29614592686994,206.7977964851201,55.144032921810705,,58.03165726264456,72.48235965107429
20240105,17577.0,17626.0,17491.0,17519.0,153474,17655.4,17661.6,17506.55,17604.2909612303,17586.14565211164,17416.275746822877,17416.275746822877,169.86990528876413,199.41221824584892,54.03225806451612,,44.90819071059333,63.2909700042473
20240108,17572.0,17706.0,17568.0,17595.0,172304,17600.8,17679.3,17527.65,17601.193974153535,17587.507859479083,17429.514580391555,17429.514580391555,157.9932790875282,191.12843041418478,61.85737976782753,,38.019601887870294,54.86718063212163
20240109,17770.0,17782.0,17526.0,17545.0,192546,17550.2,17687.4,17536.7,17582.462649435693,17580.968188789993,17438.069055918106,17438.069055918106,142.89913287188756,181.48257090572534,56.92567567567567,,29.54220545438439,46.425522239542545
20240110,17509.0,17521.0,17439.0,17458.0,140364,17532.6,17659.7,17539.2,17540.975099623796,17562.050005899226,17439.545422146395,17439.545422146395,122.50458375283051,169.68697347514637,58.10344827586207,,21.011504952957576,37.95418314401422
20240111,17490.0,17606.0,17481.0,17575.0,171382,17538.4,17631.5,17548.3,17552.31673308253,17564.04231268396,17449.579094579996,17449.579094579996,114.4632181039633,158.64222240090976,58.46153846153846,,23.432479393447807,33.113615227158746
20240112,17466.0,17570.0,17447.0,17489.0,146558,17532.4,17593.9,17551.7,17531.211155388355,17552.49734150181,17452.499161648146,17452.499161648146,99.99817985366462,146.91341389146075,52.92181069958848,,19.08665639396867,28.43796228276205
20240115,17580.0,17655.0,17527.0,17559.0,213198,17525.2,17563.0,17558.7,17540.474103592238,17553.49775050153,17460.38811263717,17460.38811263717,93.10963786435968,136.15265868604055,53.83373688458435,,24.38624517615404,27.08738991389271
20240116,17480.0,17499.0,17321.0,17333.0,215014,17482.8,17516.5,17559.9,17471.316069061493,17519.57501965514,17450.951956145527,17450.951956145527,68.62306350961444,122.64673965075534,33.16582914572865,,17.12517574288794,23.76665185689112
20240117,17313.0,17344.0,17159.0,17167.0,123968,17424.6,17478.6,17549.2,17369.87737937433,17465.332708938968,17429.918477912524,17429.918477912524,35.414231026443304,105.20023792589294,22.132471728594496,,11.844820211684523,19.792707975155587
20240118,17240.0,17326.0,17215.0,17280.0,181332,17365.6,17452.0,17549.7,17339.91825291622,17436.819984486818,17418.81340547456,17418.81340547456,18.006579012257134,87.76150614316578,28.220402084884583,,14.370597102064695,17.985337684125287
20240119,17541.0,17684.0,17504.0,17678.0,223642,17403.4,17467.9,17564.75,17452.612168610816,17473.924602258077,17438.012412476444,17438.012412476444,35.91218978163306,77.39164287085924,44.53394706559263,,37.34925842117315,24.439977929807906
20240122,17816.0,17843.0,17747.0,17817.0,166056,17455.0,17490.1,17584.7,17574.07477907388,17526.70543267991,17466.085567107817,17466.085567107817,60.61986557209457,74.03728741110632,50.52573325954621,,56.96578241723434,35.28191275895004
20240123,17799.0,17877.0,17790.0,17870.0,154458,17562.4,17522.6,17605.0,17672.716519382586,17579.519981498386,17496.00515472946,17496.00515472946,83.51482676892556,75.93279528267017,60.07462686567164,,70.98554482411723,47.1831234473391
20240124,17903.0,17941.0,17876.0,17903.0,131264,17709.6,17567.1,17613.4,17749.47767958839,17629.286138190942,17526.152921045796,17526.152921045796,103.13321714514677,81.37287965516549,60.87751371115174,,79.03725153662376,57.80116614376732
20240125,18016.0,18030.0,17935.0,17995.0,149884,17852.6,17609.1,17620.3,17831.318453058928,17685.54980923849,17560.882334301663,17560.882334301663,124.66747493682851,90.0317987114981,63.95076201641266,,84.685377794412,66.76257002731555
20240126,17951.0,18023.0,17936.0,17999.0,131506,17916.8,17660.1,17627.0,17887.212302039286,17733.772915509493,17593.33549472376,17593.33549472376,140.43742078573268,100.11292312634502,62.36230110159119,,88.60387604969985,74.0430053681103
20240129,18011.0,18135.0,17970.0,18125.0,146576,17978.4,17716.7,17639.85,17966.47486802619,17793.961697738803,17632.718050670148,17632.718050670148,161.24364706865526,112.33906791480707,66.95906432748538,,92.06105397848842,80.04902157156967
20240130,18129.0,18139.0,18064.0,18081.0,126464,18020.6,17791.5,17654.0,18004.649912017463,17838.12143654822,17665.924120990876,17665.924120990876,172.19731555734325,124.31071744331432,68.68626274745051,,92.61501722664019,84.2376867899265
20240131,17990.0,18003.0,17904.0,17920.0,157818,18024.0,17866.8,17672.7,17976.43327467831,17850.718138617725,17684.744556473033,17684.744556473033,165.97358214469205,132.64329038358989,60.08182349503215,,83.58061515896748,84.01866291294016
20240201,17956.0,17994.0,17882.0,17986.0,165652,18022.2,17937.4,17694.7,17979.622183118874,17871.530732676536,17707.05977451207,17707.05977451207,164.47095816446745,139.0088239397654,64.69544648137196,,76.043539357679,81.36028839451977
20240202,18100.0,18105.0,18023.0,18084.0,128102,18039.2,17978.0,17722.95,18014.41478874592,17904.218312264762,17734.98127269636,17734.98127269636,169.2370395684011,145.05446706549253,65.27050610820244,,78.77592213148036,80.49883297350664
20240205,18008.0,18102.0,17958.0,18086.0,144262,18031.4,18004.9,17747.5,18038.276525830614,17932.18472576249,17760.98265990404,17760.98265990404,171.20206585845153,150.28398682408434,75.18394648829431,,79.13325100273596,80.04363898324974
20240216,18683.0,18726.0,18633.0,18634.0,120142,18142.0,18081.3,17801.95,18236.85101722041,18040.156306414414,17825.650611022258,17825.650611022258,214.50569539215576,163.12832853769862,89.07831646244006,,82.45534269060754,80.84754021903566
20240219,18680.0,18692.0,18619.0,18671.0,110144,18292.2,18158.1,17862.6,18381.567344813608,18137.209182350656,17888.26908427987,17888.26908427987,248.94009807078692,180.2906824443163,88.61743475846751,,86.13136590116332,82.60881544641154
20240220,18634.0,18754.0,18596.0,18753.0,131436,18445.6,18233.9,17921.5,18505.37822987574,18231.946231219787,17952.323226185064,17952.323226185064,279.62300503472215,200.1571469623975,86.1952861952862,,90.71601763441468,85.31121617574593
20240221,18738.0,18750.0,18659.0,18670.0,75914,18562.8,18301.0,17980.55,18560.252153250494,18299.339118724434,18005.484468689876,18005.484468689876,293.8546500345583,218.89664757682965,79.84604618614415,,90.59966924863119,87.07403386670768
20240222,18887.0,18890.0,18751.0,18889.0,169140,18723.4,18377.4,18047.05,18669.834768833665,18390.056177382212,18070.930063601736,18070.930063601736,319.12611378047586,238.9425408175589,81.9435736677116,,93.700044049352,89.28270392758911
20240223,18990.0,19000.0,18898.0,18913.0,161494,18779.2,18460.6,18126.05,18750.889845889113,18470.509073169564,18133.305614446053,18133.305614446053,337.20345872351027,258.5947243987492,81.84110970996217,,93.20611165603788,90.5905065037387
20240226,18907.0,18996.0,18853.0,18963.0,136100,18837.6,18564.9,18215.85,18821.59323059274,18546.276908066553,18194.76445782042,18194.76445782042,351.5124502461331,277.17826956822597,81.34715025906735,,94.28711986282244,91.8227109567666
20240227,18950.0,19020.0,18750.0,18867.0,240874,18860.4,18653.0,18295.2,18836.72882039516,18595.61892221016,18244.559683167055,18244.559683167055,351.05923904310475,291.95446346320176,76.5281173594132,,91.38915335487597,91.67819175613639
20240229,18808.0,18997.0,18805.0,18966.0,169588,18919.6,18741.2,18359.6,18879.819213596777,18652.60062648552,18297.99970663616,18297.99970663616,354.60091984935934,304.4837547404333,76.13424487259167,,90.01415255104939,91.12351202110739
20240301,18968.0,19017.0,18924.0,18961.0,150234,18934.0,18828.7,18416.8,18906.879475731184,18700.046683949287,18347.110839477926,18347.110839477926,352.93584447136163,314.174172686619,78.02547770700637,,88.70440358749204,90.3171425432356
20240304,19144.0,19340.0,19137.0,19314.0,195454,19014.2,18896.7,18489.0,19042.586317154124,18794.501040264782,18418.732258775857,18418.732258775857,375.768781488925,326.49309444708024,89.55732122587968,,91.30472783969003,90.64633764205374
20240305,19362.0,19436.0,19305.0,19389.0,167024,19099.4,18968.5,18563.3,19158.057544769417,18885.962418685584,18490.60394331098,18490.60394331098,395.3584753746036,340.26617063258493,89.6103896103896,,92.18684987682467,91.15984172031071
20240306,19282.0,19523.0,19271.0,19509.0,192132,19227.8,19044.1,18639.0,19275.038363179614,18981.814354272417,18566.04068825091,18566.04068825091,415.7736660215087,355.3676697103697,89.73786949247072,,94.18752475617548,92.1690693989323
20240307,19688.0,19770.0,19584.0,19709.0,241380,19376.4,19148.0,18724.5,19419.692242119745,19093.689068999738,18650.704340973065,18650.704340973065,442.9847280266731,372.8910813736304,90.75841285786038,,94.1315524518294,92.82323041656466
20240308,19930.0,20009.0,19638.0,19791.0,342932,19542.4,19238.2,18807.8,19543.461494746498,19200.96767376901,18735.17068608617,18735.17068608617,465.79698768283924,391.4722626354722,87.9344262295082,,90.31592509232365,91.98746197515098
20240311,19691.0,19825.0,19679.0,19715.0,194940,19622.6,19318.4,18889.5,19600.640996497666,19280.049570112238,18807.750635264973,18807.750635264973,472.2989348472656,407.6375970778309,83.37595907928389,,85.75999454129493,89.91163949719896
20240312,19714.0,19956.0,19698.0,19955.0,182912,19735.8,19417.6,18991.25,19718.760664331778,19383.88809778728,18892.732069689788,18892.732069689788,491.1560280974918,424.3412832817631,84.90127758420441,,89.01164641623427,89.61164180354406
20240313,19994.0,20064.0,19886.0,19927.0,222648,19819.4,19523.6,19088.3,19788.173776221185,19467.443775050775,18969.344508972026,18969.344508972026,498.09926607874877,439.09287984116025,87.70245950809839,,88.6685829909398,89.2972888660093
20240314,19897.0,19978.0,19799.0,19939.0,217350,19865.4,19620.9,19181.05,19838.44918414746,19539.990886581425,19041.170841640764,19041.170841640764,498.8200449406613,451.0383128610605,85.95890410958904,,87.95093594577575,88.84850455926478
20240315,19828.0,19873.0,19723.0,19730.0,211840,19853.2,19697.8,19263.25,19802.299456098306,19569.223057876592,19092.195223741448,19092.195223741448,477.0278341351441,456.23621711587725,74.83282674772036,,77.92777823034902,85.20826244962619
20240318,19778.0,19920.0,19747.0,19919.0,161622,19894.0,19758.3,19327.5,19841.199637398873,19623.034895126348,19153.44002198282,19153.44002198282,469.59487314352737,458.90794832140733,76.79372197309416,,79.19018758862275,83.20223749595837
20240319,19816.0,19911.0,19739.0,19867.0,179078,19876.4,19806.1,19387.3,19849.799758265915,19660.567988183833,19206.296316650758,19206.296316650758,454.2716715330753,457.9806929637409,78.73563218390805,,72.44623617019295,79.61690372070322
20240320,19860.0,19956.0,19731.0,19747.0,137058,19840.4,19829.9,19437.0,19815.533172177278,19673.865220770935,19246.348441343296,19246.348441343296,427.51677942763854,451.88791025652046,72.17490062464509,,56.82644226682659,72.02008323607767
20240321,20048.0,20264.0,20029.0,20264.0,202514,19905.4,19885.4,19516.7,19965.022114784853,19764.655186806176,19321.730038280828,19321.730038280828,442.92514852534805,450.095357910286,78.66256049274087,,71.2176281778844,71.7525982166799
20240322,20226.0,20285.0,20122.0,20242.0,188870,20007.8,19930.5,19584.35,20057.348076523238,19838.092850374458,19389.89818359336,19389.89818359336,448.19466678109893,449.71521968444864,73.8928939237899,,78.36995768360947,73.95838470565641
20240326,20280.0,20459.0,20038.0,20187.0,347006,20061.4,19977.7,19648.05,20100.565384348825,19891.770873393772,19448.942762586445,19448.942762586445,442.8281108073279,448.3377979090245,70.75962539021852,,73.26113120936283,73.72596687355855
20240327,20185.0,20288.0,20148.0,20261.0,172438,20140.2,20008.3,19712.95,20154.043589565885,19948.575354410114,19509.095150543006,19509.095150543006,439.4802038671078,446.56627910064117,70.04264392324095,,73.20669616856073,73.55287663855927
20240328,20238.0,20250.0,20081.0,20203.0,207552,20231.4,20035.9,19779.75,20170.362393043924,19987.71760757779,19560.495509762044,19560.495509762044,427.22209781574566,442.6974428436621,64.24452133794694,,70.54359454715643,72.54978260809165
20240329,20226.0,20299.0,20192.0,20280.0,168010,20234.6,20070.0,19845.45,20206.908262029283,20032.684129488898,19613.79213866856,19613.79213866856,418.89199082033883,437.93635243899746,64.14112203585887,,72.16642566880026,72.42199696166118
20240401,20393.0,20400.0,20259.0,20288.0,167008,20243.8,20125.8,19911.8,20233.938841352858,20071.963494182914,19663.733461730146,19663.733461730146,408.2300324527678,431.99508844175153,67.24864539434077,,73.61461344952983,72.81953579095072
20240402,20350.0,20524.0,20350.0,20523.0,192958,20311.0,20186.2,19972.25,20330.292560901908,20141.353725847082,19727.38283493532,19727.38283493532,413.97089091176167,428.39024893575356,67.14975845410629,,82.36770783142256,76.00225980444134
20240403,20370.0,20419.0,20275.0,20349.0,223078,20328.6,20234.4,20020.25,20336.528373934605,20173.29930648599,19773.428550866036,19773.428550866036,399.87075561995516,422.6863502725939,61.70921198668146,,76.46062676976993,76.1550487928842
20240408,20404.0,20520.0,20375.0,20450.0,171268,20378.0,20304.7,20067.3,20374.35224928974,20215.868643949685,19823.54495450559,19823.54495450559,392.3236894440961,416.61381810689437,63.51136964569011,,79.2316386969934,77.1805787609206
20240409,20538.0,20877.0,20518.0,20874.0,234064,20496.8,20365.7,20125.55,20540.901499526495,20317.11962180358,19901.356439357027,19901.356439357027,415.7631824465534,416.4436909748262,77.1604938271605,,86.03523628667259,80.13213126950458
20240410,20822.0,20892.0,20804.0,20851.0,151234,20609.4,20426.6,20178.55,20644.267666351,20399.25506460303,19971.700406812062,19971.700406812062,427.5546577909663,418.66588433805424,74.02061855670104,,89.0049951734414,83.08975257081686
20240411,20706.0,20764.0,20651.0,20753.0,175380,20655.4,20483.2,20230.45,20680.511777567335,20453.677362356408,20029.57445075191,20029.57445075191,424.10291160449924,419.75328979134326,72.30614300100704,,86.95688539717301,84.3787968462689
20240412,20745.0,20809.0,20682.0,20755.0,170716,20736.6,20532.6,20270.45,20705.34118504489,20500.034691224653,20083.30967662214,20083.30967662214,416.7250146025144,419.1476347535775,76.98072805139185,,84.78078074097249,84.51279147783676
20240415,20544.0,20605.0,20460.0,20508.0,193638,20748.2,20563.1,20299.5,20639.56079002993,20501.260123343938,20114.768219094574,20114.768219094574,386.49190424936387,412.6164886527348,57.63454317897372,,69.63268479098008,79.55275591555119
20240416,20278.0,20286.0,19798.0,19953.0,324728,20564.0,20530.4,20300.2,20410.707193353286,20416.912412060257,20102.78538805053,20102.78538805053,314.1270240097256,392.91859572413296,43.219145940872835,,51.1445199033103,70.08334391147089
20240417,19942.0,20289.0,19927.0,20238.0,142272,20441.4,20525.4,20325.6,20353.138128902192,20389.387425589448,20112.801285231973,20112.801285231973,276.5861403574745,369.6521046508013,51.08005082592121,,47.502806078136175,62.55649796702598
20240418,20070.0,20359.0,20025.0,20358.0,240148,20362.4,20508.9,20347.55,20354.75875260146,20384.55859088338,20130.96415299257,20130.96415299257,253.5944378908098,346.440571298803,52.01495637723307,,48.73130399115233,57.9480999750681
20240419,19840.0,19924.0,19265.0,19546.0,474106,20120.6,20428.6,20331.5,20085.17250173431,20255.54957690132,20087.63347499312,20087.63347499312,167.9161019082021,310.7356774206828,39.6077190762417,,38.2445529988137,51.3802509829833
20240422,19620.0,19715.0,19445.0,19524.0,270298,19923.8,20336.0,20320.35,19898.115001156206,20143.00348814727,20045.882847215853,20045.882847215853,97.12064093141817,268.0126701228299,37.83000643915003,,30.802658360610486,44.52105344219236
20240423,19651.0,19745.0,19554.0,19677.0,201080,19868.6,20216.3,20291.0,19824.410000770804,20071.310643816923,20018.55819186653,20018.55819186653,52.75245195039315,224.96062648834254,40.60289141802523,,29.42975151501839,39.4906194664677
20240424,19930.0,20202.0,19916.0,20170.0,201112,19855.0,20148.2,20287.4,19939.60666718054,20086.493621691243,20029.77610358012,20029.77610358012,56.717518111123354,191.31200481289872,44.970076944998574,,39.15783088911415,39.37968994068318
20240425,19940.0,19979.0,19834.0,19885.0,191002,19760.4,20061.4,20272.3,19921.404444787026,20055.494602969513,20019.05194775937,20019.05194775937,36.44265521014313,160.33813489234763,43.591160220994475,,41.52810616488207,40.09582868208281
20240426,20126.0,20271.0,20070.0,20178.0,226960,19886.8,20003.7,20268.15,20006.936296524684,20074.34158712805,20030.825877554973,20030.825877554973,43.51570957307558,136.97364982849322,46.43231899265477,,55.503807522474695,45.231821628880105
20240429,20350.0,20560.0,20310.0,20521.0,177212,20086.2,20005.0,20284.05,20178.29086434979,20143.058266031425,20067.13507181016,20067.13507181016,75.92319422126457,124.7635587070475,45.2693647815599,,69.33201067778879,53.26521797851633
20240430,20518.0,20576.0,20404.0,20413.0,153750,20233.4,20051.0,20290.7,20256.52724289986,20184.58776356505,20092.75469612052,20092.75469612052,91.83306744453148,118.1774604545443,44.26100628930817,,75.41025476663162,60.64689690788809
20240502,20250.0,20380.0,20215.0,20291.0,179740,20257.6,20056.3,20290.85,20268.018161933243,20200.958876862736,20107.439533444925,20107.439533444925,93.51934341781089,113.24583704719763,43.984375,,76.36045969949355,65.88475117175658
20240503,20548.0,20597.0,20306.0,20382.0,201552,20357.0,20058.7,20283.8,20306.012107955496,20228.811357345392,20127.77734578234,20127.77734578234,101.03401156305335,110.80347195036877,45.253245100534485,,78.01924165151422,69.92958133167579
20240506,20685.0,20714.0,20562.0,20602.0,167310,20441.8,20164.3,20296.45,20404.674738636997,20286.22499467687,20162.904949798463,20162.904949798463,123.32004487840823,113.30678653597667,51.20451050743209,,82.12777029641177,73.99564431992111
20240507,20733.0,20756.0,20536.0,20652.0,164194,20468.0,20277.1,20306.55,20487.116492424666,20342.49807241889,20199.134212776356,20199.134212776356,143.3638596425335,119.31820115728804,60.28848984397998,,84.32523804287176,77.43884222757131
20240508,20618.0,20738.0,20574.0,20725.0,145860,20530.4,20381.9,20299.1,20566.41099494978,20401.344522815984,20238.087234052182,20238.087234052182,163.25728876380163,128.10601867859077,57.645211930926216,,88.42940670681689,81.10236372065316
20240509,20707.0,20763.0,20605.0,20612.0,157556,20594.6,20426.1,20287.15,20581.607329966522,20433.75305776737,20265.784475974244,20265.784475974244,167.96858179312767,136.07853130149815,53.9962240402769,,85.02316387477066,82.40929710535899
20240510,20738.0,20828.0,20616.0,20809.0,184986,20680.0,20518.5,20289.95,20657.404886644348,20491.483356572393,20306.022662939115,20306.022662939115,185.46069363327842,145.9549637678542,74.63909481076863,,88.98227238198413,84.60028886423403
20240513,20942.0,20965.0,20833.0,20883.0,156844,20736.2,20589.0,20296.35,20732.6032577629,20551.716686330485,20348.761724943626,20348.761724943626,202.95496138685849,157.35496329165505,75.98470363288719,,89.01040381021164,86.0703271795599
20240514,20892.0,21015.0,20868.0,21013.0,135692,20808.4,20638.2,20321.6,20826.068838508603,20622.683349971947,20397.964560132987,20397.964560132987,224.71878983896022,170.8277286011161,75.77160493827161,,92.59026920680776,88.24364118864251
20240515,21184.0,21361.0,21116.0,21143.0,123732,20892.0,20711.2,20381.1,20931.712559005737,20702.732065360877,20453.152370493506,20453.152370493506,249.57969486737056,186.578121854367,71.82593091072229,,88.17234376820359,88.21987538182952
20240516,21465.0,21556.0,21326.0,21370.0,209366,21043.6,20819.1,20437.7,21077.808372670494,20805.388670689972,20521.06700971621,20521.06700971621,284.321660973761,206.12682967824583,84.20082911100876,,86.03646447292003,87.49207174552635
20240517,21303.0,21407.0,21288.0,21336.0,143650,21149.0,20914.5,20486.6,21163.872248446998,20887.021182891516,20581.4324164039,20581.4324164039,305.58876648761725,226.0192170401201,80.28242677824268,,83.50143383161989,86.16185910755752
20240520,21435.0,21485.0,21153.0,21302.0,218698,21232.8,20984.5,20574.4,21209.914832298,20950.864077831284,20634.807792966574,20634.807792966574,316.0562848647096,244.02663060503804,74.3605739238927,,80.37909573839153,84.23427131783552
20240521,21324.0,21350.0,21165.0,21277.0,149846,21285.6,21047.0,20662.05,21232.276554865333,21001.03883508801,20682.37758608016,20682.37758608016,318.6612490078478,258.9535542856,78.42105263157895,,77.14021734820213,81.86958666129105
20240522,21293.0,21613.0,21283.0,21583.0,189470,21373.6,21132.8,20757.35,21349.184369910225,21090.571321997548,20749.09035748163,20749.09035748163,341.48096451591846,275.4590363316637,87.91079812206573,,83.75713587172018,82.4987697314341
20240523,21630.0,21661.0,21492.0,21604.0,170896,21420.4,21232.0,20829.05,21434.122913273484,21169.56034938254,20812.416997668177,20812.416997668177,357.14335171436323,291.79589940820364,87.39290085679315,,86.87673792414196,83.95809246233671
20240524,21448.0,21617.0,21414.0,21565.0,148590,21466.2,21307.6,20913.05,21477.74860884899,21230.3972187083,20868.163886729795,20868.163886729795,362.2333319785066,305.88338592226427,83.13833448038541,,87.2158496627529,85.0440115291421
20240527,21670.0,21917.0,21655.0,21875.0,176094,21580.8,21406.8,20997.9,21610.16573923266,21329.566877368565,20942.744339564626,20942.744339564626,386.82253780393876,322.0712162985992,85.69760653823701,,89.72941787754064,86.60581364527494
20240528,21892.0,21994.0,21845.0,21954.0,143704,21716.2,21500.9,21069.55,21724.77715948844,21425.633511619555,21017.652166263542,21017.652166263542,407.98134535601275,339.25324211008194,85.74752763234439,,91.56753106223675,88.25971945092887
20240529,21865.0,21907.0,21720.0,21722.0,171660,21744.0,21558.8,21135.0,21723.85143965896,21471.22835598578,21069.826079873652,21069.826079873652,401.40227611212686,351.6830489104909,80.19586507072906,,83.5975375531836,86.7056588183471
20240530,21512.0,21553.0,21368.0,21391.0,199934,21701.4,21560.9,21190.0,21612.90095977264,21458.885531987966,21093.61674062375,21093.61674062375,365.26879136421485,354.40019740123574,64.75659229208925,,65.16490612939153,79.52540792202858
20240531,21505.0,21583.0,21253.0,21285.0,261632,21645.4,21555.8,21235.15,21503.600639848428,21432.133911682125,21107.793278355326,21107.793278355326,324.34063332679943,348.3882845863485,60.029940119760475,,48.268361223374,69.10639235581039
20240603,21469.0,21698.0,21424.0,21654.0,232422,21601.2,21591.0,21287.75,21553.733759898954,21466.26715603872,21148.25303551419,21148.25303551419,318.0141205245309,342.313451773985,64.28889879625501,,50.21759394198842,62.81012621786972
20240604,21363.0,21397.0,21289.0,21320.0,55378,21474.4,21595.3,21321.15,21475.822506599303,21443.76451664815,21160.97503288351,21160.97503288351,282.78948376463813,330.4086581721156,53.616673477727836,,36.49234108053389,54.03753117209111
20240605,21409.0,21479.0,21336.0,21463.0,79218,21422.6,21583.3,21358.05,21471.54833773287,21446.723821779204,21183.34725266992,21183.34725266992,263.3765691092849,317.0022403595495,51.96783749471012,,33.77492104424257,47.28332779614159
20240606,21825.0,21962.0,21791.0,21875.0,219384,21519.4,21610.4,21421.2,21606.03222515525,21512.612464582402,21234.580789509186,21234.580789509186,278.0316750732163,309.2081273022829,59.83217803721269,,50.49682095707039,48.354492183117856
20240607,21839.0,21908.0,21781.0,21897.0,139538,21641.8,21643.6,21475.6,21703.021483436834,21571.749008492803,21283.648879175173,21283.648879175173,288.1001293176305,304.98652770535244,60.90142909490656,,62.63440785352151,53.11446407325241
20240611,21920.0,21970.0,21783.0,21798.0,188360,21670.6,21635.9,21521.35,21734.68098895789,21606.556853340066,21321.748962199235,21321.748962199235,284.8078911408302,300.950800392448,59.29361398501605,0.18443752246485326,67.09332443605292,57.77408419418591
20240612,21829.0,22063.0,21790.0,22046.0,191026,21815.8,21645.1,21573.0,21838.453992638595,21674.16349128775,21375.397187221515,21375.397187221515,298.7663040662337,300.51390112720514,58.43351548269582,0.19209932476592395,77.36262781333568,64.30359873390249
20240613,22308.0,22473.0,22207.0,22323.0,224486,21987.8,21705.2,21632.0,21999.96932842573,21773.984492628097,21445.58998816807,21445.58998816807,328.3945044600259,306.0900217937693,61.97934021992669,0.19014181986636414,80.81005788648608,69.80575178476369
20240614,22274.0,22514.0,22270.0,22511.0,158654,22115.0,21817.2,21689.05,22170.312885617153,21887.371493762235,21524.50924830377,21524.50924830377,362.8622454584656,317.4444665267086,65.01587301587301,0.165222142333245,87.12507260459616,75.57885872470784
20240617,22430.0,22554.0,22420.0,22477.0,135018,22231.0,21936.4,21746.1,22272.54192374477,21978.08357164497,21595.064118799786,21595.064118799786,383.01945284518297,330.55946379040347,60.473208072373005,0.16067043475518838,89.3877295624844,80.18181567063336
20240618,22726.0,22812.0,22666.0,22786.0,168720,22428.6,22049.6,21820.3,22443.69461582985,22102.378406776512,21683.28159148128,21683.28159148128,419.09681529523004,348.2669340913688,63.402061855670105,0.15494355195855417,92.3379805032642,84.23387061484364
20240619,22956.0,23291.0,22940.0,23225.0,154156,22664.4,22240.1,21917.7,22704.129743886566,22275.089421118588,21797.482955075262,21797.482955075262,477.6064660433258,374.1348404817602,72.69707037148898,0.12320909011005853,93.43503335979203,87.30092486315976
20240620,23153.0,23380.0,23106.0,23378.0,180084,22875.4,22431.6,22007.45,22928.753162591045,22444.76797171573,21914.558291736354,21914.558291736354,530.2096799793762,405.3498083812834,81.71082030003191,0.12325590100470575,95.58166284857512,90.06117085829821
20240621,23034.0,23291.0,23025.0,23210.0,196368,23015.2,22565.1,22087.75,23022.50210839403,22562.495976067155,22010.51693679292,22010.51693679292,551.9790392742361,434.675654559874,80.12519561815336,0.13021412926558457,93.50612213282173,91.20948794980605
20240624,23050.0,23073.0,22708.0,22746.0,249914,23069.0,22650.0,22146.8,22930.334738929356,22590.727364364517,22064.997163697146,22064.997163697146,525.7302006673708,452.88656378137335,66.59574468085106,0.18000960765698387,82.37934347638848,88.26610645866685
20240625,22608.0,22776.0,22410.0,22743.0,252052,23060.4,22744.5,22190.2,22867.889825952905,22614.15392369305,22115.219596015875,22115.219596015875,498.93432767717604,462.0961165605339,74.04528556944913,0.17605168216719577,70.15116220392366,82.22779170708579
20240626,22806.0,23005.0,22744.0,22872.0,226236,22989.8,22827.1,22236.1,22869.259883968603,22653.822550817196,22171.277403718403,22171.277403718403,482.5451470987937,466.1859226681859,73.92190152801359,0.17235001582181203,64.84551954736051,76.43370098717736
20240627,22614.0,22822.0,22555.0,22793.0,167438,22872.8,22874.1,22289.65,22843.839922645737,22675.23446607609,22217.33092936889,22217.33092936889,457.90353670719924,464.5294454759886,67.57274119448698,0.16850125987382208,56.39185839239842,69.7530867889177
20240628,22947.0,23117.0,22941.0,22983.0,138468,22827.4,22921.3,22369.25,22890.22661509716,22722.58300975669,22274.047156823046,22274.047156823046,448.5358529336445,461.3307269675198,69.53237410071942,0.16842141685394177,57.28529391108348,65.59715582963963
20240701,22960.0,23166.0,22938.0,22991.0,167132,22876.4,22972.7,22454.55,22923.817743398107,22763.877931332583,22327.154774836155,22327.154774836155,436.7231564964277,456.4092128733014,72.18296764596505,0.16765458807768724,58.155831679553934,63.11671444627773
20240702,22838.0,22993.0,22717.0,22831.0,209896,22894.0,22977.2,22513.4,22892.87849559874,22774.204403435262,22364.476643366812,22364.476643366812,409.72776006845015,447.0729223123312,65.09034986543637,0.16098957319262913,53.23790840492599,59.823779099160475
20240703,23073.0,23188.0,22981.0,23185.0,167878,22956.6,22973.2,22606.65,22990.252330399162,22837.403725983684,22425.256151265567,22425.256151265567,412.14757471811754,440.0878527934885,66.0941000746826,0.15069474283918002,64.81467824800589,61.487412148775604
20240704,23487.0,23626.0,23461.0,23624.0,176108,23122.8,22997.8,22714.7,23201.501553599443,22958.41853737081,22514.05199191256,22514.05199191256,444.36654545824786,440.94359132644036,68.9996585865483,0.17384009674989187,76.48829427060042,66.48770618938387
20240705,23659.0,23677.0,23526.0,23570.0,120996,23240.2,23033.8,22799.45,23324.334369066295,23052.507993159914,22592.270362882,22592.270362882,460.2376302779121,444.8023991167347,68.53170566293659,0.1694718149493394,81.51048084233135,71.49529774036635
20240708,23545.0,23994.0,23512.0,23913.0,213904,23424.6,23150.5,22900.25,23520.556246044198,23184.89137882762,22690.102187853707,22690.102187853707,494.7891909739119,454.79975748817014,68.89037881327522,0.13413793295412302,85.79735090670133,76.26264879581134
20240709,23945.0,24092.0,23624.0,23878.0,261134,23634.0,23264.0,23004.25,23639.704164029466,23291.5234743926,22778.09461838306,22778.09461838306,513.428856009541,466.52557719244436,62.65994571539356,0.1355663061648634,85.8904915825634,79.4719297247287
20240710,23759.0,24014.0,23702.0,24000.0,212502,23797.0,23376.8,23101.95,23759.802776019646,23400.519862947585,22868.606128132462,22868.606128132462,531.9137348151235,479.6032087169802,62.20565149136577,0.13551071635868447,88.36335802473923,82.43573915806553
20240711,24251.0,24405.0,24160.0,24367.0,185968,23945.6,23534.2,23204.15,23962.201850679765,23549.209114801804,22979.598266789315,22979.598266789315,569.6108480124894,497.6047365760821,71.05933745904623,0.13589878810340658,91.49184373845173,85.45444068486093
20240712,24038.0,24070.0,23784.0,23808.0,213028,23993.2,23616.7,23269.0,23910.80123378651,23589.023097139987,23040.961358138255,23040.961358138255,548.0617390017323,507.69613706121214,68.68402533427164,0.19597862888233894,82.53879629956813,84.48255922309666
20240715,24091.0,24112.0,23756.0,23853.0,216826,23981.2,23702.9,23337.8,23891.534155857677,23629.63492834922,23101.112368646533,23101.112368646533,528.5225597026874,511.86142158950724,69.24410540915395,0.19548572190474836,75.43784921843869,81.46765588821066
20240716,23830.0,24182.0,23824.0,24002.0,231302,24006.0,23820.0,23398.6,23928.35610390512,23686.92186244934,23167.844785783826,23167.844785783826,519.077076665515,513.3045526047089,69.45592286501378,0.18727614030645504,69.3950068235919,77.44343953333774
20240717,23980.0,24000.0,23647.0,23679.0,161224,23941.8,23869.4,23421.3,23845.237402603416,23685.703114380212,23205.708134985023,23205.708134985023,479.99497939518915,506.64263796280494,64.07242693773824,0.1972733631736196,52.497007161976526,69.12796207621733
20240718,23294.0,23444.0,23154.0,23383.0,252398,23745.0,23845.3,23421.55,23691.15826840228,23639.133404475564,23218.840865726874,23218.840865726874,420.2925387486903,489.372618119982,56.146281499692684,0.18679666719305865,41.0997900131269,59.78523805518718
20240719,23148.0,23185.0,22853.0,22909.0,252242,23565.2,23779.2,23406.5,23430.438845601522,23526.8051884024,23195.889690487846,23195.889690487846,330.91549791455327,457.6811940788963,48.897849462365585,0.20870090477620115,28.602609149644735,49.39102842000636
20240722,22859.0,22906.0,22184.0,22379.0,355770,23270.4,23625.8,23388.15,23079.959230401015,23350.21977480203,23135.3793430443,23135.3793430443,214.84043175772968,409.11304161466296,44.474327628361856,0.2075203351152709,21.99501573506257,40.25902419169176
20240723,22600.0,22871.0,22571.0,22830.0,190592,23036.0,23521.0,23392.5,22996.63948693401,23270.185963294025,23112.758650966945,23112.758650966945,157.42731232707956,358.7758957571463,45.760687843324575,0.24298834260585642,24.35867625621311,34.958908213198875
20240726,22028.0,22156.0,21918.0,22095.0,241692,22719.2,23330.5,23353.65,22696.09299128934,23089.38812278725,23037.36912126569,23037.36912126569,52.01900152156304,297.4245169100297,32.94668748605844,0.2705826144569108,18.845124571279882,29.587646999225875
20240729,22430.0,22519.0,22146.0,22261.0,198416,22494.8,23119.9,23327.05,22551.061994192896,22961.943796204596,22979.86029746823,22979.86029746823,-17.91650126363311,234.35631327529714,35.75625680087052,0.2558674495094484,17.61347527366833,25.596256424040025
20240730,21933.0,22299.0,21809.0,22246.0,251924,22362.2,22963.7,23290.2,22449.374662795264,22851.798596788503,22925.500275433544,22925.500275433544,-73.70167864504037,172.74471489122965,30.466369814858226,0.24676507188130503,17.880819447791808,23.024444098623952
20240731,22050.0,22348.0,22013.0,22290.0,219898,22344.4,22807.4,23255.15,22396.249775196844,22765.368043436425,22878.426180956983,22878.426180956983,-113.05813752055838,115.58414440887205,31.43124415341441,0.24684300492372246,19.23836160356362,21.762416600270505
20240801,22721.0,22728.0,22460.0,22653.0,204614,22309.0,22672.5,23246.25,22481.833183464565,22748.080652138513,22861.727945330542,22861.727945330542,-113.64729319202888,69.73785688869187,35.08966127961037,0.26395606295030044,30.03250610472029,24.519113101753767
20240802,22000.0,22099.0,21508.0,21533.0,278922,22196.6,22457.9,23163.65,22165.555455643043,22561.145167194125,22763.303653083836,22763.303653083836,-202.1584858897113,15.358588333011234,23.111954459203034,0.3398909287468606,20.518589838050456,23.185605347185994
20240805,20712.0,20742.0,19374.0,19374.0,414024,21619.2,22057.0,22951.15,21235.036970428697,22070.81514147195,22512.244123225773,22512.244123225773,-441.4289817538229,-75.9989256843556,17.729257641921407,0.5713557354445895,13.679059892033637,20.01675686213521
20240806,20395.0,20790.0,19589.0,20420.0,379854,21254.0,21808.1,22793.65,20963.3579802858,21816.843581245495,22357.263077060903,22357.263077060903,-540.4194958154076,-168.883039710566,28.192097573370603,0.6643490478695058,19.08982412399993,19.707779282756782
20240807,20500.0,21335.0,20494.0,21131.0,309672,21022.2,21683.3,22654.55,21019.23865352387,21711.329184130806,22266.428775056393,22266.428775056393,-555.0995909255871,-246.12634995357024,32.977588046958374,0.6943425749523705,30.18828664517904,23.201281736897535
20240808,20680.0,21082.0,20545.0,20696.0,241990,20630.8,21469.9,22495.45,20911.49243568258,21555.124694264527,22150.100717644807,22150.100717644807,-594.9760233802808,-315.8962846389124,32.54534815681686,0.6833823992628191,33.26406547563715,26.555542983144072
20240809,21305.0,21593.0,21032.0,21481.0,271048,20620.4,21408.5,22369.5,21101.328290455054,21543.720895146907,22100.53770152297,22100.53770152297,-556.816806376064,-364.0803889863427,39.47310161611689,0.705137513692605,43.1162145905957,32.07576685229461
20240812,21650.0,21895.0,21600.0,21677.0,177596,21081.0,21350.1,22235.0,21293.218860303372,21564.225372816614,22069.164538447196,22069.164538447196,-504.93916563058156,-392.2521443151905,42.96482412060301,0.7057667185245976,51.63223687872351,38.59459019443758
20240813,21848.0,21898.0,21662.0,21769.0,136444,21350.8,21302.4,22133.05,21451.812573535582,21595.729161614057,22046.93012819185,22046.93012819185,-451.2009665777914,-404.0419087677107,46.33325318586199,0.706501409227562,58.223916217698005,45.13769886885772
20240814,22104.0,22158.0,21908.0,21978.0,168000,21520.2,21271.2,22039.3,21627.208382357057,21654.54005982728,22041.82419277023,22041.82419277023,-387.28413294295024,-400.69035360275865,44.725111441307575,0.7085405982580867,69.99410506467223,53.423167600795885
20240815,21993.0,22114.0,21836.0,21840.0,140530,21749.0,21189.9,21931.2,21698.13892157137,21683.07235831539,22026.874252565027,22026.874252565027,-343.8018942496383,-389.3126617321346,48.295226634576814,0.7025581109921103,76.18859877874701,61.01164466011292
20240816,22324.0,22447.0,22277.0,22367.0,148306,21926.2,21273.3,21865.6,21921.092614380916,21788.291995497635,22052.068752375024,22052.068752375024,-263.77675687738883,-364.20548076118547,50.67602040816327,0.6654705603652705,83.19267910185653,68.40532280736079
20240819,22400.0,22521.0,22320.0,22361.0,154388,22063.0,21572.0,21814.5,22067.72840958728,21876.40091926723,22074.952548495392,22074.952548495392,-198.5516292281609,-331.07471045458055,50.73426126931427,0.33671358945174595,86.16397320817734,74.3248729409663
20240820,22555.0,22574.0,22389.0,22436.0,135766,22196.4,21773.6,21790.85,22190.48560639152,21962.49308553381,22101.6968041624,22101.6968041624,-139.20371862858883,-292.70051208938224,50.928516916815056,0.2710225937804958,88.5088554754039,79.05286711911216
20240821,22311.0,22344.0,22151.0,22200.0,89086,22240.8,21880.5,21781.9,22193.657070927682,21999.0326108363,22108.978522372592,22108.978522372592,-109.94591153629153,-256.14959197876414,47.07175177763413,0.25090239691914357,84.25449854866962,80.78674426229797
20240822,22229.0,22277.0,22026.0,22100.0,144766,22292.8,22020.9,21745.4,22162.438047285123,22014.566055323023,22108.31344664129,22108.31344664129,-93.74739131826573,-223.66915184666448,54.221891288160826,0.2187307981787133,73.2812331186887,78.28490721442822
20240823,21942.0,22170.0,21865.0,22129.0,134826,22245.2,22085.7,21747.1,22151.292031523415,22032.17127758102,22109.845783927118,22109.845783927118,-77.6745063460985,-194.4702227465513,80.04362050163577,0.14694004792144993,65.92286886275153,74.16422776386932
20240826,22230.0,22450.0,22131.0,22206.0,164988,22214.2,22138.6,21744.35,22169.528021015612,22058.91415795317,22116.968318451036,22116.968318451036,-58.05416049786436,-167.18701029681392,74.69579646017698,0.14344811335491417,60.66041302683887,69.66295618485915
20240827,22112.0,22210.0,21998.0,22146.0,128060,22156.2,22176.3,21739.35,22161.685347343744,22072.31197980653,22119.118813380588,22119.118813380588,-46.80683357405724,-143.11097495226258,67.11635750421584,0.14502367821644754,54.442082035959416,64.58933146855924
20240828,22181.0,22414.0,22048.0,22401.0,154046,22196.4,22218.6,21744.9,22241.456898229164,22122.879367528603,22139.998901278323,22139.998901278323,-17.119533749719267,-117.91268671175392,80.61041292639138,0.14785559481798777,61.4945332990082,63.55773207870889
20240829,21938.0,22245.0,21900.0,22176.0,160658,22211.6,22252.2,21721.05,22219.63793215278,22131.051772524203,22142.66564933178,22142.66564933178,-11.613876807576162,-96.65292473091837,65.61797752808988,0.1541362684471868,55.617888207801414,60.91111745507306
20240830,22320.0,22366.0,22213.0,22323.0,125466,22250.4,22247.8,21760.55,22254.09195476852,22160.58226905894,22156.02374938128,22156.02374938128,4.558519677662844,-76.41063584920214,64.84375,0.10539975629373145,58.61126726782435,60.144500725990156
20240902,22318.0,22448.0,22172.0,22227.0,144334,22254.6,22234.4,21903.2,22245.061303179013,22170.800381511413,22161.28124942711,22161.28124942711,9.519132084304147,-59.224682262500885,60.5045871559633,0.10721050759062477,59.70095880533019,59.996653419103495
20240903,22205.0,22314.0,22000.0,22070.0,144840,22239.4,22197.8,21985.7,22186.707535452675,22155.29263050966,22154.519675395473,22154.519675395473,0.7729551141856064,-47.22515478716359,52.16165413533835,0.10902801411749077,51.481550884465136,57.15828590755737
20240904,21246.0,21347.0,20828.0,20947.0,279210,21948.6,22072.5,21976.5,21773.471690301783,21969.401456585096,22065.073773514327,22065.073773514327,-95.67231692923087,-56.91458721557705,35.65692258271764,0.2645257728247273,36.766574407974694,50.361048741029805
20240905,21310.0,21454.0,21056.0,21183.0,169472,21750.0,21980.8,22000.85,21576.647793534525,21848.416617110466,21999.73497547623,21999.73497547623,-151.31835836576283,-75.79534144561421,29.021970233876672,0.27677275458675776,31.80656953955403,44.176222340537876
20240906,21211.0,21435.0,21013.0,21319.0,183642,21549.2,21899.8,21992.75,21490.765195689684,21766.96790678578,21949.31016247799,21949.31016247799,-182.3422556922087,-97.10472429493312,32.35094850948509,0.2803809780399583,31.30726035147223,39.88656834418266
20240909,20734.0,21125.0,20616.0,21073.0,190002,21318.4,21786.5,21962.55,21351.510130459792,21660.20361343412,21884.39829859073,21884.39829859073,-224.19468515660992,-122.5227164672685,28.178033941722703,0.27981558812995455,29.186645183368675,36.319927290578
20240910,21233.0,21281.0,20905.0,21000.0,191410,21104.4,21671.9,21924.1,21234.340086973196,21558.63382675195,21818.887313509935,21818.887313509935,-260.25348675798523,-150.06887052541185,29.729729729729726,0.27966494310791096,26.44466301889789,33.028172533351295
20240911,21100.0,21130.0,20950.0,21005.0,147616,21116.0,21532.3,21875.45,21157.893391315465,21473.459391867036,21758.59936436105,21758.59936436105,-285.1399724940129,-177.08309091913208,30.890052356020945,0.26756677393925565,24.707650163981416,30.254665076894668
20240912,21597.0,21780.0,21461.0,21711.0,170464,21221.6,21485.8,21869.0,21342.262260876978,21510.00410081057,21755.07348551949,21755.07348551949,-245.06938470892055,-190.6803496770898,44.09937888198758,0.32537052348211776,36.39534756201381,32.301559238601044
20240913,21800.0,21833.0,21657.0,21820.0,110162,21321.8,21435.5,21841.65,21501.508173917988,21557.695777608944,21759.88285696249,21759.88285696249,-202.1870793535454,-192.98169561238092,44.59988808058198,0.3243774701639067,47.89921482540222,37.50077776753477
20240916,21807.0,21871.0,21735.0,21813.0,90854,21469.8,21394.1,21814.25,21605.338782611994,21596.97335028449,21763.817460150454,21763.817460150454,-166.84410986596413,-187.75417846309756,45.27122976427152,0.3243044199997488,63.72563856886044,46.24239803464333
20240918,21730.0,21872.0,21560.0,21619.0,86002,21593.6,21349.0,21773.4,21609.89252174133,21600.362065625337,21753.09024088005,21753.09024088005,-152.72817525471328,-180.7489778214207,38.699421965317924,0.32516900776677005,69.10265501193669,53.86248369374111
20240919,21763.0,22082.0,21661.0,22074.0,165594,21807.4,21461.7,21767.1,21764.59501449422,21673.229440144514,21776.861334148194,21776.861334148194,-103.63189400367992,-165.32556105787256,48.617886178861795,0.2051626565485608,79.21986914392869,62.314945510470295
20240920,22345.0,22425.0,22186.0,22220.0,139106,21909.2,21565.4,21773.1,21916.39667632948,21757.347987814588,21809.686420507587,21809.686420507587,-52.33843269299905,-142.72813538489785,48.60395771211711,0.20294858622578643,82.36917017923972,68.99968706672676
20240923,22291.0,22392.0,22258.0,22338.0,105324,22012.8,21667.3,21783.55,22056.931117552987,21846.679066612345,21848.820759729246,21848.820759729246,-2.1416931169005693,-114.6108469312984,51.495553759094584,0.20279456873025012,86.33821871598437,74.7791976164793
20240924,22298.0,22508.0,22152.0,22491.0,154098,22148.4,21809.1,21797.8,22201.620745035325,21945.8053640566,21896.389592341893,21896.389592341893,49.41577171470635,-81.80552320209745,55.67844618289722,0.18360756444006385,90.52843164719881,80.0289422933858
20240925,22835.0,22860.0,22739.0,22792.0,127200,22383.0,21988.3,21830.1,22398.41383002355,22075.98915420174,21962.731104020273,21962.731104020273,113.25805018146639,-42.792808525384686,81.97573656845753,0.1779085888205052,92.06541618986472,84.04110025887877
20240926,23034.0,23078.0,22892.0,22957.0,131706,22559.6,22183.5,21857.9,22584.6092200157,22211.529284324548,22036.380651870622,22036.380651870622,175.14863245392553,0.795479670477358,81.52096659559346,0.1730891995967062,92.05327262899193,86.71182438224982
20240927,23190.0,23195.0,22878.0,22884.0,151020,22692.4,22300.8,21893.3,22684.406146677135,22314.986317505387,22099.167270250575,22099.167270250575,215.81904725481218,43.80019318734433,78.44420210832425,0.12488888088310955,88.36171284338504,87.26178720262823
20240930,22699.0,22755.0,22316.0,22326.0,173598,22690.0,22351.4,21893.45,22564.93743111809,22316.680730196866,22115.96969467646,22115.96969467646,200.71103552040586,75.18236165395663,70.45380346065949,0.18967079289215846,74.52452619732296,83.01603353419313
20241001,22246.0,22463.0,22228.0,22391.0,114752,22670.0,22409.2,21901.65,22506.95828741206,22328.11446401273,22136.34230988561,22136.34230988561,191.7721541271203,98.50032014858937,72.7659574468085,0.1891723183445909,65.54568586992326,77.19258431276984
20241004,22331.0,22507.0,22250.0,22284.0,165774,22568.4,22475.7,21912.35,22432.63885827471,22321.327623395387,22147.27991656075,22147.27991656075,174.0477068346372,113.60979748579894,70.25657269559709,0.18374931529770153,47.91572410503672,67.43363091019214
20241007,22570.0,22808.0,22539.0,22779.0,152178,22532.8,22546.2,22003.95,22548.09257218314,22391.738758257634,22194.07399681551,22194.07399681551,197.66476144212356,130.42079027706387,68.12627291242363,0.18659589082337888,51.98216698085861,62.28314293374763
20241008,22606.0,22634.0,22392.0,22575.0,146078,22471.0,22581.7,22073.55,22557.06171478876,22419.932795448767,22222.29073779214,22222.29073779214,197.642057656627,143.8650437529765,62.4136797106215,0.19395838984354216,48.17347405627071,57.57991997458865
20241009,22770.0,22888.0,22666.0,22702.0,132242,22546.2,22618.1,22142.7,22605.37447652584,22463.32774999511,22257.824757214945,22257.824757214945,205.5029927801661,156.19263355841443,64.06200569440051,0.19411521774066837,48.45484275243969,54.53822756720565
20241011,22829.0,23047.0,22794.0,22912.0,129086,22650.4,22660.2,22234.65,22707.582984350563,22532.354249995864,22306.282182606432,22306.282182606432,226.07206738943205,170.16852032461796,70.34938621340888,0.19604783531066572,55.88130502696255,54.98592005379128
20241014,22987.0,23049.0,22818.0,23008.0,117554,22795.2,22681.8,22335.05,22807.721989567042,22605.530519227268,22358.261280191142,22358.261280191142,247.26923903612624,185.58866406691962,66.57203690560681,0.18725377126877032,64.14148359949864,58.037774569027064
20241015,23168.0,23386.0,23101.0,23225.0,123782,22884.4,22708.6,22446.05,22946.814659711363,22700.833516269227,22422.464148325133,22422.464148325133,278.36936794409485,204.1448048423547,67.39356178608514,0.18936254939793173,71.45989522637848,62.5118147881442
20241016,22897.0,23203.0,22855.0,22986.0,90066,22966.6,22718.8,22509.8,22959.876439807576,22744.705282997038,22464.20754474549,22464.20754474549,280.49773825154625,219.415391524193,60.7641196013289,0.19643957363114853,69.45915870589883,64.82759609406241
20241017,23142.0,23277.0,23005.0,23256.0,151496,23077.4,22811.8,22581.6,23058.58429320505,22823.3660086898,22522.858837727308,22522.858837727308,300.50717096249355,235.63374741185314,62.23217141029741,0.1500692953872254,75.82488514665556,68.49335911159346
20241018,23820.0,23840.0,23527.0,23657.0,180612,23226.4,22938.4,22673.8,23258.056195470035,22951.617391968295,22606.86929419195,22606.86929419195,344.74809777634437,257.4566174847514,63.40254105980787,0.16200993384026172,79.67054958211659,72.2190892684345
20241021,23810.0,23836.0,23566.0,23567.0,106344,23338.2,23066.7,22771.2,23361.03746364669,23046.291639357787,22677.99008721477,22677.99008721477,368.30155214301703,279.62560441640454,59.6763959390863,0.16050371992503887,80.16250266800407,74.86689373495769
20241022,23560.0,23637.0,23332.0,23633.0,140654,23419.8,23152.1,22849.15,23451.691642431128,23136.554464071975,22748.7315622359,22748.7315622359,387.8229018360762,301.2650639003389,61.90779014308426,0.13519570414630586,80.89765935958931,76.87714894316822
20241023,23498.0,23511.0,23336.0,23406.0,130572,23503.8,23235.2,22908.45,23436.461094954087,23178.007623445515,22797.418113181386,22797.418113181386,380.5895102641298,317.1299531730971,69.18976545842217,0.13677185124431304,73.43464097522653,75.72964628718765
20241024,23383.0,23449.0,23203.0,23304.0,145812,23513.4,23295.4,22956.75,23392.30739663606,23197.39106599236,22834.94269739017,22834.94269739017,362.44836860218857,326.1936362589154,66.01192564012626,0.14128361802969977,64.80769933247326,72.08899730228285
20241025,23270.0,23410.0,23252.0,23371.0,88092,23456.2,23341.3,23000.75,23385.20493109071,23224.100132762767,22874.65064573164,22874.65064573164,349.4494870311282,330.84480641335796,69.33475631447884,0.13699239004386035,60.66706182232565,68.28168547563044
20241028,23650.0,23657.0,23216.0,23326.0,169548,23408.0,23373.1,23027.45,23365.469954060474,23239.77703541465,22908.083931233,22908.083931233,331.6931041816497,331.0144659670163,61.58407454468446,0.13761031186874267,56.38379417596667,64.31572170907585
20241029,23137.0,23148.0,22693.0,22976.0,213014,23276.6,23348.2,23028.4,23235.646636040317,23199.195953043163,22913.114751141668,22913.114751141668,286.08120190149566,322.0278131539122,57.99760670123654,0.15052522752368772,45.81354950295482,58.148330973702166
20241030,23072.0,23145.0,22845.0,22904.0,125246,23176.2,23340.0,23029.4,23125.097757360214,23153.781191036524,22912.43958439043,22912.43958439043,241.34160664609226,305.8905718523482,54.11908646003263,0.1430746919932694,36.67430472530612,50.99032222423681
20241101,22397.0,22822.0,22232.0,22753.0,174740,23066.0,23289.7,23050.75,23001.06517157348,23092.122546261675,22900.629244805954,22900.629244805954,191.49330145572094,283.01111777302276,46.67781027998329,0.13024462771372347,35.27663540290566,45.752426617126424
20241104,22767.0,23046.0,22700.0,23041.0,131504,23000.0,23228.1,23083.25,23014.376781048988,23084.257539144495,22911.027078524032,22911.027078524032,173.23046062046342,261.0549863425109,50.63829787234043,0.11417579030777585,42.44173354345757,44.64886225923681
20241105,22808.0,23239.0,22782.0,23135.0,145862,22961.8,23184.9,23125.8,23054.584520699325,23092.064071583805,22927.61766530003,22927.61766530003,164.446406283776,241.73327033076396,48.17221770917953,0.11823431852152283,49.417296046515574,46.23834018832973
20241106,23250.0,23448.0,23051.0,23222.0,191484,23011.0,23143.8,23147.95,23110.389680466218,23112.054214417065,22949.423764166695,22949.423764166695,162.6304502503699,225.91270631468515,55.108225108225106,0.11926530373602194,56.102758767852485,49.526479714837315
20241107,23183.0,23576.0,23085.0,23532.0,156912,23136.6,23156.4,23195.8,23250.926453644148,23176.661258352902,22992.577559413607,22992.577559413607,184.08369893929557,217.54690483960724,55.87234042553192,0.1304273988646623,67.81119590371452,55.62138511112971
20241108,23772.0,23794.0,23528.0,23781.0,142266,23342.2,23204.1,23249.75,23427.617635762766,23269.63644937553,23050.979221679267,23050.979221679267,218.65722769626518,217.76896941093884,52.82074613284804,0.13550145503616431,78.263375160735,63.1687151276648
20241111,23555.0,23632.0,23309.0,23573.0,143030,23448.6,23224.3,23282.8,23476.078423841846,23316.307764856218,23089.647427480802,23089.647427480802,226.6603373754151,219.5472430038341,50.12953367875648,0.14472627583176015,80.79274093088692,69.0433903954055
20241112,23013.0,23242.0,22863.0,22869.0,168572,23395.4,23178.6,23275.85,23273.7189492279,23247.49118564757,23073.303173593336,23073.303173593336,174.1880120542337,210.47539681391402,37.06838185511172,0.20788969556972306,67.45551059925111,68.5140971300207
20241113,22755.0,23015.0,22730.0,22783.0,146256,23307.6,23159.3,23253.75,23110.145966151933,23176.031003240252,23051.799234808645,23051.799234808645,124.23176843160763,193.22667113745274,38.926413082118735,0.19652790457697603,56.7287697635639,64.5856546745351
20241114,22786.0,22880.0,22576.0,22684.0,173480,23138.0,23137.3,23238.65,22968.097310767957,23100.333925818675,23024.55484704504,23024.55484704504,75.77907877363396,169.737152664689,38.9679715302491,0.19697066279536227,40.77484486700647,56.64871807202556
20241115,22710.0,22930.0,22684.0,22759.0,137030,22933.6,23137.9,23213.8,22898.398207178638,23047.821014154262,23004.884117634298,23004.884117634298,42.93689651996465,144.37710143574415,39.14123491838183,0.19545850307520396,32.191440091961624,48.49629207867091
20241118,22654.0,22789.0,22544.0,22574.0,141376,22733.8,23091.2,23159.65,22790.265471452425,22974.925473515144,22972.966775587312,22972.966775587312,1.9586979278319632,115.89342073416172,37.288708586883025,0.18665312802876804,22.26096006130775,39.751181406216524
20241119,22641.0,22995.0,22592.0,22850.0,150996,22730.0,23062.7,23123.8,22810.176980968285,22955.70616989743,22963.858125543808,22963.858125543808,-8.151955646379065,91.08434545805358,47.81553398058252,0.1970090818339231,23.000640040871833,34.167667617768295
20241120,22906.0,22956.0,22668.0,22686.0,76064,22710.6,23009.1,23076.45,22768.78465397886,22914.212912990133,22943.276042170193,22943.276042170193,-29.06312918006006,67.05485053043085,46.33736559139785,0.19692138415560742,19.120426693914553,29.15192064315038
20241121,22647.0,22733.0,22514.0,22573.0,147988,22688.4,22913.2,23034.8,22703.523102652573,22861.718618683957,22915.848187194624,22915.848187194624,-54.12956851066701,42.81796672221128,46.93669162695711,0.17884798451620545,14.506044748835105,24.269962011711954
20241122,22811.0,23066.0,22780.0,23038.0,142684,22744.2,22838.9,23021.5,22815.01540176838,22888.838831194116,22924.89646962465,22924.89646962465,-36.05763843053501,27.042845691662023,49.95184590690208,0.2037045494410737,33.663370491897396,27.401098171773768
20241125,23254.0,23287.0,23014.0,23066.0,123348,22842.6,22788.2,23006.25,22898.676934512256,22916.09439562579,22935.34858298579,22935.34858298579,-19.25418735999847,17.783439081329927,48.868481469334206,0.2023256064533716,46.24561051335635,33.68260228563463
20241126,22710.0,22845.0,22615.0,22636.0,136280,22799.8,22764.9,22971.75,22811.117956341506,22873.0029501449,22913.17461387573,22913.17461387573,-40.171663730830915,6.1924185188977585,41.36202830188679,0.1661942617740703,36.09129532283265,34.48549996470064
20241127,22600.0,22690.0,22341.0,22347.0,134596,22732.0,22721.3,22940.3,22656.41197089434,22792.079419353377,22871.23575358864,22871.23575358864,-79.15633423526378,-10.87733203193455,32.423613171165826,0.17534814347463332,24.272280039041355,31.08109332281421
20241128,22302.0,22385.0,22117.0,22337.0,150156,22684.8,22686.6,22911.95,22549.94131392956,22722.067200991318,22831.662734804297,22831.662734804297,-109.59553381297883,-30.620972388143407,26.94763729246489,0.17497472249800497,22.44932629383384,28.203837646487415
20241129,22210.0,22438.0,22004.0,22313.0,169088,22539.8,22642.0,22889.95,22470.960875953042,22659.133785454193,22793.24327296694,22793.24327296694,-134.10948751274918,-51.31867541306457,28.62957937584804,0.1731544963598678,22.994276765387795,26.46731735278754
20241202,22530.0,22828.0,22498.0,22827.0,123772,22492.0,22667.3,22879.25,22589.640583968696,22684.95935692278,22795.743771265687,22795.743771265687,-110.78441434290653,-63.21182319903296,49.23857868020305,0.20505745995838176,36.71169503247209,29.882109912682388
20241203,23152.0,23191.0,22999.0,23112.0,128550,22587.2,22693.5,22878.1,22763.760389312465,22750.657917396198,22819.170158579338,22819.170158579338,-68.51224118313985,-64.27190679585435,55.56307067974298,0.20540748751248483,53.261161198577135,37.675127007980635
20241204,23200.0,23296.0,23071.0,23294.0,104030,22776.6,22754.3,22881.7,22940.506926208313,22834.249007027553,22854.342739425312,22854.342739425312,-20.093732397759595,-55.4362719162354,60.03289473684211,0.20248464200901514,68.78917454518145,48.046476187047574
20241205,23260.0,23328.0,23211.0,23251.0,90362,22959.4,22822.1,22867.65,23044.00461747221,22898.36454440793,22883.72475872714,22883.72475872714,14.639785680788918,-41.42106039683054,58.178191489361694,0.2000335796539656,77.25421304019146,57.78238847142886
20241206,23321.0,23360.0,23134.0,23179.0,121270,23132.6,22836.2,22837.55,23089.003078314807,22941.539229883634,22905.596998821427,22905.596998821427,35.9422310622067,-25.948402105023092,60.44905008635578,0.17858189355229792,80.38678116150423,65.31718603478731
20241209,23193.0,23287.0,23170.0,23249.0,93518,23217.0,22854.5,22821.35,23142.335385543207,22988.840886824615,22931.034258167987,22931.034258167987,57.80662865662816,-9.197395952692842,57.41911491260692,0.1789410559255502,84.1959072050146,71.61009309152973
20241210,23228.0,23337.0,23026.0,23090.0,140220,23212.6,22899.9,22832.4,23124.890257028805,23004.403827313137,22942.80949830369,22942.80949830369,61.59432900944739,4.960949039735206,57.52608047690015,0.1531222901012206,82.82676999508348,75.34898539271431
20241211,22887.0,23055.0,22824.0,22848.0,120194,23123.4,22950.0,22835.65,23032.593504685872,22980.341700034194,22935.786572503417,22935.786572503417,44.5551275307771,12.879784737943584,54.88801990757199,0.14777708012083438,75.9651426319239,75.5543711391175
20241212,23004.0,23211.0,23003.0,23107.0,118078,23094.6,23027.0,22856.8,23057.39566979058,22999.827592336627,22948.469048614275,22948.469048614275,51.3585437223519,20.57553653482525,51.32336018411968,0.15290247772647214,74.19331241200184,75.10068489674562
20241213,22996.0,23092.0,22888.0,22986.0,118988,23056.0,23094.3,22868.15,23033.597113193722,22997.700270438683,22951.249119087293,22951.249119087293,46.45115135138985,25.750659498138173,48.51851851851852,0.15720667069961075,59.536835140339534,69.91273497794359
20241216,23220.0,23270.0,22946.0,22961.0,137626,22998.4,23107.7,22887.5,23009.398075462483,22992.05407498658,22951.97140656231,22951.97140656231,40.082668424271105,28.617061283364762,57.0806100217865,0.11752412214121154,48.211123924405456,62.6788646267642
20241217,23105.0,23215.0,23024.0,23031.0,115454,22986.6,23099.6,22896.55,23016.59871697499,22998.045755757874,22957.82537644658,22957.82537644658,40.22037931129307,30.937724888950424,66.47398843930635,0.1010989169702611,45.01388361129517,56.790537621607854
20241218,22937.0,23200.0,22902.0,23105.0,83012,23038.0,23080.7,22917.5,23046.06581131666,23014.500254872048,22968.7272004135,22968.7272004135,45.77305445854654,33.90479080286965,67.94392523364486,0.09377456633340463,47.484380118972894,53.68848512072953
20241219,22747.0,22906.0,22718.0,22849.0,144894,22986.4,23040.5,22931.3,22980.377207544443,22989.038677199424,22959.85851890139,22959.85851890139,29.180158298033348,32.95986430190239,61.29848229342328,0.10600289818608279,38.71064221178699,48.695870817748684
20241220,22767.0,22793.0,22590.0,22635.0,151006,22916.2,22986.1,22911.15,22865.251471696298,22934.571188399514,22935.794924908696,22935.794924908696,-1.223736509182345,26.123144139685447,45.366795366795365,0.11211956187565307,27.81512693637205,41.735622857289805
20241223,22904.0,23245.0,22899.0,23242.0,135054,22972.4,22985.4,22919.95,22990.8343144642,22981.86792864574,22958.476782322865,22958.476782322865,23.39114632287601,25.576744576323563,52.715121136173764,0.17723123462998613,50.50420227130685,44.658482661962154
20241224,23430.0,23459.0,23187.0,23216.0,95146,23009.4,22998.0,22948.95,23065.889542976132,23017.888247315626,22977.552576224876,22977.552576224876,40.33567109075011,28.52852987920887,48.257372654155496,0.17372769436072788,57.681742826057274,48.99956938332719
20241225,23340.0,23349.0,23240.0,23329.0,65664,23054.2,23046.1,22998.05,23153.593028650757,23065.751593882454,23003.585718726736,23003.585718726736,62.16587515571882,35.25599893451086,51.689774696707104,0.16419158811808282,66.80125394387707,54.93346423684382
20241226,23358.0,23380.0,23285.0,23326.0,54434,23149.6,23068.0,23047.5,23211.062019100507,23105.78981020823,23027.46825808031,23027.46825808031,78.32155212791986,43.86910957319267,53.282715497990175,0.15692983098087543,72.7658532238045,60.87759389916404
20241227,23194.0,23378.0,23148.0,23372.0,85922,23297.0,23106.6,23100.45,23264.708012733674,23146.745224022347,23052.98912785214,23052.98912785214,93.75609617020746,53.84650689259563,52.7765237020316,0.15347796063367036,78.50673298924902,66.75397359585904
20241230,23202.0,23324.0,23154.0,23177.0,74028,23284.0,23128.2,23117.95,23235.472008489116,23151.399804941986,23062.17511838161,23062.17511838161,89.22468656037745,60.922142826152,51.93247445579742,0.16053828440344778,74.85412425597038,69.45402381589614
20241231,22998.0,23110.0,22955.0,23041.0,96710,23249.0,23129.2,23114.4,23170.648005659412,23134.415219566297,23060.60659109408,23060.60659109408,73.80862847221579,63.49943995536476,54.4988344988345,0.1631940609610996,67.20232756305197,68.70345839828141
