Date,Volume,Open,High,Low,Close
20191216,273313963,24.17,25.574,24.1667,25.4333
20191217,127556561,25.266,25.70,25.06,25.266
20191218,212045744,25.3753,26.348,25.372,26.21
20191219,271804514,26.488,27.1233,26.4333,26.936
20191220,221778039,27.3527,27.5333,26.679,27.0393
20191223,199992200,27.452,28.134,27.3333,27.948
20191224,120820740,27.8907,28.3647,27.5125,28.35
20191226,159724270,28.5273,28.8987,28.4233,28.7293
20191227,149352330,29.00,29.0207,28.4073,28.692
20191230,189018955,28.586,28.60,27.2839,27.6467
20191231,154386823,27.00,28.086,26.8053,27.8887
20200102,143375718,28.30,28.7131,28.114,28.684
20200103,266920367,29.3667,30.2667,29.128,29.534
20200106,152362424,29.3647,30.104,29.3333,30.1027
20200107,273136963,30.76,31.442,30.2237,31.2707
20200108,467990616,31.58,33.2327,31.2153,32.8093
20200109,426947637,33.14,33.2533,31.5247,32.0893
20200110,194652353,32.1193,32.3293,31.58,31.8767
20200113,399518050,32.90,35.042,32.80,34.9907
20200114,435920482,36.2837,36.494,34.9934,35.8614
20200115,260532320,35.3174,35.856,34.4524,34.5667
20200116,326049587,32.9167,34.2974,32.8113,34.2327
20200117,204435948,33.8407,34.378,33.544,34.0334
20200121,267051916,35.35,36.572,35.2274,36.48
20200122,470535215,38.126,39.6334,37.2734,37.9707
20200123,294765453,37.6167,38.80,37.0402,38.1467
20200124,215303892,38.042,38.2574,36.9507,37.6547
20200127,204120948,36.1327,37.6294,35.952,37.2014
20200128,176827262,37.8994,38.454,37.2054,37.7934
20200129,273249913,38.3794,39.32,37.8287,38.7327
20200130,435084982,42.1614,43.392,41.20,42.7207
20200131,235788932,42.6667,43.5334,42.168,43.3714
20200203,708502146,44.9127,52.4094,44.9014,52.00
20200204,914080943,58.864,64.5994,55.592,59.1374
20200205,726357237,54.884,56.3987,46.9407,48.98
20200206,598210951,46.6614,53.0554,45.80,49.9307
20200207,255952672,48.7034,51.3167,48.6667,49.8714
20200210,370337215,53.3334,54.666,50.16,51.4187
20200211,175461962,51.2527,52.2338,50.5334,51.6254
20200212,180336960,51.858,52.65,50.8914,51.1527
20200213,394340053,49.456,54.5334,49.00,53.60
20200214,235405532,52.4814,54.198,52.3667,53.3354
20200218,250475425,56.1067,57.3334,55.4907,57.2267
20200219,381344209,61.5667,62.9854,60.068,61.1614
20200220,264523218,60.7967,60.80,57.3294,59.9607
20200221,215091642,60.4654,60.8707,58.6967,60.0667
20200224,227882286,55.9334,57.5667,54.8134,55.586
20200225,259357070,56.60,57.1067,52.4667,53.3274
20200226,212307494,52.1667,54.2207,51.7407,51.92
20200227,364157218,48.6667,49.318,44.60,45.2667
20200228,368462366,41.98,46.0347,40.768,44.5327
20200302,302924699,47.4174,49.5794,45.778,49.5747
20200303,386759807,53.6667,53.7987,47.7407,49.7007
20200304,225734587,50.9307,51.1014,48.3157,49.9667
20200305,162789819,48.2514,49.7167,47.8714,48.3027
20200306,189943705,46.0003,47.1334,45.618,46.8987
20200309,256105972,40.3594,44.1999,40.3334,40.5334
20200310,233916483,43.962,44.5334,40.5334,43.022
20200311,201203749,42.68,43.572,40.8667,42.282
20200312,283635608,38.726,39.6334,36.4167,37.37
20200313,339603580,39.6667,40.5047,33.4667,36.4414
20200316,307341746,31.30,32.9913,29.478,29.6713
20200317,359918520,29.334,31.4567,26.40,28.68
20200318,356792222,25.9333,26.9907,23.3673,24.0813
20200319,452931674,24.9798,30.1333,23.8973,28.5093
20200320,424282288,29.2133,31.80,28.386,28.502
20200323,246818127,28.9067,29.4667,27.3667,28.9527
20200324,343427378,31.82,34.246,31.60,33.6667
20200325,318341091,36.35,37.1334,34.074,35.95
20200326,261331069,36.4927,37.3334,34.15,35.2107
20200327,215661042,33.6667,35.0534,32.9353,34.2907
20200330,179970960,34.0174,34.4432,32.7487,33.4754
20200331,266572217,33.4167,36.1974,33.1333,34.9334
20200401,200297600,33.60,34.2637,31.6733,32.104
20200402,297876301,32.0687,32.9507,29.76,30.298
20200403,338431031,33.9667,34.366,31.226,32.0007
20200406,223527488,34.08,34.7334,33.1973,34.416
20200407,268796566,36.3334,37.6667,35.4894,36.3634
20200408,189840205,36.9467,37.1472,35.5554,36.5894
20200409,204749898,37.4727,38.3455,37.1407,38.20
20200413,337131131,39.344,43.4667,38.702,43.3967
20200414,458647421,46.598,49.4587,46.162,47.326
20200415,353654823,49.4667,50.2087,47.3334,48.6554
20200416,309867745,47.796,50.63,47.1144,49.6807
20200417,196923352,51.4854,51.6634,49.844,50.2594
20200420,221195439,48.8467,51.038,47.4807,49.7574
20200421,303136198,48.6747,50.222,44.9194,45.7814
20200422,213372343,46.932,48.9334,45.914,48.8074
20200423,198550401,48.5067,48.9334,46.8754,47.042
20200424,198564051,47.3874,48.7154,46.5454,48.3434
20200427,310221445,49.174,53.2994,49.00,53.25
20200428,228329286,53.0427,53.6667,50.446,51.2747
20200429,243239578,52.678,53.5467,52.2107,53.3674
20200430,427077536,57.0127,57.988,50.90,52.1254
20200501,487976906,50.3334,51.518,45.536,46.7547
20200504,288556206,46.7334,50.80,46.5334,50.746
20200505,254874773,52.6527,53.2614,50.812,51.214
20200506,166848367,51.7667,52.6534,50.7407,52.172
20200507,172915264,51.814,53.0934,51.49,52.0027
20200508,241951229,52.918,54.9334,52.4674,54.628
20200511,247793876,52.7007,54.9334,52.3334,54.086
20200512,238603531,55.1334,56.2194,53.8667,53.9607
20200513,285982207,54.722,55.0667,50.8867,52.7307
20200514,205232747,52.00,53.5574,50.9334,53.5554
20200515,157776371,52.69,53.6699,52.4368,53.278
20200518,175471412,55.1854,55.648,53.592,54.242
20200519,144547758,54.3447,54.8047,53.7387,53.8674
20200520,109639010,54.70,55.0667,54.12,54.3707
20200521,183818608,54.40,55.50,53.0667,55.1734
20200522,149812050,54.8116,55.452,54.1334,54.4587
20200526,121345979,55.6334,55.64,54.3804,54.5914
20200527,173242863,54.724,55.1807,52.3334,54.682
20200528,109136555,54.234,54.9834,53.446,53.7207
20200529,177187261,53.9167,55.6667,53.614,55.6667
20200601,226279387,57.20,59.9334,56.94,59.8734
20200602,203483898,59.6467,60.5774,58.0667,58.7707
20200603,119241975,59.208,59.8627,58.6734,58.864
20200604,133315628,59.3254,59.7167,57.2294,57.6254
20200605,117178696,58.5227,59.1014,57.7467,59.044
20200608,212620844,61.2667,63.3334,60.6107,63.328
20200609,170822165,62.6674,63.6294,61.5954,62.7114
20200610,278451011,66.1254,68.4987,65.50,68.3367
20200611,238747081,66.0134,67.9307,64.80,64.856
20200612,251450424,65.3334,65.8654,60.84,62.352
20200615,235457582,61.186,66.5894,60.5667,66.06
20200616,210766095,67.4567,67.5254,64.1594,65.4754
20200617,148361926,65.8474,67.00,65.5048,66.1194
20200618,146278967,66.8667,67.9467,66.2981,66.9307
20200619,130196170,67.5187,67.7314,66.0894,66.7267
20200622,95435202,66.6634,67.2587,66.0014,66.288
20200623,95479017,66.592,67.4667,66.2674,66.7854
20200624,164393768,66.274,66.7257,63.5428,64.0567
20200625,138818166,63.618,65.732,62.4767,65.732
20200626,132823554,66.3187,66.3334,63.658,63.9827
20200629,135395992,64.6007,67.3334,63.2347,67.29
20200630,253777373,67.10,72.5127,66.9154,71.9874
20200701,199903400,72.20,75.6887,72.0334,74.642
20200702,258751671,81.432,81.8667,79.04,80.5774
20200706,308547746,85.1127,91.8527,84.403,91.4387
20200707,322344739,93.6674,95.30,89.114,92.6574
20200708,244669528,93.6667,94.484,87.4227,91.0587
20200709,175763912,93.1327,93.904,90.0854,92.952
20200710,350063075,93.0667,103.2611,91.7341,102.9767
20200713,584780108,110.6001,119.6661,98.0741,99.804
20200714,351271924,103.7334,106.0001,95.40,101.1201
20200715,245517327,102.8667,103.3334,97.1334,103.0674
20200716,214511743,98.4774,102.1141,97.7334,100.0427
20200717,139949510,100.8967,102.5007,99.3334,100.0561
20200720,256820422,101.2674,110.0001,99.20,109.5334
20200721,242359079,109.3287,111.6667,103.8667,104.5574
20200722,212416094,106.6001,108.4281,104.1334,106.1554
20200723,364927318,111.9301,112.6001,98.718,100.8714
20200724,290949155,94.4007,97.6667,91.1027,94.4667
20200727,240729930,95.6667,103.1961,94.2001,102.6401
20200728,237130381,100.2667,104.3134,98.2947,98.4327
20200729,141403324,100.0667,102.3207,99.1334,99.9407
20200730,114315528,99.20,100.8827,98.0667,99.166
20200731,183704308,101.0001,101.1367,94.732,95.384
20200803,132140124,96.6134,100.6541,96.2923,99.00
20200804,126224787,99.6674,101.8274,97.4667,99.1334
20200805,74670188,99.5327,99.9893,97.8874,99.0014
20200806,89884650,99.3887,101.1541,98.484,99.3054
20200807,133446233,99.9692,99.9834,94.334,96.8474
20200810,112833904,96.5334,97.1667,92.3894,94.5714
20200811,129387445,93.0667,94.6667,91.00,91.626
20200812,328482286,98.00,105.6667,95.6667,103.6507
20200813,306379497,107.4001,110.0787,104.4841,108.0667
20200814,188664056,110.9994,111.2534,108.4427,110.0474
20200817,303634648,111.8001,123.0574,111.5221,122.3761
20200818,247117226,126.5994,128.2601,123.0074,125.8061
20200819,183079858,124.3334,127.4001,122.7474,125.2354
20200820,309176845,124.0454,134.7994,123.8041,133.4554
20200821,322343239,136.3174,139.6994,135.0034,136.6654
20200824,300954150,141.7517,141.9334,128.5014,134.2801
20200825,159883270,131.6594,135.1967,131.2001,134.8894
20200826,213590593,137.3334,144.4001,136.9087,143.5447
20200827,355395422,145.3641,153.0401,142.8334,149.2501
20200828,301217549,153.0081,154.5661,145.7681,147.5601
20200831,355123236,148.2033,166.7133,146.7033,166.1067
20200901,270358287,167.38,167.4966,156.8367,158.35
20200902,288528419,159.6633,159.68,135.0402,149.1233
20200903,262788296,135.7433,143.9333,134.00,135.6667
20200904,330965733,134.27,142.6667,124.0067,139.44
20200908,346397135,118.6667,122.9133,109.96,110.07
20200909,238397334,118.8667,123.00,113.8367,122.0933
20200910,254791855,128.7367,132.9967,120.1867,123.78
20200911,182152398,127.3133,127.50,120.1667,124.24
20200914,249061855,126.9833,140.00,124.4333,139.8733
20200915,291894719,145.52,153.98,143.5667,149.92
20200916,217640302,146.6233,152.5967,145.1033,147.2533
20200917,230337503,138.5333,145.93,136.00,141.1433
20200918,259220486,149.3133,150.3333,142.9333,147.3833
20200921,328430433,151.0433,151.8933,135.69,149.7967
20200922,238742424,143.20,145.92,139.20,141.41
20200923,285222569,135.0533,137.3833,125.2934,126.7867
20200924,289683209,121.2667,133.1667,117.10,129.2633
20200925,201625400,131.1567,136.2441,130.4333,135.78
20200928,149158695,141.54,142.6933,138.5167,140.40
20200929,151024215,138.6667,142.8333,137.20,139.69
20200930,144436724,140.44,144.6433,140.1567,143.0033
20201001,152224365,146.92,149.6267,144.8067,149.3867
20201002,214290111,140.4633,146.3767,138.3333,138.3633
20201005,134168383,141.1167,144.5467,139.7767,141.8933
20201006,147438795,141.2633,142.9266,135.35,137.9933
20201007,129383143,139.9567,143.30,137.9483,141.7667
20201008,121263372,146.1467,146.3333,141.7667,141.9733
20201009,86776989,143.3767,144.8633,142.1534,144.6667
20201012,116373402,147.3333,149.58,146.1933,147.4333
20201013,103391020,147.7833,149.63,145.5333,148.8833
20201014,144136184,149.9267,155.30,149.1167,153.7667
20201015,107017061,150.1033,152.19,147.50,149.6267
20201016,98327650,151.48,151.9833,146.2833,146.5567
20201019,108863531,148.7467,149.00,142.9567,143.61
20201020,94968879,143.9167,143.9167,139.6834,140.6467
20201021,97111390,140.90,144.3167,140.4167,140.88
20201022,119979582,147.3067,148.41,141.5033,141.93
20201023,101150950,140.6133,140.962,135.7934,140.21
20201026,84717488,137.21,141.92,136.6667,140.0933
20201027,68059537,141.2533,143.50,140.0333,141.56
20201028,76354238,138.8267,139.5333,135.3333,135.34
20201029,67965937,136.6533,139.3533,135.4867,136.9433
20201030,127762933,135.6318,135.8638,126.37,129.3467
20201102,87063369,131.3333,135.66,130.7667,133.5033
20201103,103055170,136.5767,142.59,135.5633,141.30
20201104,96429190,143.54,145.1333,139.0333,140.3267
20201105,85243569,142.7667,146.6667,141.3334,146.03
20201106,65118037,145.3667,145.5233,141.4267,143.3167
20201109,104499100,146.50,150.8333,140.3333,140.42
20201110,90852669,140.03,140.03,132.01,136.7867
20201111,52073165,138.8167,139.565,136.86,139.0433
20201112,59821506,138.35,141.00,136.5067,137.2533
20201113,59491056,136.95,137.5106,133.8867,136.1667
20201116,80515928,136.31,137.4833,134.6956,136.03
20201117,183564858,153.39,154.00,144.3367,147.2033
20201118,234132083,149.45,165.3333,147.8334,162.2133
20201119,187426069,164.00,169.537,162.5233,166.4233
20201120,98735770,165.9967,167.50,163.02,163.2033
20201123,150780915,167.8333,175.3333,167.2633,173.95
20201124,160945486,180.1333,186.6633,175.40,185.1266
20201125,146790495,183.3533,191.3333,181.79,191.3333
20201127,112683251,193.72,199.5933,192.8166,195.2533
20201130,189009169,200.7366,202.60,184.8366,189.20
20201201,121148502,199.1966,199.2833,190.6833,194.92
20201202,143326964,185.48,190.5133,180.4033,189.6066
20201203,127656013,196.6733,199.6566,194.1433,197.7933
20201204,88203939,197.0033,199.68,195.1666,199.68
20201207,168929147,201.6399,216.2618,201.0166,213.92
20201208,192795109,208.5016,217.0933,206.1666,216.6266
20201209,213873591,217.8966,218.1066,196.00,201.4933
20201210,201249470,191.4566,209.25,188.78,209.0233
20201211,139424924,205.0033,208.00,198.9333,203.33
20201214,156121966,206.3333,214.2499,203.40,213.2766
20201215,135670694,214.4266,215.6333,207.9333,211.0833
20201216,126287443,209.41,210.8333,201.6666,207.59
20201217,168810437,209.3966,219.6066,206.50,218.6333
20201218,666378667,222.9666,231.6666,209.5133,231.6666
20201221,174135797,222.08,222.8333,215.3566,216.62
20201222,155584936,216.00,216.6266,204.7433,213.4466
20201223,99518920,210.7333,217.1666,207.5233,215.3266
20201224,68596717,214.33,222.03,213.6666,220.59
20201228,96835690,224.8366,227.1333,220.2666,221.23
20201229,68732437,220.3333,223.30,218.3333,221.9966
20201230,128538073,224.00,232.20,222.7867,231.5933
20201231,148949805,233.33,239.5733,230.3733,235.2233
20210104,145914585,239.82,248.1633,239.0631,243.2566
20210105,96735520,241.22,246.9466,239.7333,245.0366
20210106,134099923,252.83,258.00,249.70,251.9933
20210107,154496865,259.21,272.33,258.40,272.0133
20210108,225166613,285.3333,294.83,279.4633,293.34
20210111,178662468,283.1333,284.81,267.874,270.3966
20210112,138812174,277.00,289.3333,275.78,283.1466
20210113,99937510,284.2533,286.8233,277.3333,284.8033
20210114,93798999,281.13,287.6666,279.5833,281.6666
20210115,116332812,284.00,286.6333,273.0333,275.3866
20210119,76100948,279.2666,283.3333,277.6666,281.5166
20210120,76997648,286.2466,286.50,279.0933,283.4833
20210121,61794396,285.00,285.2399,280.4733,281.6633
20210122,60199506,278.1033,282.6666,276.2066,282.2133
20210125,123520212,285.00,300.1333,279.6067,293.60
20210126,69394807,297.1266,298.6333,290.5333,294.3633
20210127,82001888,290.1166,297.1666,286.22,288.0533
20210128,79134158,273.3333,282.6666,267.00,278.4766
20210129,104972260,276.6666,280.8033,260.0333,264.51
20210201,76174178,271.43,280.6666,265.1867,279.9366
20210202,73038637,281.56,293.50,280.7335,290.93
20210203,55030536,292.34,292.6933,284.3548,284.8966
20210204,47437985,285.00,285.50,277.8066,283.33
20210205,55699926,281.6666,288.2566,279.6566,284.0766
20210208,60485166,289.89,292.59,284.9166,287.8066
20210209,45472955,285.04,286.60,280.5833,283.1533
20210210,108648281,281.2116,281.6066,266.6733,268.2733
20210211,64868256,270.8133,276.6266,267.2416,270.5533
20210212,71304937,267.0866,272.4433,261.7768,272.04
20210216,59406966,272.6666,273.6666,264.1466,265.4066
20210217,78236708,259.6966,266.6133,254.0033,266.05
20210218,53871185,260.30,264.8966,258.7566,262.46
20210219,56874786,265.00,265.5966,259.1233,260.4333
20210222,111809171,254.2133,256.1666,236.7333,238.1666
20210223,199820660,220.71,237.8699,206.3333,232.9466
20210224,110300861,237.2833,248.3333,231.39,247.34
20210225,117071592,242.05,245.7355,223.5266,227.4066
20210226,123267522,233.3333,235.5666,219.8366,225.1666
20210301,81408728,230.0366,290.6666,228.35,239.4766
20210302,71196487,239.4266,240.37,228.3333,228.8133
20210303,90623889,229.33,233.5666,217.235,217.7333
20210304,197758610,218.60,291.3133,200.00,207.1466
20210305,268189407,208.6866,209.2806,179.83,199.3166
20210308,155360896,200.1833,206.7083,186.2633,187.6666
20210309,202570010,202.7266,226.03,198.4033,224.5266
20210310,181817028,233.4333,239.2833,218.3533,222.6866
20210311,108761681,233.1333,234.1666,225.7266,233.20
20210312,100751530,223.3333,231.6266,222.0464,231.2433
20210315,88270449,231.3633,237.7266,228.0133,235.98
20210316,96587020,234.45,235.9733,223.6666,225.6266
20210317,121117362,218.9566,234.5766,217.0033,233.9366
20210318,100107070,228.0966,229.7433,217.3333,217.72
20210319,128681953,215.5333,219.0766,208.2067,218.29
20210322,118536672,228.1966,233.2066,222.9166,223.3333
20210323,91475619,225.2566,225.9333,219.17,220.72
20210324,101385520,222.6366,222.6733,210.0366,210.09
20210325,117674562,204.3333,215.1666,203.1666,213.4633
20210326,101558500,213.9566,214.6066,199.9633,206.2366
20210329,85910979,205.2133,205.4933,198.6733,203.7633
20210330,118297092,200.5833,212.5533,197.0033,211.8733
20210331,100011880,215.54,224.00,213.7033,222.6433
20210401,105895151,229.4566,230.8067,219.8066,220.5833
20210405,125528323,235.9033,236.0533,228.2333,230.35
20210406,84815528,230.10,232.1833,227.1233,230.54
20210407,78928298,229.00,230.46,222.6133,223.6566
20210408,71772997,225.7933,229.8499,223.8816,227.9333
20210409,64311276,225.9233,226.99,223.1433,225.6733
20210412,87407019,228.5666,234.9333,227.3633,233.9933
20210413,133958443,237.5666,254.3333,236.8866,254.1066
20210414,147052305,256.90,260.2633,242.6766,244.0766
20210415,83546708,247.70,247.8966,240.4366,246.2833
20210416,83938598,242.8833,249.8033,241.5333,246.5933
20210419,119058702,239.8666,241.80,230.60,238.21
20210420,106827131,239.14,245.75,236.895,239.6633
20210421,93646539,234.9233,248.28,232.6666,248.04
20210422,106770791,247.1666,251.2566,239.3466,239.8966
20210423,85241679,239.9333,245.7866,238.4866,243.1333
20210426,93115509,247.00,249.7666,244.2017,246.0666
20210427,88311009,239.32,241.3333,234.45,234.9133
20210428,66813157,232.1366,236.1666,231.20,231.4666
20210429,86536359,233.17,234.0833,222.8334,225.6666
20210430,122276172,222.53,238.49,222.0466,236.48
20210503,81129428,234.60,235.3333,226.8333,228.30
20210504,89217969,226.3133,227.8154,219.2336,224.5333
20210505,65705677,227.02,228.4318,222.4466,223.6466
20210506,83353868,226.92,227.0066,216.6666,221.18
20210507,70407517,221.9333,230.00,220.0733,224.1233
20210510,94177269,221.6333,221.6833,209.2033,209.68
20210511,139511714,199.7466,209.0333,198.5333,205.7333
20210512,101470960,200.83,206.8033,195.5883,196.63
20210513,132554773,200.515,202.1533,186.55,190.5633
20210514,100112590,194.47,197.6233,190.1533,196.58
20210517,96743410,191.851,196.5766,187.0666,192.2766
20210518,110491721,189.3333,198.75,187.7933,192.6233
20210519,118735212,184.1833,188.7366,182.3266,187.82
20210520,92463369,191.6666,196.2833,190.3566,195.5933
20210521,78091808,198.7033,198.8933,193.3333,193.6266
20210524,103674280,193.8666,204.8266,191.2166,202.1466
20210525,84017798,202.4366,204.6633,198.57,201.5633
20210526,85917939,202.52,208.7233,200.50,206.3766
20210527,79111778,206.7466,210.3766,205.4033,210.2833
20210528,68211127,209.50,211.8633,207.46,208.4066
20210601,54254675,209.2666,211.2666,206.85,207.9666
20210602,69908347,206.71,207.7866,199.7133,201.7066
20210603,90335679,200.60,201.5166,190.4066,190.9466
20210604,72110707,193.2366,200.2033,192.40,199.6833
20210607,67631047,197.275,203.3333,194.2933,201.71
20210608,78160238,207.67,207.6966,198.50,201.1966
20210609,49753715,200.7233,203.93,199.21,199.5933
20210610,71758837,201.2933,205.53,200.1666,203.3733
20210611,48615905,203.41,204.1866,200.5066,203.2966
20210614,61271946,204.0766,208.4966,203.06,205.8966
20210615,53292455,205.5633,205.5966,199.41,199.7866
20210616,66432397,199.1783,202.8333,197.8333,201.6233
20210617,68104057,200.6293,207.1566,200.4466,205.5333
20210618,73682737,204.4566,209.45,203.9333,207.77
20210621,74438227,208.16,210.4633,202.96,206.9433
20210622,57476676,206.0833,209.5231,205.1666,207.9033
20210623,93297699,210.6666,219.068,210.0133,218.8566
20210624,137947184,224.9966,232.54,222.5366,226.6066
20210625,97490140,229.86,231.27,222.90,223.9566
20210628,64884486,223.88,231.5666,223.44,229.5733
20210629,52143935,228.2166,229.1699,225.2966,226.92
20210630,56774586,226.59,230.9366,226.0466,226.5666
20210701,55903566,227.9733,229.33,224.2666,225.9733
20210702,81292118,226.3266,233.3333,224.42,226.30
20210706,69853357,227.2371,228.00,217.1334,219.86
20210707,56375886,221.4233,221.90,212.7733,214.8833
20210708,68319967,209.4566,218.1433,206.82,217.6033
20210709,54421655,217.7283,219.6366,214.8966,218.9833
20210712,77781128,220.7333,229.08,220.7203,228.5666
20210713,62898276,228.7733,231.0933,222.0986,222.8466
20210714,64923576,223.5833,226.2033,217.6133,217.7933
20210715,60628716,219.4633,222.0466,212.6266,216.8666
20210716,49112915,218.2266,218.8999,214.0666,214.74
20210719,63891276,209.9633,215.7333,207.0966,215.4066
20210720,46461395,217.33,220.7972,213.5003,220.1666
20210721,41860024,219.87,221.6199,216.7633,218.43
20210722,45317195,218.8142,220.7233,214.8667,216.42
20210723,43814824,215.4533,216.2666,212.4333,214.46
20210726,76009688,216.99,222.7333,215.7033,219.2066
20210727,98439880,221.1333,222.1666,209.08,214.9266
20210728,48019805,215.665,218.3233,213.1333,215.66
20210729,91183929,216.5966,227.8966,216.2666,225.7833
20210730,88969239,223.9193,232.51,223.00,229.0666
20210802,100847320,233.3333,242.3133,232.80,236.5566
20210803,64860756,239.6666,240.8833,233.67,236.58
20210804,51007955,237.00,241.6333,236.31,236.9733
20210805,38758924,238.6666,240.3166,237.1366,238.21
20210806,46869155,237.30,238.7766,232.5433,233.0333
20210809,44146054,236.7233,239.6766,235.0433,237.92
20210810,40296934,237.9966,238.8633,233.96,236.6633
20210811,29401677,237.57,238.3933,234.7366,235.94
20210812,53045075,235.4466,240.9333,233.1333,240.75
20210813,50194415,241.2366,243.30,238.1133,239.0566
20210816,69309907,235.0233,236.50,225.4666,228.7233
20210817,71163847,224.22,224.86,216.28,221.9033
20210818,61048146,223.2493,231.9233,223.1166,229.6633
20210819,42940474,226.07,228.85,222.53,224.49
20210820,44525614,227.6166,230.7099,224.5666,226.7533
20210823,60794586,228.4806,237.3766,226.9168,235.4333
20210824,39249214,236.8933,238.4066,234.2133,236.1633
20210825,37936684,235.6766,238.99,234.6666,237.0666
20210826,39642874,236.1033,238.4666,232.54,233.72
20210827,41501284,235.00,238.3333,234.0333,237.3066
20210830,55812666,238.2383,243.6666,237.5766,243.6366
20210831,62566326,244.3333,246.7966,242.1466,245.24
20210901,39613024,244.6933,247.33,243.7567,244.6966
20210902,38390224,244.8333,246.99,243.5133,244.13
20210903,45813155,244.083,244.6666,241.40,244.5233
20210907,60119496,246.6666,253.40,246.42,250.9733
20210908,56379126,253.86,254.8166,246.9244,251.29
20210909,42233194,251.1366,254.0333,250.5433,251.62
20210910,45552515,253.20,254.2033,244.84,245.4233
20210913,68857447,246.738,248.26,236.2833,247.6666
20210914,55574646,247.5233,251.49,245.4666,248.1633
20210915,46073075,248.3333,252.2866,246.12,251.9433
20210916,41770174,250.9433,252.97,249.2033,252.33
20210917,84612548,252.3833,253.68,250.00,253.1633
20210920,74272957,244.8525,247.3333,239.5416,243.39
20210921,48992165,244.93,248.2466,243.48,246.46
20210922,45378815,247.8421,251.2233,246.3733,250.6466
20210923,35842594,251.6666,252.7333,249.3066,251.2133
20210924,64119066,248.63,258.2666,248.1866,258.13
20210927,84211988,257.7066,266.3333,256.4366,263.7866
20210928,76144268,262.40,265.2133,255.3933,259.1866
20210929,62828646,259.9333,264.50,256.8933,260.4366
20210930,53867885,260.3333,263.0435,258.3333,258.4933
20211001,51094235,259.4666,260.26,254.53,258.4066
20211004,91450029,265.50,268.9899,258.7066,260.51
20211005,55297896,261.5986,265.77,258.0666,260.1966
20211006,43898314,258.7333,262.22,257.74,260.9166
20211007,57587346,261.82,268.3333,261.1266,264.5366
20211008,50215805,265.4033,265.46,260.3033,261.83
20211011,42600964,262.55,267.08,261.8333,263.98
20211012,66060127,266.9766,270.7733,265.5233,268.5733
20211013,42360244,270.1566,271.8033,268.5933,270.36
20211014,36741514,271.83,273.4166,271.1167,272.7733
20211015,56773716,274.5793,281.07,274.1166,281.01
20211018,72621727,283.93,291.7533,283.8233,290.0366
20211019,52143395,292.51,292.65,287.5033,288.09
20211020,42096154,288.45,289.83,285.7933,288.60
20211021,94444359,285.3333,300.00,285.1682,298.00
20211022,68642527,298.50,303.3333,296.9866,303.2266
20211025,188556319,316.8433,348.34,314.7333,341.62
20211026,187244929,341.5633,364.98,333.8133,339.4766
20211027,115579392,346.5533,356.96,343.5933,345.9533
20211028,81639518,356.1016,360.3333,351.40,359.0133
20211029,89755269,360.62,371.7366,357.735,371.3333
20211101,168146177,381.6666,403.25,372.8866,402.8633
20211102,128213413,386.4516,402.8633,382.00,390.6666
20211103,103885570,392.4433,405.13,384.2066,404.62
20211104,76192238,411.47,414.4966,405.6666,409.97
20211105,64886436,409.3333,413.29,402.6666,407.3633
20211108,100337170,383.2616,399.00,377.6666,387.6466
20211109,177317538,391.20,391.50,337.1733,341.1666
20211110,128408173,336.8033,359.3666,329.1033,355.9833
20211111,67189717,367.59,368.3233,351.56,354.5033
20211112,76719458,349.1666,351.50,339.7333,344.4733
20211115,104326960,339.21,343.9933,326.20,337.7966
20211116,79627088,334.4366,352.3999,334.06,351.5766
20211117,94336119,354.5033,373.2133,351.8333,363.0033
20211118,62696796,368.85,370.6666,358.34,365.46
20211119,64926786,366.29,379.5733,364.2333,379.02
20211122,99217540,387.4433,400.65,377.4766,385.6233
20211123,108515111,389.17,393.4999,354.2333,369.6766
20211124,67680727,360.13,377.59,354.00,372.00
20211126,35042674,366.49,369.5942,360.3333,360.64
20211129,58393416,366.9966,380.89,366.73,378.9966
20211130,81276128,381.4566,389.3333,372.6666,381.5866
20211201,68804107,386.8983,390.9466,363.5866,365.00
20211202,73114867,366.3533,371.00,352.2166,361.5333
20211203,92322009,361.5966,363.5251,333.4033,338.3233
20211206,81663128,333.8366,340.5466,316.8333,336.3366
20211207,56084586,348.0666,352.5579,342.27,350.5833
20211208,41906374,350.9033,357.46,344.3333,356.32
20211209,59438496,353.5466,354.1633,334.12,334.60
20211210,59664366,336.25,340.3265,327.51,339.01
20211213,78595508,333.6966,335.00,317.14,322.1366
20211214,70806277,315.00,322.1366,310.00,319.5033
20211215,75169238,317.7366,326.2499,309.4167,325.33
20211216,82771448,331.50,331.66,307.2833,308.9733
20211217,100880260,304.9233,320.2199,303.0133,310.8566
20211220,56480016,303.5666,307.2294,297.7966,299.98
20211221,71517937,305.6233,313.1666,295.3733,312.8433
20211222,93634089,321.8866,338.5533,319.0166,336.29
20211223,92713299,335.60,357.6589,332.52,355.6666
20211227,71145817,357.89,372.3333,356.905,364.6466
20211228,60323916,369.83,372.9999,359.4733,362.8233
20211229,56154066,366.2133,368.00,354.7133,362.0633
20211230,47040935,353.7766,365.1833,351.05,356.78
20211231,40733644,357.8148,360.6666,351.53,352.26
20220103,104686060,382.5833,400.3566,378.68,399.9266
20220104,100248280,396.5166,402.6666,374.35,383.1966
20220105,80119808,382.2166,390.1133,360.3367,362.7066
20220106,90336489,359.00,362.6666,340.1666,354.90
20220107,84164768,360.1233,360.3099,336.6666,342.32
20220110,91814889,333.3333,353.0333,326.6666,352.7066
20220111,66063217,351.2233,358.6166,346.2733,354.80
20220112,83739038,359.6166,371.6133,357.53,368.74
20220113,97209790,369.6883,371.8666,342.1797,343.8533
20220114,72924427,339.96,350.6666,337.7929,349.87
20220118,66989407,342.2016,356.9299,338.6866,343.5033
20220119,75442508,347.235,351.5566,331.6666,331.8833
20220120,70488757,336.5766,347.22,331.3333,332.09
20220121,103416040,332.1133,334.85,313.50,314.6333
20220124,152375145,301.5866,311.171,283.8233,310.00
20220125,86595909,304.7333,317.0866,301.07,306.1333
20220126,104867290,317.4766,329.23,302.00,312.47
20220127,147109575,311.12,311.7966,276.3333,276.3666
20220128,134788963,277.1866,285.8333,264.0033,282.1166
20220131,104436100,290.9033,312.6633,287.35,312.24
20220201,73138357,311.7366,314.5666,301.6666,310.4166
20220202,66793057,309.3933,310.50,296.47,301.8866
20220203,78855578,294.00,312.3333,293.5066,297.0466
20220204,73625467,299.0733,312.1666,293.7233,307.7733
20220207,60994476,307.93,315.9233,300.9029,302.4466
20220208,50729015,301.8433,308.7633,298.2666,307.3333
20220209,52259555,311.6666,315.4233,306.6666,310.6666
20220210,66126847,302.79,314.6033,298.90,301.5166
20220211,79645868,303.21,305.32,283.5666,286.6666
20220214,67756417,287.19,299.6266,284.3833,291.92
20220215,57649536,300.00,307.6666,297.7924,307.4766
20220216,51294395,304.6833,308.8099,300.4033,307.7966
20220217,55178436,304.42,306.1666,291.3666,292.1166
20220218,68501857,295.3333,295.6233,279.2033,285.66
20220222,83288198,278.0433,285.5779,267.0333,273.8433
20220223,95257030,276.81,278.4332,253.52,254.68
20220224,135322304,233.4633,267.4933,233.3333,266.9233
20220225,76067768,269.7433,273.1666,260.8001,269.9566
20220228,99006880,271.67,292.2866,271.5691,290.1433
20220301,74766877,289.8933,296.6266,284.5933,288.1233
20220302,74643457,290.71,295.4933,281.424,293.2966
20220303,61623516,292.9233,295.4796,277.5333,279.7633
20220304,67179877,283.0333,285.2166,275.0536,279.43
20220307,72494167,285.4333,288.7133,268.19,268.1933
20220308,80399108,265.1766,283.33,260.7233,274.80
20220309,59183976,279.8266,286.8533,277.3366,286.3233
20220310,58648656,283.8166,284.8166,270.12,279.4333
20220311,67037167,280.0656,281.2673,264.59,265.1166
20220314,71152267,260.2033,266.90,252.0133,255.4566
20220315,66841147,258.4233,268.5233,252.19,267.2966
20220316,84028838,269.6666,280.6666,267.42,280.0766
20220317,66582967,276.9966,291.6666,275.2392,290.5333
20220318,100414210,291.4966,302.6166,289.13,301.7966
20220321,81981668,304.9933,314.2833,302.3633,307.0533
20220322,105868571,310.00,332.62,307.25,331.3266
20220323,120676152,326.6466,346.90,325.4666,333.0366
20220324,68920897,336.5766,341.4966,329.60,337.9733
20220325,62031546,336.00,340.5999,332.44,336.88
20220328,102506080,355.0333,365.9599,351.20,363.9466
20220329,73614817,369.33,371.59,357.7033,366.5233
20220330,59865006,363.7233,371.3166,361.3333,364.6633
20220331,48992765,364.8566,367.7133,358.8803,359.20
20220401,54263225,360.3833,364.9166,355.5466,361.53
20220404,82177718,363.1266,383.3033,357.51,381.8166
20220405,80075018,378.7666,384.29,362.4333,363.7533
20220406,89348559,357.8233,359.6666,342.5666,348.5866
20220407,79447058,350.7966,358.8633,340.5133,352.42
20220408,55013706,347.7366,349.48,340.8116,341.83
20220411,59357226,326.80,336.156,324.88,325.31
20220412,65976097,332.5466,340.3973,325.5333,328.9833
20220413,55121226,327.025,342.08,324.3656,340.79
20220414,58422426,333.0966,337.5699,327.3966,328.3333
20220418,51715235,329.6766,338.3066,324.47,334.7633
20220419,49847825,335.02,344.98,331.775,342.7166
20220420,70711327,343.3333,344.6666,325.0833,325.7333
20220421,105416351,358.2433,364.0733,332.1383,336.26
20220422,69696577,338.3033,344.95,331.3333,335.0166
20220425,68341357,326.3233,336.2066,325.10,332.6733
20220426,136133684,331.81,333.3333,291.6666,292.14
20220427,76956398,299.5266,306.00,292.4533,293.8366
20220428,124948542,299.9933,300.00,273.90,292.5033
20220429,88133019,300.75,311.4666,290.00,290.2533
20220502,75781388,286.9233,302.1199,282.6766,300.98
20220503,63709596,301.06,308.0266,296.1966,303.0833
20220504,81643718,301.3133,318.50,295.0933,317.54
20220505,92519199,313.07,315.20,285.90,291.0933
20220506,72903127,295.6666,296.00,281.035,288.55
20220509,90810219,278.8166,281.8766,260.3833,262.37
20220510,84401648,273.1033,275.12,258.0833,266.68
20220511,97224460,265.00,269.9233,242.40,244.6666
20220512,140312864,233.6666,253.22,226.6666,242.6666
20220513,92150739,257.8266,262.4499,250.5216,256.53
20220516,86098539,255.72,256.5866,239.6961,241.4566
20220517,80236118,249.12,254.8266,242.95,253.87
20220518,87811809,248.1733,253.50,233.6033,236.6033
20220519,90296679,235.6666,244.6666,231.37,236.4733
20220520,144973334,237.9966,240.5273,211.00,221.30
20220523,88903659,218.34,226.6517,212.6866,224.9666
20220524,89092539,217.8433,217.9733,206.8566,209.3866
20220525,92139339,207.95,223.1066,207.67,219.60
20220526,106003361,220.4733,239.5566,217.8866,235.91
20220527,89294979,241.0833,253.2666,240.177,253.21
20220531,101914390,257.9466,259.60,244.7433,252.7533
20220601,77247968,251.72,257.3266,243.64,246.79
20220602,93473139,244.1566,264.21,242.0666,258.3333
20220603,112393751,243.225,247.7966,233.4178,234.5166
20220606,84204518,244.3533,244.8666,234.35,238.28
20220607,72808597,234.00,239.9966,230.0933,238.8866
20220608,76210628,240.0866,249.9633,239.1766,241.8666
20220609,96491320,249.34,255.5466,239.3266,239.7066
20220610,98090920,235.1566,239.50,227.9133,232.23
20220613,102767260,223.1666,226.6333,214.6833,215.7366
20220614,97988800,218.2866,226.33,211.7366,220.89
20220615,119131962,220.9166,235.6633,218.15,233.00
20220616,107390711,222.7366,225.1666,208.6933,213.10
20220617,92641779,213.4333,220.9694,213.1966,216.76
20220621,122792982,224.6033,243.5773,224.3333,237.0366
20220622,101527270,234.5033,246.8333,233.8266,236.0866
20220623,104202700,237.905,239.3166,228.6366,235.07
20220624,95770720,237.4683,246.0666,236.0866,245.7066
20220627,89178309,249.3666,252.07,242.5655,244.92
20220628,90666519,244.4833,249.97,232.3433,232.6633
20220629,82897268,230.50,231.1733,222.2733,228.49
20220630,94600449,224.51,229.4566,218.8633,224.4733
20220701,74460457,227.00,230.23,222.12,227.2633
20220705,84779108,223.00,233.1466,216.1667,233.0666
20220706,71853637,230.78,234.5633,227.1866,231.7333
20220707,81930698,233.92,245.3616,232.21,244.5433
20220708,101854090,242.3333,254.9799,241.1614,250.7633
20220711,99509230,252.1033,253.0633,233.6266,234.3433
20220712,87930969,236.8466,239.7733,228.3683,233.07
20220713,97954510,225.50,242.0599,225.0333,237.04
20220714,78557498,234.8966,238.6533,229.3333,238.3133
20220715,69683017,240.00,243.6233,236.89,240.0666
20220718,82537448,244.9366,250.5166,239.6033,240.5466
20220719,80890118,245.00,247.14,236.9766,245.53
20220720,88864089,246.7833,250.6633,243.483,247.50
20220721,142032194,255.1066,273.2666,254.8666,271.7066
20220722,103472860,276.22,280.7866,270.7133,272.2433
20220725,64073526,272.2166,274.1466,267.40,268.4333
20220726,66820777,266.5133,267.3099,256.2633,258.86
20220727,88110009,263.81,275.9256,261.79,274.82
20220728,84723008,280.0666,283.30,272.80,280.90
20220729,95312890,280.70,298.32,279.10,297.15
20220801,117042912,301.275,311.8782,295.00,297.2766
20220802,95577490,294.0033,307.8333,292.6666,300.5866
20220803,80091128,305.00,309.55,301.15,307.3966
20220804,72256327,311.00,313.6066,305.00,308.6333
20220805,113172911,302.67,304.6066,285.5446,288.17
20220808,99365290,295.00,305.20,289.0854,290.4233
20220809,86244699,290.2933,292.3966,279.3533,283.3333
20220810,94918869,297.0666,297.51,283.37,294.3566
20220811,70155067,296.5133,298.2366,285.8333,286.63
20220812,79657298,289.415,300.16,285.0333,300.03
20220815,89359179,301.7866,313.1333,301.23,309.32
20220816,88136319,311.6666,314.6666,302.8833,306.5633
20220817,68765977,303.3966,309.6566,300.0333,303.9966
20220818,47500535,306.00,306.50,301.8533,302.87
20220819,61395396,299.00,300.36,292.50,296.6666
20220822,55843356,291.9133,292.40,286.2966,289.9133
20220823,63985056,291.4533,298.8266,287.9233,296.4533
20220824,57259716,297.5633,303.6466,296.50,297.0966
20220825,53230010,302.36,302.96,291.60,296.07
20220826,57163950,297.43,302.00,287.47,288.09
20220829,41864740,282.83,287.74,280.70,284.82
20220830,50541760,287.865,288.48,272.65,277.70
20220831,52107340,280.62,281.25,271.81,275.61
20220901,54287020,272.575,277.58,266.15,277.16
20220902,50890090,281.065,282.35,269.08,270.21
20220906,55859980,272.675,275.99,265.74,274.42
20220907,50028920,273.10,283.84,272.27,283.70
20220908,53713120,281.30,289.50,279.76,289.26
20220909,54470850,291.67,299.85,291.245,299.68
20220912,48674600,300.72,305.49,300.40,304.42
20220913,68229620,292.90,297.3999,290.40,292.13
20220914,72628650,292.24,306.00,291.64,302.61
20220915,64795520,301.825,309.12,300.7247,303.75
20220916,87087790,299.605,303.71,295.6005,303.35
20220919,60231160,300.09,309.84,297.80,309.07
20220920,61642780,306.91,313.33,305.58,308.73
20220921,62555660,308.29,313.80,300.63,300.80
20220922,70545410,299.86,301.29,285.82,288.59
20220923,63748360,283.09,284.50,272.82,275.33
20220926,58076910,271.83,284.09,270.31,276.01
20220927,61925190,283.84,288.67,277.51,282.94
20220928,54664810,283.08,289.00,277.57,287.81
20220929,77620640,282.76,283.65,265.78,268.21
20220930,67726600,266.145,275.57,262.47,265.25
20221003,98363540,254.50,255.16,241.01,242.40
20221004,109578500,250.52,257.50,242.01,249.44
20221005,86982670,245.01,246.6697,233.27,240.81
20221006,69298440,239.44,244.58,235.35,238.13
20221007,83916800,233.935,234.5715,222.02,223.07
20221010,67925020,223.93,226.99,218.3582,222.96
20221011,77013200,220.945,225.75,215.00,216.50
20221012,66860700,215.33,219.2999,211.51,217.24
20221013,91483050,208.30,222.99,206.22,221.72
20221014,94124510,224.01,226.26,204.16,204.99
20221017,79428810,210.04,221.86,209.45,219.35
20221018,75891910,229.50,229.82,217.25,220.19
20221019,66571480,219.80,222.93,217.78,222.04
20221020,117798100,208.28,215.55,202.00,207.28
20221021,75713750,206.415,214.66,203.80,214.44
20221024,100446800,205.82,213.50,198.5863,211.25
20221025,96507870,210.10,224.3498,210.00,222.415
20221026,85327080,219.40,230.60,218.20,224.64
20221027,61638820,229.77,233.81,222.85,225.09
20221028,69152390,225.40,228.86,216.35,228.52
20221031,61554340,226.19,229.85,221.94,227.54
20221101,62688820,234.05,237.3951,227.28,227.82
20221102,63070290,226.04,227.8699,214.82,214.98
20221103,56538850,211.36,221.20,210.14,215.31
20221104,98622210,222.60,223.80,203.08,207.47
20221107,93916520,208.65,208.90,196.66,197.08
20221108,128803400,194.02,195.20,186.75,191.30
20221109,127062700,190.775,195.89,177.12,177.59
20221110,132703000,189.90,191.00,180.03,190.72
20221111,114403600,186.00,196.52,182.59,195.97
20221114,92226650,192.77,195.73,186.34,190.95
20221115,91293790,195.88,200.8237,192.06,194.42
20221116,66567600,191.51,192.57,185.66,186.92
20221117,64335970,183.96,186.16,180.90,183.17
20221118,76048870,185.05,185.19,176.55,180.19
20221121,92882710,175.85,176.77,167.54,167.87
20221122,78452330,168.63,170.92,166.185,169.91
20221123,109536700,173.57,183.62,172.50,183.20
20221125,50672740,185.06,185.20,180.63,182.86
20221128,93038150,179.96,188.50,179.00,182.92
20221129,83357110,184.99,186.38,178.75,180.83
20221130,109186400,182.43,194.76,180.6301,194.70
20221201,80046210,197.08,198.92,191.80,194.70
20221202,73645920,191.78,196.25,191.11,194.86
20221205,93122670,189.44,191.27,180.55,182.45
20221206,92150820,181.215,183.65,175.33,179.82
20221207,84213280,175.03,179.38,172.218,174.04
20221208,97624490,172.20,175.20,169.06,173.44
20221209,104872300,173.84,182.50,173.36,179.05
20221212,109794500,176.10,177.37,167.52,167.82
20221213,175862700,174.87,175.05,156.91,160.95
20221214,140682300,159.25,161.62,155.31,156.80
20221215,122334500,153.44,160.9299,153.28,157.67
20221216,139032200,159.635,160.99,150.04,150.23
20221219,139390600,154.00,155.25,145.82,149.87
20221220,159563300,146.05,148.47,137.66,137.80
20221221,145417400,139.335,141.26,135.89,137.57
20221222,210090300,136.00,136.63,122.26,125.35
20221223,166989700,126.37,128.6173,121.02,123.15
20221227,208643400,117.495,119.67,108.76,109.10
20221228,221070500,110.35,116.27,108.24,112.71
20221229,221923300,120.385,123.57,117.495,121.82
20221230,157777300,119.95,124.48,119.75,123.18
20230103,231402800,118.47,118.80,104.64,108.10
20230104,180389000,109.11,114.59,107.52,113.64
20230105,157986300,110.51,111.75,107.1601,110.34
20230106,220911100,103.00,114.39,101.81,113.06
20230109,190284000,118.96,123.52,117.11,119.77
20230110,167642500,121.07,122.76,114.92,118.85
20230111,183810800,122.09,125.95,120.51,123.22
20230112,169400900,122.56,124.1311,117.00,123.56
20230113,180714100,116.55,122.63,115.60,122.40
20230117,186477000,125.695,131.70,125.02,131.49
20230118,195680300,136.555,136.68,127.01,128.78
20230119,170291900,127.26,129.99,124.3082,127.17
20230120,138858100,128.68,133.51,127.3466,133.42
20230123,203119200,135.87,145.3793,134.27,143.75
20230124,158699100,143.00,146.50,141.10,143.89
20230125,192734300,141.905,146.41,138.07,144.43
20230126,234815100,159.965,161.42,154.76,160.27
20230127,306590600,162.43,180.68,161.17,177.90
20230130,230878800,178.05,179.77,166.50,166.66
20230131,196813500,164.57,174.30,162.78,173.22
20230201,213806300,173.89,183.805,169.93,181.41
20230202,217448300,187.325,196.7501,182.61,188.27
20230203,232662000,183.95,199.00,183.69,189.98
20230206,186188100,193.01,198.17,189.92,194.76
20230207,186010300,196.43,197.50,189.55,196.81
20230208,180673600,196.10,203.00,194.31,201.29
20230209,215431400,207.775,214.00,204.77,207.32
20230210,204754100,202.225,206.20,192.89,196.89
20230213,172475500,194.415,196.30,187.61,194.64
20230214,216455700,191.94,209.82,189.44,209.25
20230215,182108600,211.755,214.66,206.11,214.24
20230216,229586500,210.78,217.65,201.84,202.04
20230217,213738500,199.985,208.44,197.50,208.31
20230221,180018600,204.99,209.71,197.22,197.37
20230222,191828500,197.93,201.99,191.78,200.86
20230223,146360000,203.91,205.14,196.33,202.07
20230224,142228100,196.325,197.6695,192.80,196.88
20230227,161028300,202.03,209.42,201.26,207.63
20230228,153144900,210.59,211.23,203.75,205.71
20230301,156852800,206.21,207.20,198.52,202.77
20230302,181979200,186.74,193.7499,186.01,190.90
20230303,154193300,194.795,200.48,192.88,197.79
20230306,128100100,198.54,198.60,192.30,193.81
20230307,148125800,191.38,194.20,186.10,187.71
20230308,151897800,185.04,186.50,180.00,182.00
20230309,170023800,180.25,185.18,172.5124,172.92
20230310,191488900,175.13,178.29,168.44,173.44
20230313,167790300,167.455,177.35,163.91,174.48
20230314,143717900,177.31,183.80,177.1401,183.26
20230315,145995600,180.80,182.34,176.03,180.45
20230316,121374500,180.365,185.81,178.84,184.13
20230317,133197100,184.515,186.2199,177.33,180.13
20230320,129684400,178.08,186.44,176.35,183.25
20230321,153391400,188.28,198.00,188.04,197.58
20230322,150376400,199.30,200.66,190.95,191.15
20230323,144193900,195.26,199.31,188.65,192.22
20230324,116531600,191.65,192.36,187.15,190.41
20230327,120851600,194.415,197.39,189.94,191.81
20230328,98654640,192.00,192.35,185.43,189.19
20230329,123660000,193.13,195.29,189.44,193.88
20230330,110252200,195.58,197.33,194.42,195.28
20230331,170222100,197.53,207.79,197.20,207.46
20230403,169545900,199.91,202.6897,192.20,194.77
20230404,126463800,197.32,198.7446,190.32,192.58
20230405,133882500,190.515,190.68,183.76,185.52
20230406,123857900,183.08,186.39,179.74,185.06
20230410,142154600,179.94,185.10,176.11,184.51
20230411,115770900,186.69,189.19,185.6475,186.79
20230412,150256300,190.74,191.5846,180.31,180.54
20230413,112933000,182.955,186.50,180.94,185.90
20230414,96438660,183.95,186.28,182.01,185.00
20230417,116662200,186.32,189.69,182.69,187.04
20230418,92067020,187.15,187.69,183.5775,184.31
20230419,125732700,179.10,183.50,177.65,180.59
20230420,210970800,166.165,169.70,160.56,162.99
20230421,123539000,164.80,166.00,161.3208,165.08
20230424,140006600,164.65,165.65,158.61,162.55
20230425,121999300,159.82,163.47,158.75,160.67
20230426,153364100,160.29,160.67,153.14,153.75
20230427,127015200,152.64,160.48,152.37,160.19
20230428,122515800,160.90,165.00,157.32,164.31
20230501,109015000,163.17,163.28,158.83,161.83
20230502,128259700,161.88,165.49,158.93,160.31
20230503,119728000,160.01,165.00,159.91,160.61
20230504,95108490,162.71,162.95,159.65,161.20
20230505,107607300,163.97,170.7899,163.51,170.06
20230508,112249400,173.72,173.80,169.19,171.79
20230509,88965040,168.95,169.82,166.56,169.15
20230510,119840700,172.55,174.43,166.68,168.54
20230511,103889900,168.70,173.57,166.79,172.08
20230512,157849600,176.07,177.38,167.23,167.98
20230515,105592500,167.655,169.76,164.5499,166.35
20230516,98288790,165.65,169.5184,164.35,166.52
20230517,125473600,168.41,174.50,167.185,173.86
20230518,109520300,174.22,177.06,172.45,176.89
20230519,136196700,177.17,181.95,176.31,180.14
20230522,132001400,180.70,189.32,180.11,188.87
20230523,156952100,186.20,192.96,185.26,185.77
20230524,137605100,182.23,184.22,178.22,182.90
20230525,96870720,186.54,186.78,180.58,184.47
20230526,162061500,184.62,198.60,184.53,193.17
20230530,128818700,200.10,204.48,197.53,201.16
20230531,150711700,199.78,203.95,195.12,203.93
20230601,148029900,202.59,209.80,199.37,207.52
20230602,164398400,210.15,217.25,209.752,213.97
20230605,151143100,217.80,221.29,214.52,217.61
20230606,146911600,216.14,221.91,212.53,221.31
20230607,185710800,228.00,230.8296,223.20,224.57
20230608,164489700,224.22,235.23,223.01,234.86
20230609,200242400,249.07,252.42,242.02,244.40
20230612,150740500,247.94,250.97,244.59,249.83
20230613,162384300,253.51,259.68,251.34,258.71
20230614,170575500,260.17,261.57,250.50,256.79
20230615,160171200,248.40,258.95,247.29,255.90
20230616,167915600,258.92,263.60,257.2091,260.54
20230620,165611200,261.50,274.75,261.12,274.45
20230621,211797100,275.13,276.99,257.78,259.46
20230622,166875900,250.77,265.00,248.25,264.61
20230623,177460800,259.29,262.45,252.80,256.60
20230626,179990600,250.065,258.37,240.70,241.05
20230627,164968200,243.24,250.3899,240.85,250.21
20230628,159770800,249.70,259.88,248.89,256.24
20230629,131283400,258.03,260.74,253.61,257.50
20230630,112620800,260.60,264.45,259.89,261.77
20230703,118999000,276.49,284.25,275.11,279.82
20230705,131530900,278.82,283.85,277.60,282.48
20230706,120707400,278.09,279.97,272.88,276.54
20230707,113879200,278.43,280.78,273.77,274.43
20230710,119425400,276.47,277.52,265.10,269.61
20230711,91972360,268.65,270.90,266.37,269.79
20230712,95672140,276.325,276.52,271.46,271.99
20230713,112681500,274.59,279.45,270.60,277.90
20230714,120062400,277.01,285.30,276.31,281.38
20230717,131569600,286.625,292.23,283.57,290.38
20230718,112434700,290.15,295.26,286.01,293.34
20230719,142355400,296.04,299.29,289.5201,291.26
20230720,175158300,279.56,280.93,261.20,262.90
20230721,161796100,268.00,268.00,255.80,260.02
20230724,137005000,255.85,269.85,254.12,269.06
20230725,112757300,272.38,272.90,265.00,265.28
20230726,95856180,263.25,268.04,261.75,264.35
20230727,103697300,268.31,269.13,255.30,255.71
20230728,111446000,259.86,267.25,258.2312,266.44
20230731,84582170,267.48,269.08,263.78,267.43
20230801,83645720,266.26,266.47,260.25,261.07
20230802,101752900,255.57,259.52,250.49,254.11
20230803,97829550,252.04,260.49,252.00,259.32
20230804,99539910,260.97,264.77,253.11,253.86
20230807,111097900,251.45,253.6511,242.76,251.45
20230808,96642180,247.45,250.92,245.01,249.70
20230809,101596300,250.87,251.10,241.90,242.19
20230810,109498600,245.40,251.80,243.00,245.34
20230811,99038640,241.77,243.79,238.02,242.65
20230814,98595330,235.70,240.66,233.75,239.76
20230815,88197600,238.73,240.50,232.61,232.96
20230816,112484500,228.02,233.97,225.38,225.60
20230817,120718400,226.06,226.74,218.83,219.22
20230818,136276600,214.12,217.58,212.36,215.49
20230821,135702700,221.5512,232.1343,220.58,231.28
20230822,130597900,240.25,240.82,229.55,233.19
20230823,101077600,229.34,238.98,229.29,236.86
20230824,99777430,238.66,238.92,228.1801,230.04
20230825,106612200,231.31,239.00,230.35,238.59
20230828,107673700,242.58,244.38,235.35,238.82
20230829,134047600,238.58,257.48,237.77,257.18
20230830,121988400,254.20,260.51,250.59,256.90
20230831,108861700,255.98,261.18,255.05,258.08
20230901,132541600,257.26,259.0794,242.01,245.01
20230905,129469600,245.00,258.00,244.86,256.49
20230906,116959800,255.135,255.39,245.06,251.92
20230907,115312900,245.07,252.81,243.265,251.49
20230908,118559600,251.22,256.52,246.67,248.50
20230911,174667900,264.27,274.85,260.61,273.58
20230912,135999900,270.76,278.39,266.60,267.48
20230913,111673700,270.07,274.98,268.10,271.30
20230914,107709800,271.32,276.7094,270.42,276.04
20230915,133692300,277.55,278.98,271.00,274.39
20230918,101543300,271.16,271.44,263.7601,265.28
20230919,103704000,264.35,267.85,261.20,266.50
20230920,122514600,267.04,273.93,262.4606,262.59
20230921,119951500,257.85,260.86,254.21,255.70
20230922,127524100,257.40,257.7888,244.48,244.88
20230925,104636600,243.38,247.10,238.31,246.99
20230926,101993600,242.98,249.55,241.6601,244.12
20230927,136597200,244.262,245.33,234.58,240.50
20230928,117058900,240.02,247.55,238.65,246.38
20230929,128522700,250.00,254.77,246.35,250.22
20231002,123810400,244.81,254.2799,242.62,251.60
20231003,101985300,248.61,250.02,244.45,246.53
20231004,129721600,248.14,261.86,247.60,261.16
20231005,119159200,260.00,263.60,256.25,260.05
20231006,118121800,253.98,261.65,250.65,260.53
20231009,101377900,255.31,261.36,252.05,259.67
20231010,122656000,257.75,268.94,257.65,263.62
20231011,103706300,266.20,268.60,260.90,262.99
20231012,111508100,262.92,265.41,256.6307,258.87
20231013,102296800,258.90,259.60,250.22,251.12
20231016,88917180,250.05,255.3999,248.48,253.92
20231017,93562910,250.10,257.183,247.08,254.85
20231018,125147800,252.70,254.63,242.08,242.68
20231019,170772700,225.95,230.61,216.78,220.11
20231020,138010100,217.01,218.8606,210.42,211.99
20231023,150683400,210.00,216.98,202.51,212.08
20231024,118231100,216.50,222.05,214.11,216.52
20231025,107065100,215.88,220.10,212.20,212.42
20231026,115112600,211.32,214.80,204.88,205.76
20231027,94881170,210.60,212.41,205.77,207.30
20231030,136448200,209.28,210.88,194.67,197.36
20231031,118068300,196.12,202.80,194.07,200.84
20231101,121661700,204.04,205.99,197.85,205.66
20231102,125987600,212.97,219.20,211.45,218.51
20231103,119534800,221.15,226.3701,218.40,219.96
20231106,117335800,223.98,226.32,215.00,219.27
20231107,116900100,219.98,223.12,215.72,222.18
20231108,106584800,223.15,224.15,217.64,222.11
20231109,142110500,219.75,220.80,206.68,209.98
20231110,131310100,210.03,215.38,205.69,214.65
20231113,140447600,215.60,225.40,211.6101,223.71
20231114,149771600,235.03,238.135,230.72,237.41
20231115,150354000,239.29,246.70,236.45,242.84
20231116,136816800,239.49,240.88,230.96,233.59
20231117,142766200,232.00,237.39,226.54,234.30
20231120,116562400,234.04,237.10,231.02,235.60
20231121,122288000,235.04,243.62,233.34,241.20
20231122,118117100,242.04,244.01,231.40,234.21
20231124,65125200,233.75,238.75,232.33,235.45
20231127,112031800,236.89,238.33,232.10,236.08
20231128,148549900,236.68,247.00,234.01,246.72
20231129,135401300,249.21,252.75,242.76,244.14
20231130,132353200,245.14,245.22,236.91,240.08
20231201,121331700,233.14,240.19,231.90,238.83
20231204,104099800,235.75,239.3733,233.2902,235.58
20231205,137971100,233.87,246.66,233.70,238.72
20231206,126436200,242.92,246.57,239.1709,239.37
20231207,107142300,241.55,244.08,236.98,242.64
20231208,103126800,240.27,245.27,239.2701,243.84
20231211,97913890,242.74,243.441,237.45,239.74
20231212,95328310,238.55,238.99,233.87,237.01
20231213,146286300,234.19,240.30,228.20,239.29
20231214,160829200,241.22,253.88,240.79,251.05
20231215,135932800,251.21,254.13,248.30,253.50
20231218,116416500,253.78,258.74,251.36,252.08
20231219,106737400,253.48,258.3399,253.01,257.22
20231220,125097000,256.41,259.84,247.00,247.14
20231221,109594200,251.90,254.7999,248.55,254.50
20231222,93370090,256.76,258.22,251.37,252.54
20231226,86892380,254.49,257.97,252.91,256.61
20231227,106494400,258.35,263.34,257.52,261.44
20231228,113619900,263.66,265.13,252.71,253.18
20231229,100891600,255.10,255.19,247.43,248.48
20240102,104654200,250.08,251.25,244.41,248.42
20240103,121082600,244.98,245.68,236.32,238.45
20240104,102629300,239.25,242.70,237.73,237.93
20240105,92488940,236.86,240.1196,234.9001,237.49
20240108,85166580,236.14,241.25,235.30,240.45
20240109,96705660,238.11,238.9646,232.04,234.96
20240110,91628500,235.10,235.50,231.29,233.94
20240111,105873600,230.57,230.93,225.37,227.22
20240112,123043800,220.08,225.34,217.1501,218.89
20240116,115355000,215.10,223.49,212.18,219.91
20240117,103164400,214.86,215.67,212.01,215.55
20240118,108595400,216.88,217.45,208.74,211.88
20240119,102260300,209.99,213.19,207.56,212.19
20240122,117952500,212.26,217.80,206.27,208.80
20240123,106605900,211.30,215.65,207.7516,209.14
20240124,123369900,211.88,212.73,206.77,207.83
20240125,198076800,189.70,193.00,180.06,182.63
20240126,107343200,185.50,186.78,182.10,183.25
20240129,125013100,185.63,191.48,183.67,190.93
20240130,109982300,195.33,196.3593,190.61,191.59
20240131,103221400,186.995,193.97,185.8459,187.29
20240201,91843280,188.50,189.88,184.28,188.86
20240202,110612700,185.04,188.69,182.00,187.91
20240205,134294400,184.26,184.68,175.01,181.06
20240206,122676000,177.21,186.49,177.11,185.10
20240207,111535200,188.18,189.79,182.68,187.58
20240208,83034040,189.00,191.6171,185.58,189.56
20240209,84476350,190.18,194.12,189.48,193.57
20240212,95498600,192.11,194.73,187.28,188.13
20240213,86759480,183.99,187.26,182.1087,184.02
20240214,81202990,185.30,188.89,183.35,188.71
20240215,120831800,189.16,200.88,188.8595,200.45
20240216,111346700,202.06,203.17,197.40,199.95
20240220,104545800,196.13,198.60,189.13,193.76
20240221,103844000,193.36,199.44,191.95,194.77
20240222,92739460,194.00,198.32,191.36,197.41
20240223,78841920,195.31,197.57,191.50,191.97
20240226,111747100,192.29,201.78,192.00,199.40
20240227,108645400,204.04,205.60,198.26,199.73
20240228,99806170,200.42,205.30,198.44,202.04
20240229,85906970,204.18,205.28,198.4463,201.88
20240301,82243120,200.52,204.52,198.50,202.64
20240304,134334900,198.73,199.75,186.72,188.14
20240305,119660800,183.05,184.59,177.57,180.74
20240306,107920900,179.99,181.576,173.70,176.54
20240307,102129000,174.35,180.04,173.70,178.65
20240308,85544640,181.50,182.73,174.70,175.34
20240311,85391530,175.445,182.87,174.80,177.77
20240312,87391680,177.77,179.43,172.4101,177.54
20240313,106524500,173.05,176.05,169.15,169.48
20240314,126325700,167.77,171.17,160.51,162.50
20240315,97146830,163.16,165.1845,160.76,163.57
20240318,108214400,170.02,174.72,165.90,173.80
20240319,77271430,172.36,172.82,167.42,171.32
20240320,83846730,173.00,176.25,170.82,175.66
20240321,73178010,176.39,178.18,171.80,172.82
20240322,75580640,166.69,171.20,166.30,170.83
20240325,74228620,168.76,175.24,168.73,172.63
20240326,113186200,178.58,184.25,177.38,177.67
20240327,81804040,181.41,181.91,176.00,179.83
20240328,77654840,177.45,179.57,175.30,175.79
20240401,81562130,176.17,176.75,170.21,175.22
20240402,116650600,164.75,167.69,163.43,166.63
20240403,82950140,164.02,168.82,163.28,168.38
20240404,123162000,170.07,177.19,168.01,171.11
20240405,143157600,169.08,170.86,160.51,164.90
20240408,104423300,169.34,174.50,167.79,172.98
20240409,103232700,172.91,179.22,171.92,176.88
20240410,84532410,173.04,174.93,170.01,171.76
20240411,94515990,172.55,175.88,168.51,174.60
20240412,64722670,172.34,173.8099,170.3644,171.05
20240415,100245300,170.24,170.69,161.38,161.48
20240416,96999960,156.742,158.19,153.75,157.11
20240417,82439720,157.64,158.33,153.78,155.45
20240418,96098830,151.25,152.20,148.70,149.93
20240419,87074500,148.97,150.94,146.22,147.05
20240422,107097600,140.56,144.44,138.8025,142.05
20240423,124545100,143.33,147.26,141.11,144.68
20240424,181178000,162.84,167.97,157.51,162.13
20240425,126427500,158.96,170.88,158.36,170.18
20240426,109815700,168.85,172.12,166.37,168.29
20240429,243869700,188.42,198.87,184.54,194.05
20240430,127031800,186.98,190.95,182.8401,183.28
20240501,92829720,182.00,185.86,179.01,179.99
20240502,89148040,182.86,184.60,176.02,180.01
20240503,75491540,182.10,184.78,178.42,181.19
20240506,84390250,183.80,187.56,182.20,184.76
20240507,75045850,182.40,183.26,177.40,177.81
20240508,79969490,171.59,176.06,170.15,174.72
20240509,65950290,175.01,175.62,171.37,171.97
20240510,72627180,173.05,173.0599,167.75,168.47
20240513,67018900,170.00,175.40,169.00,171.89
20240514,86407420,174.496,179.49,174.07,177.55
20240515,79662990,179.90,180.00,173.11,173.99
20240516,59812220,174.10,175.79,171.43,174.84
20240517,77445850,173.55,179.63,172.75,177.46
20240520,61727430,177.56,177.754,173.52,174.95
20240521,115266500,175.51,186.875,174.71,186.60
20240522,88313480,182.85,183.80,178.12,180.11
20240523,71975500,181.80,181.90,173.26,173.74
20240524,65584480,174.835,180.08,173.73,179.24
20240528,59736620,176.40,178.25,173.16,176.75
20240529,54782650,174.19,178.15,173.93,176.19
20240530,77784760,178.575,182.67,175.38,178.79
20240531,67314600,178.50,180.32,173.82,178.08
20240603,68568920,178.13,182.6389,174.49,176.29
20240604,60056340,174.775,177.755,174.00,174.77
20240605,57953760,175.35,176.15,172.13,175.00
20240606,69887020,174.60,179.73,172.73,177.94
20240607,56244930,176.13,179.35,175.58,177.48
20240610,50869680,176.06,178.57,173.17,173.79
20240611,64761930,173.92,174.75,167.41,170.66
20240612,90389450,171.12,180.55,169.80,177.29
20240613,118984100,188.39,191.08,181.23,182.47
20240614,82038190,185.80,186.00,176.92,178.01
20240617,109786100,177.92,188.81,177.00,187.44
20240618,68982270,186.56,187.20,182.37,184.86
20240620,55893140,184.68,185.21,179.66,181.57
20240621,63029480,182.30,183.95,180.69,183.01
20240624,61992070,184.97,188.80,182.55,182.58
20240625,63678270,184.40,187.97,182.01,187.35
20240626,95737070,186.54,197.755,186.36,196.37
20240627,72746520,195.17,198.72,194.05,197.42
20240628,95438070,199.55,203.20,195.26,197.88
20240701,135691400,201.02,213.23,200.85,209.86
20240702,205047900,218.89,231.30,218.06,231.26
20240703,166561500,234.56,248.35,234.25,246.39
20240705,154501200,249.81,252.37,242.4601,251.52
20240708,157219600,247.71,259.439,244.57,252.94
20240709,160742500,251.00,265.61,250.30,262.33
20240710,128519400,262.80,267.59,257.86,263.26
20240711,221707300,263.30,271.00,239.65,241.03
20240712,155955800,235.80,251.84,233.0912,248.23
20240715,146912900,255.97,265.60,251.73,252.64
20240716,126332500,255.31,258.62,245.8001,256.56
20240717,115584800,252.73,258.47,246.182,248.50
20240718,110869000,251.09,257.14,247.20,249.23
20240719,87403900,247.79,249.44,236.83,239.20
20240722,101225400,244.21,253.21,243.75,251.51
20240723,111928200,253.60,255.7594,245.63,246.38
20240724,167942900,225.42,225.99,214.71,215.99
20240725,100636500,216.80,226.00,216.231,220.25
20240726,94604150,221.19,222.2799,215.33,219.80
20240729,129201800,224.90,234.27,224.70,232.10
20240730,100560300,232.25,232.41,220.00,222.62
20240731,67497010,227.90,234.68,226.7875,232.07
20240801,83861900,227.69,231.867,214.3328,216.86
20240802,82880120,214.88,216.13,205.78,207.67
20240805,100308800,185.22,203.8799,182.00,198.88
20240806,73783940,200.75,202.90,192.67,200.64
20240807,71159780,200.77,203.49,191.48,191.76
20240808,65033870,195.70,200.70,192.04,198.84
20240809,58648270,197.05,200.88,195.11,200.00
20240812,64044900,199.02,199.26,194.67,197.49
20240813,76247390,198.47,208.49,197.06,207.83
20240814,70250010,207.39,208.44,198.75,201.38
20240815,89848530,205.02,215.88,204.82,214.14
20240816,88765120,211.15,219.80,210.80,216.12
20240819,76435220,217.07,222.98,214.09,222.72
20240820,74001180,224.88,228.22,219.56,221.10
20240821,70145960,222.67,224.6594,218.86,223.27
20240822,79514480,223.82,224.80,210.32,210.66
20240823,81525210,214.455,221.48,214.21,220.32
20240826,59301190,218.75,219.09,211.01,213.21
20240827,62821390,213.25,215.66,206.94,209.21
20240828,64116350,209.72,211.84,202.59,205.75
20240829,62308820,209.80,214.89,205.97,206.28
20240830,63370610,208.63,214.5701,207.03,214.11
20240903,76714220,215.26,219.9043,209.64,210.60
20240904,80651770,210.59,222.22,210.57,219.41
20240905,119355000,223.49,235.00,222.25,230.17
20240906,112177000,232.60,233.60,210.51,210.73
20240909,67443520,216.20,219.87,213.67,216.27
20240910,78891140,220.07,226.40,218.6377,226.17
20240911,83548630,224.55,228.47,216.8003,228.13
20240912,72020040,224.66,231.45,223.83,229.81
20240913,59515110,228.00,232.67,226.32,230.29
20240916,54323000,229.30,229.96,223.53,226.78
20240917,66761640,229.45,234.57,226.5533,227.87
20240918,78010200,230.09,235.68,226.88,227.20
20240919,102694600,234.00,244.24,232.13,243.92
20240920,99879070,241.52,243.99,235.92,238.25
20240923,86927190,242.61,250.00,241.92,250.00
20240924,88491000,254.08,257.19,249.0501,254.27
20240925,65034320,252.54,257.05,252.28,257.02
20240926,67142190,260.60,261.75,251.53,254.22
20240927,70988070,257.375,260.6999,254.12,260.46
20240930,80873380,259.04,264.86,255.77,261.63
20241001,87397610,262.67,263.98,248.53,258.02
20241002,93983930,247.55,251.1585,241.50,249.02
20241003,80729240,244.48,249.79,237.81,240.66
20241004,86726290,246.69,250.96,244.58,250.08
20241007,68113270,249.00,249.83,240.70,240.83
20241008,56303160,243.56,246.21,240.56,244.50
20241009,66289530,243.82,247.43,239.51,241.05
20241010,83087060,241.81,242.7899,232.34,238.77
20241011,142628900,220.13,223.34,214.38,217.80
20241014,86291920,220.13,221.91,213.74,219.16
20241015,62988790,220.01,224.26,217.12,219.57
20241016,49632820,221.40,222.8199,218.93,221.33
20241017,50791780,221.59,222.08,217.90,220.89
20241018,49611870,220.71,222.28,219.23,220.70
20241021,47328990,218.90,220.48,215.726,218.85
20241022,43268740,217.31,218.22,215.26,217.97
20241023,80938890,217.125,218.72,212.11,213.65
20241024,204491900,244.68,262.1199,242.65,260.48
20241025,161611900,256.01,269.49,255.32,269.19
20241028,107653600,270.00,273.536,262.24,262.51
20241029,80521750,264.51,264.98,255.51,259.52
20241030,53993580,258.035,263.35,255.8201,257.55
20241031,66575290,257.99,259.75,249.25,249.85
20241101,57544760,252.043,254.00,246.63,248.98
20241104,68802350,244.56,248.90,238.88,242.84
20241105,69282510,247.34,255.2799,246.2101,251.44
20241106,165228700,284.67,289.59,275.62,288.53
20241107,117309200,288.89,299.75,285.52,296.91
20241108,204782800,299.14,328.71,297.66,321.22
20241111,210521600,346.30,358.64,336.00,350.00
20241112,155726000,342.74,345.84,323.31,328.49
20241113,125405600,335.85,344.5999,322.50,330.24
20241114,120726100,327.69,329.98,310.37,311.18
20241115,114440300,310.57,324.6799,309.22,320.72
20241118,126547500,340.73,348.5499,330.01,338.74
20241119,88852450,335.76,347.3799,332.75,346.00
20241120,66340650,345.00,346.5999,334.30,342.03
20241121,58011720,343.81,347.9899,335.28,339.64
20241122,89140720,341.085,361.53,337.70,352.56
20241125,95890900,360.14,361.93,338.20,338.59
20241126,62295860,341.00,346.96,335.66,338.23
20241127,57896440,341.80,342.55,326.59,332.89
20241129,37167620,336.08,345.45,334.6501,345.16
20241202,77986480,352.38,360.00,351.1501,357.09
20241203,58267200,351.80,355.69,348.20,351.42
20241204,50810870,353.00,358.10,348.60,357.93
20241205,81403570,359.87,375.43,359.50,369.49
20241206,81455830,377.42,389.49,370.80,389.22
20241209,96359170,397.61,404.80,378.01,389.79
20241210,97563580,392.68,409.73,390.85,400.99
20241211,104287600,409.70,424.88,402.38,424.77
20241212,87752230,424.84,429.30,415.00,418.10
20241213,89000160,420.00,436.30,415.71,436.23
