Unnamed: 0_level_0,Unnamed: 1_level_0,Unnamed: 2_level_0,交易口數與契約金額,交易口數與契約金額,交易口數與契約金額,交易口數與契約金額,交易口數與契約金額,交易口數與契約金額,未平倉餘額,未平倉餘額,未平倉餘額,未平倉餘額,未平倉餘額,未平倉餘額
Unnamed: 0_level_1,Unnamed: 1_level_1,Unnamed: 2_level_1,多方,多方,空方,空方,多空淨額,多空淨額,多方,多方,空方,空方,多空淨額,多空淨額
序 號,商品 名稱,身份別,口數,契約 金額,口數,契約 金額,口數,契約 金額,口數,契約 金額,口數,契約 金額,口數,契約 金額
1,臺股期貨,自營商,11971,52302224,13213,57788886,-1242,-5486662,3319,14586657,10108,44510844,-6789,-29924187
1,臺股期貨,投信,582,2565078,245,1072738,337,1492340,18847,83096945,6985,30798262,11862,52298683
1,臺股期貨,外資,69512,303885686,64801,283241278,4711,20644407,33007,145514110,44146,194538995,-11139,-49024885
2,電子期貨,自營商,165,770040,182,848826,-17,-78786,199,934518,332,1558398,-133,-623880
2,電子期貨,投信,20,93200,17,79474,3,13726,165,774535,0,0,165,774535
2,電子期貨,外資,843,3924605,838,3902857,5,21748,667,3132215,802,3766186,-135,-633971
3,金融期貨,自營商,141,277058,137,269108,4,7950,202,397374,272,534658,-70,-137284
3,金融期貨,投信,0,0,0,0,0,0,9,17705,0,0,9,17705
3,金融期貨,外資,378,742730,438,860350,-60,-117620,393,773110,987,1941332,-594,-1168222
4,小型臺指期貨,自營商,23497,25637240,19222,20971520,4275,4665720,18732,20592242,10580,11618856,8152,8973386
4,小型臺指期貨,投信,8,8818,0,0,8,8818,157,173035,12,13228,145,159807
4,小型臺指期貨,外資,124769,136205840,114029,124415050,10740,11790790,7414,8172136,9154,10088091,-1740,-1915955
5,小型電子期貨,自營商,1226,711656,772,448211,454,263445,1583,929297,1092,641050,491,288247
5,小型電子期貨,投信,0,0,0,0,0,0,74,43442,0,0,74,43442
5,小型電子期貨,外資,2802,1628193,2739,1591913,63,36281,311,182573,176,103299,135,79274
6,小型金融期貨,自營商,51,25054,163,80054,-112,-55000,69,33934,173,85015,-104,-51081
6,小型金融期貨,投信,0,0,0,0,0,0,0,0,0,0,0,0
6,小型金融期貨,外資,132,64824,181,88905,-49,-24081,1,492,13,6393,-12,-5901
7,股票期貨,自營商,34337,9827131,29444,8916466,4893,910664,45816,10586935,314550,107582030,-268734,-96995095
7,股票期貨,投信,0,0,0,0,0,0,0,0,0,0,0,0
7,股票期貨,外資,177830,65822953,176570,65886936,1260,-63982,136700,83204228,230636,94511875,-93936,-11307647
8,ETF期貨,自營商,1044,1102422,1128,848834,-84,253587,932,936134,45795,18162110,-44863,-17225976
8,ETF期貨,投信,0,0,0,0,0,0,2475,2916084,2220,3738846,255,-822762
8,ETF期貨,外資,1068,1674430,1226,1795392,-158,-120961,4551,7920990,2741,1861839,1810,6059151
9,櫃買指數期貨,自營商,0,0,0,0,0,0,3,3162,0,0,3,3162
9,櫃買指數期貨,投信,0,0,0,0,0,0,0,0,0,0,0,0
9,櫃買指數期貨,外資,0,0,0,0,0,0,0,0,0,0,0,0
10,非金電期貨,自營商,142,227087,80,127815,62,99271,86,137341,131,209245,-45,-71904
10,非金電期貨,投信,0,0,0,0,0,0,0,0,0,0,0,0
10,非金電期貨,外資,41,65812,60,96327,-19,-30515,54,86551,6,9617,48,76934
11,富櫃200期貨,自營商,16,8232,0,0,16,8232,77,39868,47,24324,30,15544
11,富櫃200期貨,投信,0,0,0,0,0,0,34,17605,0,0,34,17605
11,富櫃200期貨,外資,1,516,0,0,1,516,1,518,8,4142,-7,-3624
12,臺灣永續期貨,自營商,42,47481,41,46337,1,1145,50,57114,51,58262,-1,-1148
12,臺灣永續期貨,投信,0,0,0,0,0,0,0,0,0,0,0,0
12,臺灣永續期貨,外資,0,0,1,1145,-1,-1145,0,0,1,1148,-1,-1148
13,臺灣生技期貨,自營商,0,0,1,212,-1,-212,0,0,49,10371,-49,-10371
13,臺灣生技期貨,投信,0,0,0,0,0,0,0,0,0,0,0,0
13,臺灣生技期貨,外資,0,0,0,0,0,0,0,0,0,0,0,0
14,半導體30期貨,自營商,219,66791,79,24085,140,42706,5,1547,282,86859,-277,-85312
14,半導體30期貨,投信,0,0,0,0,0,0,0,0,0,0,0,0
14,半導體30期貨,外資,44,13492,44,13501,0,-10,0,0,0,0,0,0
15,航運期貨,自營商,15,2836,32,6057,-17,-3221,39,7346,111,20802,-72,-13456
15,航運期貨,投信,0,0,0,0,0,0,0,0,0,0,0,0
15,航運期貨,外資,0,0,0,0,0,0,0,0,0,0,0,0
16,東證期貨,自營商,57,31410,203,111870,-146,-80460,2,1104,358,197984,-356,-196880
16,東證期貨,投信,0,0,0,0,0,0,0,0,0,0,0,0
16,東證期貨,外資,100,55201,162,89349,-62,-34148,0,0,341,188505,-341,-188505
17,美國標普500期貨,自營商,0,0,10,10712,-10,-10712,0,0,207,223074,-207,-223074
17,美國標普500期貨,投信,0,0,0,0,0,0,0,0,0,0,0,0
17,美國標普500期貨,外資,124,133669,120,130046,4,3623,75,80824,426,462971,-351,-382147
18,美國那斯達克100期貨,自營商,21,20186,13,12417,8,7769,47,45282,297,286145,-250,-240863
18,美國那斯達克100期貨,投信,0,0,0,0,0,0,0,0,0,0,0,0
18,美國那斯達克100期貨,外資,1431,1369282,1338,1282056,93,87226,165,160473,1885,1818403,-1720,-1657930
19,美國道瓊期貨,自營商,0,0,0,0,0,0,0,0,0,0,0,0
19,美國道瓊期貨,投信,0,0,0,0,0,0,8,6211,0,0,8,6211
19,美國道瓊期貨,外資,592,458176,584,452064,8,6112,198,154145,591,459927,-393,-305782
20,美國費城半導體期貨,自營商,117,50581,45,19211,72,31369,504,217405,184,80231,320,137174
20,美國費城半導體期貨,投信,0,0,0,0,0,0,82,35418,0,0,82,35418
20,美國費城半導體期貨,外資,150,64287,186,80305,-36,-16019,273,118454,923,398707,-650,-280253
21,英國富時100期貨,自營商,4,1631,14,5715,-10,-4084,328,134295,309,126523,19,7772
21,英國富時100期貨,投信,0,0,0,0,0,0,0,0,0,0,0,0
21,英國富時100期貨,外資,45,18360,36,14691,9,3669,4,1641,49,20114,-45,-18473
期貨 小計,期貨 小計,自營商,73065,91109060,64779,90536336,8286,572721,71993,49641555,384928,186016781,-312935,-136375226
期貨 小計,期貨 小計,投信,610,2667096,262,1152212,348,1514884,21851,87080980,9217,34550336,12634,52530644
期貨 小計,期貨 小計,外資,379862,516128056,363353,483942165,16509,32185891,183814,249502460,292885,310181544,-109071,-60679084
期貨合計,期貨合計,期貨合計,453537,609904212,428394,575630713,25143,34273496,277658,386224995,687030,530748661,-409372,-144523666
