20210412,265.5
20210413,265.0
20210414,261.5
20210415,256.0
20210416,257.0
20210419,259.0
20210420,266.0
20210421,269.5
20210422,268.0
20210423,257.0
20210426,258.5
20210427,264.0
20210428,260.0
20210429,260.0
20210503,258.0
20210504,256.0
20210505,250.5
20210506,246.0
20210507,262.0
20210510,265.0
20210511,256.0
20210512,240.0
20210513,234.5
20210514,241.0
20210517,221.0
20210518,231.5
20210519,240.0
20210520,243.0
20210521,243.0
20210524,241.5
20210525,253.0
20210526,262.5
20210527,257.0
20210528,262.0
20210531,263.0
20210601,266.0
20210602,264.5
20210603,264.0
20210604,262.0
20210607,269.0
20210608,267.0
20210609,268.5
20210610,270.0
20210611,272.5
20210615,267.5
20210616,271.0
20210617,271.0
20210618,273.0
20210621,272.0
20210622,270.5
20210623,270.0
20210624,275.5
20210625,288.0
20210628,278.0
20210629,273.5
20210630,270.0
20210701,274.5
20210702,271.5
20210705,273.5
20210706,279.5
20210707,275.5
20210708,271.0
20210709,269.5
20210712,266.5
20210713,269.5
20210714,270.0
20210715,270.0
20210716,271.0
20210719,272.0
20210720,265.5
20210721,267.5
20210722,265.5
20210723,264.5
20210726,265.0
20210727,263.5
20210728,256.0
20210729,246.0
20210730,245.0
20210802,242.5
20210803,236.5
20210804,240.5
20210805,241.5
20210806,240.5
20210809,234.0
20210810,228.0
20210811,232.5
20210812,229.0
20210813,226.5
20210816,226.0
20210817,222.0
20210818,218.0
20210819,217.0
20210820,207.5
20210823,209.5
20210824,223.0
20210825,221.0
20210826,223.0
20210827,216.5
20210830,216.0
20210831,215.5
20210901,215.5
20210902,216.5
20210903,216.5
20210906,214.0
20210907,225.0
20210908,219.0
20210909,211.0
20210910,212.5
20210913,212.5
20210914,213.0
20210915,216.5
20210916,218.0
20210917,221.5
20210922,227.0
20210923,228.0
20210924,240.0
20210927,241.0
20210928,238.5
20210929,228.0
20210930,233.0
20211001,230.0
20211004,228.5
20211005,231.5
20211006,238.5
20211007,240.5
20211008,239.5
20211012,234.0
20211013,236.0
20211014,233.0
20211015,241.5
20211018,245.0
20211019,234.5
20211020,233.0
20211021,241.5
20211022,247.0
20211025,243.5
20211026,238.0
20211027,236.0
20211028,232.5
20211029,236.0
20211101,232.0
20211102,234.0
20211103,235.0
20211104,232.0
20211105,228.0
20211108,230.5
20211109,236.0
20211110,237.5
20211111,242.0
20211112,242.0
20211115,248.5
20211116,253.0
20211117,257.0
20211118,256.0
20211119,257.5
20211122,260.0
20211123,259.5
20211124,263.0
20211125,258.0
20211126,260.0
20211129,258.0
20211130,258.0
20211201,254.0
20211202,250.0
20211203,252.0
20211206,264.5
20211207,264.0
20211208,270.5
20211209,257.0
20211210,251.0
20211213,259.5
20211214,265.5
20211215,275.0
20211216,274.5
20211217,271.5
20211220,259.0
20211221,260.5
20211222,262.5
20211223,265.0
20211224,268.5
20211227,290.5
20211228,298.0
20211229,296.5
20211230,287.0
20220103,286.0
20220104,282.5
20220105,284.5
20220106,283.0
20220107,283.0
20220110,276.0
20220111,277.0
20220112,269.0
20220113,272.0
20220114,272.0
20220117,276.5
20220118,284.5
20220119,280.5
20220120,283.0
20220121,277.5
20220124,277.0
20220125,277.0
20220126,278.5
20220207,261.5
20220208,269.5
20220209,262.5
20220210,268.5
20220211,269.5
20220214,269.5
20220215,277.5
20220216,280.5
20220217,284.5
20220218,286.5
20220221,283.5
20220222,276.0
20220223,272.0
20220224,272.5
20220225,271.0
20220301,268.5
20220302,271.0
20220303,274.5
20220304,271.0
20220307,269.5
20220308,256.5
20220309,259.0
20220310,265.0
20220311,268.0
20220314,260.0
20220315,255.0
20220316,234.0
20220317,238.0
20220318,247.0
20220321,252.0
20220322,259.0
20220323,258.0
20220324,253.0
20220325,256.0
20220328,252.5
20220329,256.5
20220330,254.0
20220331,258.0
20220401,261.0
20220406,261.0
20220407,254.5
20220408,251.5
20220411,260.5
20220412,248.0
20220413,251.0
20220414,257.0
20220415,254.5
20220418,253.0
20220419,254.5
20220420,257.5
20220421,278.0
20220422,272.0
20220425,271.0
20220426,257.5
20220427,255.5
20220428,255.0
20220429,262.0
20220503,259.5
20220504,260.0
20220505,258.0
20220506,250.0
20220509,250.5
20220510,245.0
20220511,248.5
20220512,248.0
20220513,245.0
20220516,256.5
20220517,259.0
20220518,259.0
20220519,259.0
20220520,258.0
20220523,265.0
20220524,262.5
20220525,257.0
20220526,261.0
20220527,260.5
20220530,262.5
20220531,264.0
20220601,258.5
20220602,261.5
20220606,254.0
20220607,263.5
20220608,266.0
20220609,265.5
20220610,265.0
20220613,262.5
20220614,264.5
20220615,264.5
20220616,259.5
20220617,259.0
20220620,258.0
20220621,250.0
20220622,254.5
20220623,257.0
20220624,253.0
20220627,262.0
20220628,261.0
20220629,255.5
20220630,254.0
20220701,254.0
20220704,236.0
20220705,241.0
20220706,242.0
20220707,241.0
20220708,242.5
20220711,250.0
20220712,245.0
20220713,244.5
20220714,247.0
20220715,248.5
20220718,253.0
20220719,250.0
20220720,254.0
20220721,247.0
20220722,246.5
20220725,257.0
20220726,261.5
20220727,271.0
20220728,277.0
20220729,272.0
20220801,278.0
20220802,273.5
20220803,271.5
20220804,269.5
20220805,272.5
20220808,269.5
20220809,269.0
20220810,273.0
20220811,278.0
20220812,281.5
20220815,277.5
20220816,278.0
20220817,278.5
20220818,285.0
20220819,279.0
20220822,276.0
20220823,273.0
20220824,271.0
20220825,283.0
20220826,279.5
20220829,272.0
20220830,273.0
20220831,280.0
20220901,279.0
20220902,280.5
20220905,283.5
20220906,285.0
20220907,280.0
20220908,279.0
20220912,280.0
20220913,281.0
20220914,272.0
20220915,277.5
20220916,280.0
20220919,280.0
20220920,275.0
20220921,273.0
20220922,265.5
20220923,265.5
20220926,262.0
20220927,256.5
20220928,263.5
20220929,262.0
20220930,263.0
20221003,265.0
20221004,264.0
20221005,279.0
20221006,282.5
20221007,282.0
20221011,282.0
20221012,279.0
20221013,283.0
20221014,291.0
20221017,284.0
20221018,283.0
20221019,283.0
20221020,281.0
20221021,283.0
20221024,294.0
20221025,266.0
20221026,241.5
20221027,245.5
20221028,250.5
20221031,252.5
20221101,251.5
20221102,253.5
20221103,255.0
20221104,257.0
20221107,261.0
20221108,262.5
20221109,270.0
20221110,278.0
20221111,283.0
20221114,278.0
20221115,272.0
20221116,275.0
20221117,274.5
20221118,281.0
20221121,271.5
20221122,275.5
20221123,269.0
20221124,270.5
20221125,273.0
20221128,272.5
20221129,273.0
20221130,270.0
20221201,272.0
20221202,267.5
20221205,275.0
20221206,277.0
20221207,274.5
20221208,268.0
20221209,272.5
20221212,280.0
20221213,281.0
20221214,283.0
20221215,287.0
20221216,288.0
20221219,286.5
20221220,284.5
20221221,279.0
20221222,275.0
20221223,272.5
20221226,277.0
20221227,277.0
20221228,276.0
20221229,276.0
20221230,280.0
20230103,275.0
20230104,274.0
20230105,276.5
20230106,276.5
20230109,276.5
20230110,275.0
20230111,278.0
20230112,288.0
20230113,286.5
20230116,281.0
20230117,284.0
20230130,292.0
20230131,286.5
20230201,291.0
20230202,289.0
20230203,287.5
20230206,303.5
20230207,312.0
20230208,306.0
20230209,305.5
20230210,311.0
20230213,307.0
20230214,305.0
20230215,304.5
20230216,303.0
20230217,298.0
20230220,296.5
20230221,296.0
20230222,296.0
20230223,298.5
20230224,296.0
20230301,291.0
20230302,295.0
20230303,305.0
20230306,298.0
20230307,300.0
20230308,300.5
20230309,303.0
20230310,305.0
20230313,294.0
20230314,297.0
20230315,298.5
20230316,295.5
20230317,297.0
20230320,300.0
20230321,299.5
20230322,305.5
20230323,307.0
20230324,311.0
20230327,314.0
20230328,316.0
20230329,315.0
20230330,328.5
20230331,345.0
20230406,339.5
20230407,338.0
20230410,336.5
20230410,336.5
20230411,339.5
20230412,344.0
20230413,341.0
20230414,334.0
20230417,338.5
20230418,339.0
20230419,339.5
20230420,333.5
20230421,337.5
20230424,343.0
20230425,355.0
20230426,338.5
20230427,336.5
20230428,337.5
20230502,340.0
20230503,340.0
20230504,349.0
20230505,351.0
20230508,350.5
20230509,349.0
20230510,344.0
20230511,351.0
20230512,346.0
20230515,351.0
20230516,354.5
20230517,357.0
20230518,357.0
20230519,354.5
20230522,353.0
20230523,348.0
20230524,352.0
20230525,349.0
20230526,349.0
20230529,352.0
20230530,359.5
20230531,361.5
20230601,360.5
20230602,355.5
20230605,356.0
20230606,358.0
20230607,359.5
20230608,354.0
20230609,349.5
20230612,356.0
20230613,352.5
20230614,353.0
20230615,357.5
20230616,366.0
20230619,366.5
20230620,370.0
20230621,372.0
20230626,363.0
20230627,372.5
20230628,370.0
20230629,367.5
20230630,368.5
20230703,366.5
20230704,370.0
20230705,371.0
20230706,371.5
20230707,369.0
20230710,369.0
20230711,376.0
20230712,372.5
20230713,376.5
20230714,377.0
20230717,371.0
20230718,372.0
20230719,358.0
20230720,334.0
20230721,334.0
20230724,350.0
20230725,349.5
20230726,347.0
20230727,332.5
20230728,338.0
20230731,338.5
20230801,337.5
20230802,325.5
20230804,315.0
20230807,325.0
20230808,327.0
20230809,326.5
20230810,324.0
20230811,314.0
20230814,318.0
20230815,318.0
20230816,318.0
20230817,318.5
20230818,322.5
20230821,323.0
20230822,322.0
20230823,321.5
20230824,324.0
20230825,318.5
20230828,319.5
20230829,320.0
20230830,319.0
20230831,310.0
20230901,308.0
20230904,312.5
20230905,320.0
20230906,321.5
20230907,320.0
20230908,320.0
20230911,321.5
20230912,316.0
20230913,316.0
20230914,316.5
20230915,315.5
20230918,310.0
20230919,308.5
20230920,308.0
20230921,301.0
20230922,304.5
20230925,306.5
20230926,313.0
20230927,314.5
20230928,322.0
20231002,325.0
20231003,323.5
20231004,321.0
20231005,325.0
20231006,327.5
20231011,326.5
20231012,321.5
20231013,324.5
20231016,323.5
20231017,325.0
20231018,327.5
20231019,322.0
20231020,317.0
20231023,306.0
20231024,305.5
20231025,318.0
20231026,298.5
20231027,294.5
20231030,288.5
20231031,286.0
20231101,277.0
20231102,272.0
20231103,274.5
20231106,280.0
20231107,288.5
20231108,284.0
20231109,287.5
20231110,288.0
20231113,282.5
20231114,280.0
20231115,285.0
20231116,277.5
20231117,276.5
20231120,273.0
20231121,273.0
20231122,274.0
20231123,279.5
20231124,280.0
20231127,279.5
20231128,277.0
20231129,285.0
20231130,288.5
20231201,289.0
20231204,291.5
20231205,286.5
20231206,287.5
20231207,285.5
20231208,290.0
20231211,291.5
20231212,296.5
20231213,295.0
20231214,302.0
20231215,296.0
20231218,301.0
20231219,290.0
20231220,296.0
20231221,291.0
20231222,294.0
20231225,296.0
20231226,295.0
20231227,294.5
20231228,297.0
20231229,299.5
20240102,301.5
20240103,295.0
20240104,285.0
20240105,287.0
20240108,284.5
20240109,279.5
20240110,274.0
20240111,275.5
20240112,277.0
20240115,273.0
20240116,273.0
20240117,266.0
20240118,262.5
20240119,263.0
20240122,270.0
20240123,265.0
20240124,269.0
20240125,267.0
20240126,264.0
20240129,262.0
20240130,262.5
20240131,258.0
20240201,257.5
20240202,259.5
20240205,262.5
20240215,256.0
20240216,261.0
20240219,258.5
20240220,258.5
20240221,257.0
20240222,258.0
20240223,255.5
20240226,256.5
20240227,258.0
20240229,255.5
20240301,259.5
20240304,266.5
20240305,266.5
20240306,265.0
20240307,265.0
20240308,264.5
20240311,266.5
20240312,269.5
20240313,269.0
20240314,270.5
20240315,267.0
20240318,265.0
20240319,260.0
20240320,261.5
20240321,265.0
20240322,273.0
20240325,279.5
20240326,282.0
20240327,277.5
20240328,274.0
20240329,282.0
20240401,280.0
20240402,286.5
20240403,288.0
