20220322,261,50
20220324,262,50
20220325,260,50
20220331,262,75
20220411,265,0
20220418,270.5,75
20220428,272,80
20220429,275,85
20220504,277.5,50
20220505,274.5,50
20220510,264,50
20220511,264.5,75
20220523,261.5,70
20220525,269,70
20220526,270,30
20220530,267,60
20220531,271,95
20220601,265,85
20220608,265.5,90
20220610,263.5,50
20220617,262,50
20220623,272,50
20220624,274,50
20220627,272,50
20220629,270,50
20220630,272.5,80
20220701,273,30
20220708,275.5,70
20220711,277.5,70
20220712,277.5,30
20220719,285.5,70
20220720,285.5,75
20220721,290,80
20220726,296,70
20220727,288.5,50
20220728,286,40
20220803,276.5,50
20220804,279,85
20220810,283,60
20220815,279.5,70
20220816,276,80
20220817,277,85
20220818,276.5,40
20220823,276.5,85
20220906,278.5,85
20220908,284,80
20220912,288,85
20220913,283.5,50
20220916,271.5,50
20220920,277.5,50
20220921,279,30
20220922,276,50
20220926,279.5,50
20220927,281,0
20221004,281,85
20221005,278,90
20221011,269,50
20221012,275.5,75
20221013,278,70
20221027,267,75
20221028,268,75
20221102,267,60
20221103,263,50
20221107,263,85
20221109,265,70
20221110,265,50
20221115,263.5,80
20221118,265.5,50
20221122,264.5,75
20221129,268.5,85
20221201,270,50
20221202,267.5,95
20221205,266.5,85
20221207,268.5,55
20221213,271,0
20221214,274,50
20221215,272,0
20221219,269,50
20221221,270,50
20221222,269,75
20221223,269.5,50
20221227,269.5,0
20221228,268.5,70
20221229,272,80
20221230,269,75
20230103,271,80
20230106,273.5,80
20230110,274.5,50
20230113,272.5,80
20230116,273,70
20230117,293.5,80
20230130,273,70
20230201,270.5,80
20230203,269,80
20230210,269.5,50
20230213,271,80
20230214,270.5,50
20230217,268,75
20230222,269,80
20230223,270,70
20230224,267,85
20230301,267,80
20230307,269.5,85
20230310,268,50
20230313,267,50
20230315,266.5,50
20230316,268,50
20230317,269,50
20230323,270.5,50
20230327,272.5,50
20230328,274,50
20230330,270,80
20230413,271.5,75
20230414,271,50
20230421,268.5,85
20230424,270.5,85
20230425,270.5,30
20230502,272.5,0
20230503,274,50
20230504,283.5,85
20230505,285,75
20230511,285.5,75
20230515,288.5,90
20230517,286.5,60
20230523,287,60
20230525,279,50
20230529,279,85
20230530,277,80
20230531,280,85
20230601,279.5,50
20230605,282.5,80
20230606,283.5,80
20230609,283.5,75
20230612,284.5,90
20230614,284,75
20230620,283.5,50
20230628,290,60
20230630,283,80
20230703,285,75
20230706,278.5,90
20230710,289.5,75
20230711,287,80
20230714,285,85
20230718,284.5,70
20230727,281,75
20230728,282.5,85
20230731,280,40
20230801,280.5,50
20230802,271.5,80
20230810,268.5,75
20230814,272,80
20230816,270,70
20230822,268.5,50
20230823,268.5,50
20230901,268.5,85
20230905,269,0
20230911,268.5,0
20230912,267.5,80
20230914,268.5,85
20230918,267.5,70
20230922,264.5,75
20230925,264,50
20230926,263.5,80
20230927,263.5,90
20231013,263,80
20231018,259,70
20231024,260,75
20231031,258.5,70
20231101,260.5,50
20231102,261,50
20231103,264,50
20231110,267.5,0
20231115,269.5,85
20231117,267.5,75
20231121,270,75
20231123,273.5,70
20231130,268.5,50
20231201,270,50
20231204,269.5,50
20231205,270.5,80
20231206,269,75
20231208,269.5,0
20231211,269,50
20231212,268.5,70
20231213,267.5,50
20231215,267,50
20231226,267.5,70
20240110,269,50
20240119,265,85
20240125,265,0
20240130,264.5,100
20240202,268,70
20240205,265.5,85
20240215,267,50
20240216,267,50
20240226,269.5,50
20240227,270.5,50
20240305,268.5,85
20240307,267.5,85
20240311,269.5,50
20240314,269,50